{"type":"FeatureCollection","features":[{"type":"Feature","geometry":{"type":"Point","coordinates":[15.5970585903578,-0.008070653253128057]},"properties":{"city":"Makoua","population":70600,"capital":"","tier":1}},{"type":"Feature","geometry":{"type":"Point","coordinates":[-74.10473254739972,4.634920075142489]},"properties":{"city":"Bogota","population":2757300,"capital":"primary","tier":3}},{"type":"Feature","geometry":{"type":"Point","coordinates":[-51.182205756963334,0.1305087865110579]},"properties":{"city":"Macapa","population":320000,"capital":"","tier":1}},{"type":"Feature","geometry":{"type":"Point","coordinates":[37.78900042158043,48.04683529949844]},"properties":{"city":"Donetsk","population":155400,"capital":"","tier":1}},{"type":"Feature","geometry":{"type":"Point","coordinates":[43.57657137671493,5.967900400496475]},"properties":{"city":"Gode","population":320000,"capital":"","tier":1}},{"type":"Feature","geometry":{"type":"Point","coordinates":[16.915404215455087,52.409361192517736]},"properties":{"city":"Poznan","population":320000,"capital":"","tier":1}},{"type":"Feature","geometry":{"type":"Point","coordinates":[-84.30061902145822,30.43056260503633]},"properties":{"city":"Tallahassee","population":297100,"capital":"","tier":1}},{"type":"Feature","geometry":{"type":"Point","coordinates":[2.634088611382051,48.524864190487364]},"properties":{"city":"Melun","population":220100,"capital":"","tier":1}},{"type":"Feature","geometry":{"type":"Point","coordinates":[126.29878554554097,39.779796782298064]},"properties":{"city":"Tokchon","population":120000,"capital":"","tier":1}},{"type":"Feature","geometry":{"type":"Point","coordinates":[-5.25820035452794,51.89086532622571]},"properties":{"city":"St Davids","population":320000,"capital":"","tier":1}},{"type":"Feature","geometry":{"type":"Point","coordinates":[8.76349445053826,36.940130683895205]},"properties":{"city":"Tabarka","population":130800,"capital":"","tier":1}},{"type":"Feature","geometry":{"type":"Point","coordinates":[-6.400676516427427,32.82825231785101]},"properties":{"city":"Bejaad","population":320000,"capital":"","tier":1}},{"type":"Feature","geometry":{"type":"Point","coordinates":[41.00314045506208,31.017518988358646]},"properties":{"city":"Ar ar","population":320000,"capital":"","tier":1}},{"type":"Feature","geometry":{"type":"Point","coordinates":[45.535272823514234,9.572449267694907]},"properties":{"city":"Burao","population":320000,"capital":"","tier":1}},{"type":"Feature","geometry":{"type":"Point","coordinates":[3.3763183801040006,6.496846341104259]},"properties":{"city":"Lagos","population":2200000,"capital":"","tier":2}},{"type":"Feature","geometry":{"type":"Point","coordinates":[138.19669997718128,36.67296150529059]},"properties":{"city":"Nagano","population":693300,"capital":"","tier":2}},{"type":"Feature","geometry":{"type":"Point","coordinates":[6.600346333532261,46.53897639672951]},"properties":{"city":"Lausanne","population":320000,"capital":"","tier":1}},{"type":"Feature","geometry":{"type":"Point","coordinates":[27.432934207771382,42.5259722590711]},"properties":{"city":"Burgas","population":88700,"capital":"","tier":1}},{"type":"Feature","geometry":{"type":"Point","coordinates":[70.44031356789654,34.474240220771435]},"properties":{"city":"Jalalabad","population":320000,"capital":"","tier":1}},{"type":"Feature","geometry":{"type":"Point","coordinates":[-57.395782306275976,-23.383779371561005]},"properties":{"city":"Concepcion (Paraguay)","population":90900,"capital":"","tier":1}},{"type":"Feature","geometry":{"type":"Point","coordinates":[72.65733049591104,32.13397054708335]},"properties":{"city":"Sargodha","population":320000,"capital":"","tier":1}},{"type":"Feature","geometry":{"type":"Point","coordinates":[143.143729179004,-9.018181081890845]},"properties":{"city":"Daru","population":141500,"capital":"","tier":1}},{"type":"Feature","geometry":{"type":"Point","coordinates":[-88.77999882038189,17.259515929907522]},"properties":{"city":"Belmopan","population":114600,"capital":"primary","tier":3}},{"type":"Feature","geometry":{"type":"Point","coordinates":[55.72673199029126,24.254959250213062]},"properties":{"city":"Al Ain","population":272400,"capital":"","tier":1}},{"type":"Feature","geometry":{"type":"Point","coordinates":[139.73933586510975,35.71453421468793]},"properties":{"city":"Tokyo","population":12659300,"capital":"primary","tier":3}},{"type":"Feature","geometry":{"type":"Point","coordinates":[-104.99404635740638,39.74217138401144]},"properties":{"city":"Denver","population":1139000,"capital":"","tier":2}},{"type":"Feature","geometry":{"type":"Point","coordinates":[-60.96960793335932,13.88246133041315]},"properties":{"city":"Saint Lucia","population":70900,"capital":"primary","tier":3}},{"type":"Feature","geometry":{"type":"Point","coordinates":[22.470015975042,40.29197928382439]},"properties":{"city":"Katerini","population":98200,"capital":"","tier":1}},{"type":"Feature","geometry":{"type":"Point","coordinates":[129.34135791118663,36.02206915071936]},"properties":{"city":"Pohang","population":205700,"capital":"","tier":1}},{"type":"Feature","geometry":{"type":"Point","coordinates":[28.534378919223233,44.169672366364125]},"properties":{"city":"Constanta","population":200600,"capital":"","tier":1}},{"type":"Feature","geometry":{"type":"Point","coordinates":[-69.98055316472293,12.519865398785413]},"properties":{"city":"Aruba","population":1022800,"capital":"primary","tier":3}},{"type":"Feature","geometry":{"type":"Point","coordinates":[57.474356441716715,22.994933233771675]},"properties":{"city":"Nizwa","population":65800,"capital":"","tier":1}},{"type":"Feature","geometry":{"type":"Point","coordinates":[-87.74474586972897,41.85370251005378]},"properties":{"city":"Chicago","population":1064500,"capital":"","tier":2}},{"type":"Feature","geometry":{"type":"Point","coordinates":[44.501683423814875,40.173015522242565]},"properties":{"city":"Yerevan","population":1008300,"capital":"primary","tier":3}},{"type":"Feature","geometry":{"type":"Point","coordinates":[22.340000115279533,48.60781546312566]},"properties":{"city":"Uzhhorod","population":121800,"capital":"","tier":1}},{"type":"Feature","geometry":{"type":"Point","coordinates":[119.55434602762782,39.96950221784334]},"properties":{"city":"Qinhuangdao","population":320000,"capital":"","tier":1}},{"type":"Feature","geometry":{"type":"Point","coordinates":[127.8912666155863,38.9547353329564]},"properties":{"city":"Tongchon-up","population":88200,"capital":"","tier":1}},{"type":"Feature","geometry":{"type":"Point","coordinates":[42.583211430200336,16.934637989094284]},"properties":{"city":"Jizan","population":320000,"capital":"","tier":1}},{"type":"Feature","geometry":{"type":"Point","coordinates":[116.34772074131347,37.451088915506304]},"properties":{"city":"Dezhou","population":320000,"capital":"","tier":1}},{"type":"Feature","geometry":{"type":"Point","coordinates":[21.78636674539918,54.660681056645814]},"properties":{"city":"Chernyakhovsk","population":172800,"capital":"","tier":1}},{"type":"Feature","geometry":{"type":"Point","coordinates":[-58.570395617531254,7.2686334928367415]},"properties":{"city":"Anna Regina","population":37500,"capital":"","tier":1}},{"type":"Feature","geometry":{"type":"Point","coordinates":[125.658985553554,39.623060057867434]},"properties":{"city":"Anju","population":125600,"capital":"","tier":1}},{"type":"Feature","geometry":{"type":"Point","coordinates":[0.09734744969207755,35.379823030668774]},"properties":{"city":"Mascara (Algeria)","population":189300,"capital":"","tier":1}},{"type":"Feature","geometry":{"type":"Point","coordinates":[130.29126019361544,33.26787194316094]},"properties":{"city":"Saga","population":320000,"capital":"","tier":1}},{"type":"Feature","geometry":{"type":"Point","coordinates":[35.33534173563234,37.02834439957938]},"properties":{"city":"Adana","population":320000,"capital":"","tier":1}},{"type":"Feature","geometry":{"type":"Point","coordinates":[15.763306326066864,4.285906846148691]},"properties":{"city":"Berberati","population":92000,"capital":"","tier":1}},{"type":"Feature","geometry":{"type":"Point","coordinates":[-114.02463023303591,46.85119206225622]},"properties":{"city":"Missoula","population":233700,"capital":"","tier":1}},{"type":"Feature","geometry":{"type":"Point","coordinates":[140.42572524046167,-8.484547372241991]},"properties":{"city":"Merauke","population":320000,"capital":"","tier":1}},{"type":"Feature","geometry":{"type":"Point","coordinates":[137.18811237909057,36.71484766341558]},"properties":{"city":"Toyama","population":320000,"capital":"","tier":1}},{"type":"Feature","geometry":{"type":"Point","coordinates":[-38.66788686387816,-3.8152816753952976]},"properties":{"city":"Fortaleza","population":2200000,"capital":"","tier":2}},{"type":"Feature","geometry":{"type":"Point","coordinates":[-1.4765492565410456,54.981878178642006]},"properties":{"city":"Newcastle upon Tyne","population":320000,"capital":"","tier":1}},{"type":"Feature","geometry":{"type":"Point","coordinates":[51.42957055453946,25.374799708236964]},"properties":{"city":"Doha","population":1104100,"capital":"primary","tier":3}},{"type":"Feature","geometry":{"type":"Point","coordinates":[126.32034866460012,41.15680190851984]},"properties":{"city":"Manpo","population":87400,"capital":"","tier":1}},{"type":"Feature","geometry":{"type":"Point","coordinates":[-66.7104509208447,45.91043959841292]},"properties":{"city":"Fredericton","population":320000,"capital":"","tier":1}},{"type":"Feature","geometry":{"type":"Point","coordinates":[25.170960509397734,0.5560091090306543]},"properties":{"city":"Kisangani","population":320000,"capital":"","tier":1}},{"type":"Feature","geometry":{"type":"Point","coordinates":[109.24438342645733,13.10999693320089]},"properties":{"city":"Tuy Hoa","population":320000,"capital":"","tier":1}},{"type":"Feature","geometry":{"type":"Point","coordinates":[-123.82112361623264,46.989881663847086]},"properties":{"city":"Aberdeen Washington","population":320000,"capital":"","tier":1}},{"type":"Feature","geometry":{"type":"Point","coordinates":[35.03836271742888,32.318862461776874]},"properties":{"city":"Tulkarm","population":32100,"capital":"","tier":1}},{"type":"Feature","geometry":{"type":"Point","coordinates":[-70.69741796537305,-33.43175902894206]},"properties":{"city":"Santiago","population":6462300,"capital":"primary","tier":3}},{"type":"Feature","geometry":{"type":"Point","coordinates":[127.15142353117855,35.83975802659339]},"properties":{"city":"Jeonju","population":688300,"capital":"","tier":2}},{"type":"Feature","geometry":{"type":"Point","coordinates":[106.69168147170957,26.640560308926]},"properties":{"city":"Guiyang","population":2200000,"capital":"","tier":2}},{"type":"Feature","geometry":{"type":"Point","coordinates":[-3.9950705236382293,5.307803595256132]},"properties":{"city":"Abidjan","population":2200000,"capital":"","tier":2}},{"type":"Feature","geometry":{"type":"Point","coordinates":[125.0245839785478,41.747643393338564]},"properties":{"city":"Xinbin","population":320000,"capital":"","tier":1}},{"type":"Feature","geometry":{"type":"Point","coordinates":[-13.695375232699174,13.798577613922902]},"properties":{"city":"Tambacounda","population":319500,"capital":"","tier":1}},{"type":"Feature","geometry":{"type":"Point","coordinates":[37.17839412460734,19.672949409441898]},"properties":{"city":"Port Sudan","population":320000,"capital":"","tier":1}},{"type":"Feature","geometry":{"type":"Point","coordinates":[97.39886288190107,23.16502688988605]},"properties":{"city":"Namtu","population":30400,"capital":"","tier":1}},{"type":"Feature","geometry":{"type":"Point","coordinates":[28.360167851178197,4.616665428859164]},"properties":{"city":"Yambio","population":211600,"capital":"","tier":1}},{"type":"Feature","geometry":{"type":"Point","coordinates":[142.3471532819597,43.80163942672374]},"properties":{"city":"Asahikawa","population":320000,"capital":"","tier":1}},{"type":"Feature","geometry":{"type":"Point","coordinates":[-71.6762000785112,10.65540369531351]},"properties":{"city":"Maracaibo","population":1301500,"capital":"","tier":2}},{"type":"Feature","geometry":{"type":"Point","coordinates":[37.9381328975673,36.53890075030532]},"properties":{"city":"Manbij","population":320000,"capital":"","tier":1}},{"type":"Feature","geometry":{"type":"Point","coordinates":[-2.4783425670978194,42.44949826795647]},"properties":{"city":"Logrono","population":287300,"capital":"","tier":1}},{"type":"Feature","geometry":{"type":"Point","coordinates":[135.01682888413058,44.28415106787057]},"properties":{"city":"Kavalerovo","population":227800,"capital":"","tier":1}},{"type":"Feature","geometry":{"type":"Point","coordinates":[-95.83550969390086,34.9317065553314]},"properties":{"city":"McAlester","population":320000,"capital":"","tier":1}},{"type":"Feature","geometry":{"type":"Point","coordinates":[21.19900667717528,45.79973884250839]},"properties":{"city":"Timisoara","population":285900,"capital":"","tier":1}},{"type":"Feature","geometry":{"type":"Point","coordinates":[-66.21785888596595,-17.396619802490193]},"properties":{"city":"Cochabamba","population":320000,"capital":"","tier":1}},{"type":"Feature","geometry":{"type":"Point","coordinates":[-65.48514629440841,-24.80638483375793]},"properties":{"city":"Salta","population":320000,"capital":"","tier":1}},{"type":"Feature","geometry":{"type":"Point","coordinates":[-4.758759497943283,10.655755483284509]},"properties":{"city":"Banfora","population":320000,"capital":"","tier":1}},{"type":"Feature","geometry":{"type":"Point","coordinates":[23.893717184473616,32.066347030188254]},"properties":{"city":"Tobruk","population":74200,"capital":"","tier":1}},{"type":"Feature","geometry":{"type":"Point","coordinates":[117.32388986873237,23.98782627530892]},"properties":{"city":"Yunxiao","population":320000,"capital":"","tier":1}},{"type":"Feature","geometry":{"type":"Point","coordinates":[5.32881344719017,50.91879111585877]},"properties":{"city":"Hasselt","population":320000,"capital":"","tier":1}},{"type":"Feature","geometry":{"type":"Point","coordinates":[28.960558256307223,-20.93089058233359]},"properties":{"city":"Gwanda","population":320000,"capital":"","tier":1}},{"type":"Feature","geometry":{"type":"Point","coordinates":[23.3671402135792,24.267602725557026]},"properties":{"city":"Al Jawf","population":73700,"capital":"","tier":1}},{"type":"Feature","geometry":{"type":"Point","coordinates":[38.00201418827477,48.33085728610885]},"properties":{"city":"Horlivka","population":109500,"capital":"","tier":1}},{"type":"Feature","geometry":{"type":"Point","coordinates":[-110.9565625192776,29.103417168292424]},"properties":{"city":"Hermosillo","population":320000,"capital":"","tier":1}},{"type":"Feature","geometry":{"type":"Point","coordinates":[2.2965563286586455,49.889575061348864]},"properties":{"city":"Amiens","population":243800,"capital":"","tier":1}},{"type":"Feature","geometry":{"type":"Point","coordinates":[-82.78011552735109,22.822021939271977]},"properties":{"city":"Artemisa","population":139400,"capital":"","tier":1}},{"type":"Feature","geometry":{"type":"Point","coordinates":[30.1713687283446,51.271538356959894]},"properties":{"city":"Chernobyl","population":126100,"capital":"","tier":1}},{"type":"Feature","geometry":{"type":"Point","coordinates":[38.05985659542946,48.714307132446066]},"properties":{"city":"Soledar","population":161200,"capital":"","tier":1}},{"type":"Feature","geometry":{"type":"Point","coordinates":[139.59590384111686,35.43788754498186]},"properties":{"city":"Yokohama","population":1158500,"capital":"","tier":2}},{"type":"Feature","geometry":{"type":"Point","coordinates":[-68.02889183650473,10.152720599993316]},"properties":{"city":"Valencia (Venezuela)","population":1497900,"capital":"","tier":2}},{"type":"Feature","geometry":{"type":"Point","coordinates":[129.82816125484266,42.98317857106474]},"properties":{"city":"Tumen","population":320000,"capital":"","tier":1}},{"type":"Feature","geometry":{"type":"Point","coordinates":[4.365696485208284,50.83223726976328]},"properties":{"city":"Brussels","population":1510100,"capital":"primary","tier":3}},{"type":"Feature","geometry":{"type":"Point","coordinates":[46.03496293833896,39.50267720486286]},"properties":{"city":"Sisian","population":51700,"capital":"","tier":1}},{"type":"Feature","geometry":{"type":"Point","coordinates":[-89.87357756182669,14.284206931512543]},"properties":{"city":"Jutiapa","population":320000,"capital":"","tier":1}},{"type":"Feature","geometry":{"type":"Point","coordinates":[120.95137786840644,24.81097697392434]},"properties":{"city":"Hsinchu","population":320000,"capital":"","tier":1}},{"type":"Feature","geometry":{"type":"Point","coordinates":[50.894625943173565,34.67906875650088]},"properties":{"city":"Qom","population":320000,"capital":"","tier":1}},{"type":"Feature","geometry":{"type":"Point","coordinates":[16.301961500581204,-17.50549977230287]},"properties":{"city":"Eenhana","population":38300,"capital":"","tier":1}},{"type":"Feature","geometry":{"type":"Point","coordinates":[104.04809919749364,20.4375504498542]},"properties":{"city":"Xam Neua","population":87500,"capital":"","tier":1}},{"type":"Feature","geometry":{"type":"Point","coordinates":[6.568598523897337,36.41687248199419]},"properties":{"city":"Constantine","population":2032700,"capital":"","tier":2}},{"type":"Feature","geometry":{"type":"Point","coordinates":[12.454293489151281,9.209030734312009]},"properties":{"city":"Yola","population":320000,"capital":"","tier":1}},{"type":"Feature","geometry":{"type":"Point","coordinates":[74.87330107931564,12.900082603725437]},"properties":{"city":"Mangaluru","population":320000,"capital":"","tier":1}},{"type":"Feature","geometry":{"type":"Point","coordinates":[42.696384195819526,42.324884797631256]},"properties":{"city":"Kutaisi","population":295300,"capital":"","tier":1}},{"type":"Feature","geometry":{"type":"Point","coordinates":[-21.15231343230824,63.95596655079734]},"properties":{"city":"Selfoss","population":16000,"capital":"","tier":1}},{"type":"Feature","geometry":{"type":"Point","coordinates":[-16.21490870672883,15.614180746432737]},"properties":{"city":"Louga","population":296700,"capital":"","tier":1}},{"type":"Feature","geometry":{"type":"Point","coordinates":[46.453715296159494,-15.762321808809745]},"properties":{"city":"Mahajanga","population":320000,"capital":"","tier":1}},{"type":"Feature","geometry":{"type":"Point","coordinates":[104.65394595334521,16.60026763970862]},"properties":{"city":"Mukdahan","population":320000,"capital":"","tier":1}},{"type":"Feature","geometry":{"type":"Point","coordinates":[-80.10953476547238,40.46005802464802]},"properties":{"city":"Pittsburgh","population":909100,"capital":"","tier":2}},{"type":"Feature","geometry":{"type":"Point","coordinates":[138.34454153059377,35.02316054150559]},"properties":{"city":"Shizuoka","population":320000,"capital":"","tier":1}},{"type":"Feature","geometry":{"type":"Point","coordinates":[12.728678361521508,32.78238618162145]},"properties":{"city":"Al Zawiyah","population":71500,"capital":"","tier":1}},{"type":"Feature","geometry":{"type":"Point","coordinates":[-64.28685464548154,-54.77114877025435]},"properties":{"city":"Staten Island","population":320000,"capital":"","tier":1}},{"type":"Feature","geometry":{"type":"Point","coordinates":[5.19361075601508,13.098477177284977]},"properties":{"city":"Sokoto","population":320000,"capital":"","tier":1}},{"type":"Feature","geometry":{"type":"Point","coordinates":[26.09697757657653,52.16259358118444]},"properties":{"city":"Pinsk","population":210600,"capital":"","tier":1}},{"type":"Feature","geometry":{"type":"Point","coordinates":[-118.0877655997522,45.31997766552371]},"properties":{"city":"La Grande","population":320000,"capital":"","tier":1}},{"type":"Feature","geometry":{"type":"Point","coordinates":[-70.09246490500628,-20.24392346096316]},"properties":{"city":"Iquique","population":252600,"capital":"","tier":1}},{"type":"Feature","geometry":{"type":"Point","coordinates":[22.780279887827657,10.280034439639877]},"properties":{"city":"Birao","population":61100,"capital":"","tier":1}},{"type":"Feature","geometry":{"type":"Point","coordinates":[78.94267588962636,11.75122789775412]},"properties":{"city":"Kallakurichi","population":320000,"capital":"","tier":1}},{"type":"Feature","geometry":{"type":"Point","coordinates":[120.67753952447126,24.457097269468775]},"properties":{"city":"Yuanli","population":320000,"capital":"","tier":1}},{"type":"Feature","geometry":{"type":"Point","coordinates":[33.61075990101855,40.59815628747768]},"properties":{"city":"Cankiri","population":320000,"capital":"","tier":1}},{"type":"Feature","geometry":{"type":"Point","coordinates":[21.903169387408525,43.40047473090016]},"properties":{"city":"Nis","population":87800,"capital":"","tier":1}},{"type":"Feature","geometry":{"type":"Point","coordinates":[89.21614022323622,25.820267762648484]},"properties":{"city":"Rangpur","population":320000,"capital":"","tier":1}},{"type":"Feature","geometry":{"type":"Point","coordinates":[21.39435938692633,43.856872687610036]},"properties":{"city":"Paracin","population":136600,"capital":"","tier":1}},{"type":"Feature","geometry":{"type":"Point","coordinates":[-91.71299187151656,41.977942917886224]},"properties":{"city":"Waterloo","population":267800,"capital":"","tier":1}},{"type":"Feature","geometry":{"type":"Point","coordinates":[126.86243716642944,35.16193725921475]},"properties":{"city":"Gwangju","population":590200,"capital":"","tier":2}},{"type":"Feature","geometry":{"type":"Point","coordinates":[43.99778437135322,13.601311926495157]},"properties":{"city":"Ta izz","population":320000,"capital":"","tier":1}},{"type":"Feature","geometry":{"type":"Point","coordinates":[73.78496797097708,19.993079171671326]},"properties":{"city":"Nashik","population":320000,"capital":"","tier":1}},{"type":"Feature","geometry":{"type":"Point","coordinates":[9.461568415289005,0.47253697445357545]},"properties":{"city":"Libreville","population":712400,"capital":"primary","tier":3}},{"type":"Feature","geometry":{"type":"Point","coordinates":[-97.3623034664583,37.691808551042]},"properties":{"city":"Wichita","population":236100,"capital":"","tier":1}},{"type":"Feature","geometry":{"type":"Point","coordinates":[37.97833954032232,2.3314532233696923]},"properties":{"city":"Marsabit","population":320000,"capital":"","tier":1}},{"type":"Feature","geometry":{"type":"Point","coordinates":[-73.23168116873683,41.18767982884086]},"properties":{"city":"Bridgeport","population":791900,"capital":"","tier":2}},{"type":"Feature","geometry":{"type":"Point","coordinates":[26.573686071367757,48.70893909552325]},"properties":{"city":"Kamianets-Podilskyi","population":144500,"capital":"","tier":1}},{"type":"Feature","geometry":{"type":"Point","coordinates":[69.24750055803352,41.31647337463002]},"properties":{"city":"Tashkent","population":2600200,"capital":"primary","tier":3}},{"type":"Feature","geometry":{"type":"Point","coordinates":[127.27528590448819,42.3475385696718]},"properties":{"city":"Fusong","population":320000,"capital":"","tier":1}},{"type":"Feature","geometry":{"type":"Point","coordinates":[1.8458041405237418,50.95410776391631]},"properties":{"city":"Calais","population":304800,"capital":"","tier":1}},{"type":"Feature","geometry":{"type":"Point","coordinates":[133.85605862616745,44.18656989119421]},"properties":{"city":"Chuguyevka","population":187900,"capital":"","tier":1}},{"type":"Feature","geometry":{"type":"Point","coordinates":[-103.71158417957759,35.20729219245402]},"properties":{"city":"Tucumcari","population":252500,"capital":"","tier":1}},{"type":"Feature","geometry":{"type":"Point","coordinates":[24.396351516341408,40.97826976542805]},"properties":{"city":"Kavala","population":809200,"capital":"","tier":2}},{"type":"Feature","geometry":{"type":"Point","coordinates":[117.61375064685978,24.14528445670446]},"properties":{"city":"Zhangpu","population":320000,"capital":"","tier":1}},{"type":"Feature","geometry":{"type":"Point","coordinates":[-8.522931489502664,51.92345019558189]},"properties":{"city":"Cork","population":196700,"capital":"","tier":1}},{"type":"Feature","geometry":{"type":"Point","coordinates":[129.07328390094344,35.193321638536744]},"properties":{"city":"Busan","population":584400,"capital":"","tier":2}},{"type":"Feature","geometry":{"type":"Point","coordinates":[-0.25296092767502326,5.607434551992952]},"properties":{"city":"Accra","population":2304100,"capital":"primary","tier":3}},{"type":"Feature","geometry":{"type":"Point","coordinates":[43.120225193375205,36.443923550907286]},"properties":{"city":"Mosul","population":1946700,"capital":"","tier":2}},{"type":"Feature","geometry":{"type":"Point","coordinates":[26.58404754129974,67.4525656977176]},"properties":{"city":"Sodankyla","population":93700,"capital":"","tier":1}},{"type":"Feature","geometry":{"type":"Point","coordinates":[-4.3057308333771145,55.859069447092764]},"properties":{"city":"Glasgow","population":2200000,"capital":"","tier":2}},{"type":"Feature","geometry":{"type":"Point","coordinates":[-3.79350646942426,37.795768626181314]},"properties":{"city":"Jaen","population":320000,"capital":"","tier":1}},{"type":"Feature","geometry":{"type":"Point","coordinates":[106.74485939540922,39.67138143956956]},"properties":{"city":"Wuhai","population":320000,"capital":"","tier":1}},{"type":"Feature","geometry":{"type":"Point","coordinates":[-77.44502095958588,37.53809053315342]},"properties":{"city":"Richmond","population":983500,"capital":"","tier":2}},{"type":"Feature","geometry":{"type":"Point","coordinates":[133.4098145718063,45.47886647064962]},"properties":{"city":"Lesozavodsk","population":172800,"capital":"","tier":1}},{"type":"Feature","geometry":{"type":"Point","coordinates":[25.535925549445256,29.244679413640483]},"properties":{"city":"Siwa Oasis","population":320000,"capital":"","tier":1}},{"type":"Feature","geometry":{"type":"Point","coordinates":[128.06688383349555,35.01476501540844]},"properties":{"city":"Sacheon","population":214500,"capital":"","tier":1}},{"type":"Feature","geometry":{"type":"Point","coordinates":[-122.63034925896355,45.670342430117756]},"properties":{"city":"Vancouver","population":282400,"capital":"","tier":1}},{"type":"Feature","geometry":{"type":"Point","coordinates":[-2.958931935777835,53.42241394773811]},"properties":{"city":"Liverpool","population":320000,"capital":"","tier":1}},{"type":"Feature","geometry":{"type":"Point","coordinates":[145.797670904964,-16.993414055556144]},"properties":{"city":"Cairns","population":185400,"capital":"","tier":1}},{"type":"Feature","geometry":{"type":"Point","coordinates":[120.06441812162977,30.921699621179798]},"properties":{"city":"Huzhou","population":320000,"capital":"","tier":1}},{"type":"Feature","geometry":{"type":"Point","coordinates":[172.63307987631063,-43.52933862398256]},"properties":{"city":"Christchurch","population":30900,"capital":"","tier":1}},{"type":"Feature","geometry":{"type":"Point","coordinates":[29.79788407261083,-19.482136442732298]},"properties":{"city":"Gweru","population":320000,"capital":"","tier":1}},{"type":"Feature","geometry":{"type":"Point","coordinates":[133.47379612580787,44.44516019240618]},"properties":{"city":"Yakovlevka","population":226700,"capital":"","tier":1}},{"type":"Feature","geometry":{"type":"Point","coordinates":[-56.166180857429175,-15.52286610977822]},"properties":{"city":"Cuiaba","population":320000,"capital":"","tier":1}},{"type":"Feature","geometry":{"type":"Point","coordinates":[-83.41814713261478,14.045861440294601]},"properties":{"city":"Bilwi","population":155100,"capital":"","tier":1}},{"type":"Feature","geometry":{"type":"Point","coordinates":[70.60715767680007,37.1777713308595]},"properties":{"city":"Fayzabad","population":320000,"capital":"","tier":1}},{"type":"Feature","geometry":{"type":"Point","coordinates":[133.5254397263626,-2.1025338061800483]},"properties":{"city":"Bintuni","population":320000,"capital":"","tier":1}},{"type":"Feature","geometry":{"type":"Point","coordinates":[29.92340752821869,-3.4334083030244926]},"properties":{"city":"Gitega","population":1178200,"capital":"primary","tier":3}},{"type":"Feature","geometry":{"type":"Point","coordinates":[126.7157919933953,37.62744670419687]},"properties":{"city":"Gimpo","population":136100,"capital":"","tier":1}},{"type":"Feature","geometry":{"type":"Point","coordinates":[79.600503350907,17.943011036298145]},"properties":{"city":"Warangal","population":320000,"capital":"","tier":1}},{"type":"Feature","geometry":{"type":"Point","coordinates":[120.6366598981587,18.21266706438449]},"properties":{"city":"Laoag","population":320000,"capital":"","tier":1}},{"type":"Feature","geometry":{"type":"Point","coordinates":[-9.032746626425038,53.289985926860396]},"properties":{"city":"Galway","population":244200,"capital":"","tier":1}},{"type":"Feature","geometry":{"type":"Point","coordinates":[13.363748688908139,49.75815279379108]},"properties":{"city":"Pilsen","population":320000,"capital":"","tier":1}},{"type":"Feature","geometry":{"type":"Point","coordinates":[88.59955503315835,24.44472177489024]},"properties":{"city":"Rajshahi","population":320000,"capital":"","tier":1}},{"type":"Feature","geometry":{"type":"Point","coordinates":[-49.6461179175014,62.002819809056405]},"properties":{"city":"Paamiut","population":4000,"capital":"","tier":1}},{"type":"Feature","geometry":{"type":"Point","coordinates":[43.63973443577852,42.54032630017974]},"properties":{"city":"Kvaisa","population":320000,"capital":"","tier":1}},{"type":"Feature","geometry":{"type":"Point","coordinates":[-99.04776210545535,19.58124413093047]},"properties":{"city":"Ecatepec","population":1732200,"capital":"","tier":2}},{"type":"Feature","geometry":{"type":"Point","coordinates":[45.97104828871887,51.57676783355345]},"properties":{"city":"Saratov","population":161800,"capital":"","tier":1}},{"type":"Feature","geometry":{"type":"Point","coordinates":[121.42575437196432,37.47038904345176]},"properties":{"city":"Yantai","population":2200000,"capital":"","tier":2}},{"type":"Feature","geometry":{"type":"Point","coordinates":[-104.25982910039126,32.41505623571095]},"properties":{"city":"Carlsbad","population":223300,"capital":"","tier":1}},{"type":"Feature","geometry":{"type":"Point","coordinates":[20.826553463869715,-7.391689216721673]},"properties":{"city":"Dundo","population":233900,"capital":"","tier":1}},{"type":"Feature","geometry":{"type":"Point","coordinates":[44.936638512346455,38.60303976262759]},"properties":{"city":"Khoy","population":320000,"capital":"","tier":1}},{"type":"Feature","geometry":{"type":"Point","coordinates":[103.1758143036574,23.428864497754105]},"properties":{"city":"Gejiu","population":320000,"capital":"","tier":1}},{"type":"Feature","geometry":{"type":"Point","coordinates":[-113.45675189211454,53.552175352199384]},"properties":{"city":"Edmonton CA","population":763000,"capital":"","tier":2}},{"type":"Feature","geometry":{"type":"Point","coordinates":[31.61209000793532,-17.288913924812178]},"properties":{"city":"Shamva","population":320000,"capital":"","tier":1}},{"type":"Feature","geometry":{"type":"Point","coordinates":[-58.36726306565181,6.005721795349004]},"properties":{"city":"Linden","population":37600,"capital":"","tier":1}},{"type":"Feature","geometry":{"type":"Point","coordinates":[138.58412752825626,-34.9065646489362]},"properties":{"city":"Adelaide","population":581800,"capital":"","tier":2}},{"type":"Feature","geometry":{"type":"Point","coordinates":[87.24942106807441,26.507251071202518]},"properties":{"city":"Biratmagar","population":320000,"capital":"","tier":1}},{"type":"Feature","geometry":{"type":"Point","coordinates":[47.976976801207165,29.29533277100022]},"properties":{"city":"Kuwait","population":703000,"capital":"primary","tier":3}},{"type":"Feature","geometry":{"type":"Point","coordinates":[-1.6440494948700415,6.723555864255232]},"properties":{"city":"Kumasi","population":2200000,"capital":"","tier":2}},{"type":"Feature","geometry":{"type":"Point","coordinates":[27.236342799495187,31.346912900364174]},"properties":{"city":"Marsa Matruh","population":320000,"capital":"","tier":1}},{"type":"Feature","geometry":{"type":"Point","coordinates":[23.85584248806726,54.92762535199142]},"properties":{"city":"Kaunas","population":188900,"capital":"","tier":1}},{"type":"Feature","geometry":{"type":"Point","coordinates":[133.5052621226436,33.58420670526972]},"properties":{"city":"Kochi","population":320000,"capital":"","tier":1}},{"type":"Feature","geometry":{"type":"Point","coordinates":[131.83765579571616,43.03808192060046]},"properties":{"city":"Vladivostok","population":813800,"capital":"","tier":2}},{"type":"Feature","geometry":{"type":"Point","coordinates":[-72.9989927141163,-41.45546205546441]},"properties":{"city":"Puerto Montt","population":181900,"capital":"","tier":1}},{"type":"Feature","geometry":{"type":"Point","coordinates":[-68.15568026532651,-16.520402712698868]},"properties":{"city":"La Paz","population":748600,"capital":"","tier":2}},{"type":"Feature","geometry":{"type":"Point","coordinates":[39.1379792373757,51.68186163254046]},"properties":{"city":"Voronezh","population":168300,"capital":"","tier":1}},{"type":"Feature","geometry":{"type":"Point","coordinates":[93.59333639160211,27.103096088872178]},"properties":{"city":"Itanagar","population":320000,"capital":"","tier":1}},{"type":"Feature","geometry":{"type":"Point","coordinates":[140.45386858543458,37.77020281674301]},"properties":{"city":"Fukushima","population":716600,"capital":"","tier":2}},{"type":"Feature","geometry":{"type":"Point","coordinates":[15.769635049014173,40.65167500802201]},"properties":{"city":"Potenza","population":320000,"capital":"","tier":1}},{"type":"Feature","geometry":{"type":"Point","coordinates":[3.868132893556999,43.62375234208804]},"properties":{"city":"Montpellier","population":200900,"capital":"","tier":1}},{"type":"Feature","geometry":{"type":"Point","coordinates":[73.0846818162739,34.17388029117177]},"properties":{"city":"Abottabad","population":320000,"capital":"","tier":1}},{"type":"Feature","geometry":{"type":"Point","coordinates":[135.1715167730367,34.2620676191917]},"properties":{"city":"Wakayama","population":320000,"capital":"","tier":1}},{"type":"Feature","geometry":{"type":"Point","coordinates":[61.305874918705996,55.181184355775656]},"properties":{"city":"Chelyabinsk","population":1102000,"capital":"","tier":2}},{"type":"Feature","geometry":{"type":"Point","coordinates":[8.530979156600093,40.73682101619315]},"properties":{"city":"Sassari","population":320000,"capital":"","tier":1}},{"type":"Feature","geometry":{"type":"Point","coordinates":[32.84657659789503,35.12246582312244]},"properties":{"city":"Lefke","population":75300,"capital":"","tier":1}},{"type":"Feature","geometry":{"type":"Point","coordinates":[122.73886089895953,-0.942208688675322]},"properties":{"city":"Luwuk","population":320000,"capital":"","tier":1}},{"type":"Feature","geometry":{"type":"Point","coordinates":[144.37140316496905,43.046696402808806]},"properties":{"city":"Kushiro","population":320000,"capital":"","tier":1}},{"type":"Feature","geometry":{"type":"Point","coordinates":[166.9314545589592,-0.5155735587495229]},"properties":{"city":"Nauru","population":18000,"capital":"primary","tier":3}},{"type":"Feature","geometry":{"type":"Point","coordinates":[127.4889111039974,34.9617842778289]},"properties":{"city":"Suncheon","population":216600,"capital":"","tier":1}},{"type":"Feature","geometry":{"type":"Point","coordinates":[-6.824011904968609,34.03304053933485]},"properties":{"city":"Rabat","population":1217100,"capital":"","tier":2}},{"type":"Feature","geometry":{"type":"Point","coordinates":[-99.33657460605174,38.88195469745713]},"properties":{"city":"Hays","population":283100,"capital":"","tier":1}},{"type":"Feature","geometry":{"type":"Point","coordinates":[128.3498075472359,36.13082904800122]},"properties":{"city":"Gumi","population":165100,"capital":"","tier":1}},{"type":"Feature","geometry":{"type":"Point","coordinates":[104.95605227219583,13.78018192644653]},"properties":{"city":"Preah Vihear Municipality","population":221400,"capital":"","tier":1}},{"type":"Feature","geometry":{"type":"Point","coordinates":[7.438402236732229,9.086000521708257]},"properties":{"city":"Abuja","population":1280900,"capital":"primary","tier":3}},{"type":"Feature","geometry":{"type":"Point","coordinates":[-97.13190973458633,49.894040151728774]},"properties":{"city":"Winnipeg","population":320000,"capital":"","tier":1}},{"type":"Feature","geometry":{"type":"Point","coordinates":[114.50283916518602,36.66142892366892]},"properties":{"city":"Handan","population":320000,"capital":"","tier":1}},{"type":"Feature","geometry":{"type":"Point","coordinates":[67.0092255595897,30.26226361956674]},"properties":{"city":"Quetta","population":320000,"capital":"","tier":1}},{"type":"Feature","geometry":{"type":"Point","coordinates":[34.449150367542735,31.50824043955022]},"properties":{"city":"Gaza","population":387500,"capital":"primary","tier":3}},{"type":"Feature","geometry":{"type":"Point","coordinates":[-93.64000775219992,41.55914429217643]},"properties":{"city":"Des Moines","population":285100,"capital":"","tier":1}},{"type":"Feature","geometry":{"type":"Point","coordinates":[14.246395160072272,46.621333725656456]},"properties":{"city":"Klagenfurt","population":310700,"capital":"","tier":1}},{"type":"Feature","geometry":{"type":"Point","coordinates":[15.403181710922121,10.344453972759965]},"properties":{"city":"Bongor","population":134900,"capital":"","tier":1}},{"type":"Feature","geometry":{"type":"Point","coordinates":[104.15517506399657,10.633053057978913]},"properties":{"city":"Kampot","population":265400,"capital":"","tier":1}},{"type":"Feature","geometry":{"type":"Point","coordinates":[112.91128400701803,28.28010935764472]},"properties":{"city":"Changsa","population":2200000,"capital":"","tier":2}},{"type":"Feature","geometry":{"type":"Point","coordinates":[121.59718289314144,13.94676940448879]},"properties":{"city":"Lucena","population":320000,"capital":"","tier":1}},{"type":"Feature","geometry":{"type":"Point","coordinates":[11.390876193194682,53.63463811300659]},"properties":{"city":"Schwerin","population":320000,"capital":"","tier":1}},{"type":"Feature","geometry":{"type":"Point","coordinates":[72.82654416606111,21.231065772848012]},"properties":{"city":"Surat","population":320000,"capital":"","tier":1}},{"type":"Feature","geometry":{"type":"Point","coordinates":[45.59129856412947,39.40360891807603]},"properties":{"city":"Shakhbuz","population":114900,"capital":"","tier":1}},{"type":"Feature","geometry":{"type":"Point","coordinates":[-9.669254618368122,16.712815336772408]},"properties":{"city":"Ayoun el Atrous","population":76100,"capital":"","tier":1}},{"type":"Feature","geometry":{"type":"Point","coordinates":[127.3759448847833,36.36988303150474]},"properties":{"city":"Daejeon","population":590300,"capital":"","tier":2}},{"type":"Feature","geometry":{"type":"Point","coordinates":[-97.46248419131628,27.758506932705927]},"properties":{"city":"Corpus Christi","population":320000,"capital":"","tier":1}},{"type":"Feature","geometry":{"type":"Point","coordinates":[30.21637026779785,48.77898085496534]},"properties":{"city":"Uman","population":111000,"capital":"","tier":1}},{"type":"Feature","geometry":{"type":"Point","coordinates":[13.163293249710694,11.855007316404382]},"properties":{"city":"Maiduguri","population":320000,"capital":"","tier":1}},{"type":"Feature","geometry":{"type":"Point","coordinates":[123.16539495322738,41.28151916086037]},"properties":{"city":"Liaoyang","population":320000,"capital":"","tier":1}},{"type":"Feature","geometry":{"type":"Point","coordinates":[46.166568838437236,48.322749537213184]},"properties":{"city":"Akhtubinsk","population":247700,"capital":"","tier":1}},{"type":"Feature","geometry":{"type":"Point","coordinates":[37.46206548413613,12.58661943765128]},"properties":{"city":"Gonder","population":320000,"capital":"","tier":1}},{"type":"Feature","geometry":{"type":"Point","coordinates":[40.13596514996482,45.87678942174145]},"properties":{"city":"Tikhoretsk","population":206500,"capital":"","tier":1}},{"type":"Feature","geometry":{"type":"Point","coordinates":[22.09689679888014,37.05605994873214]},"properties":{"city":"Kalamata","population":116300,"capital":"","tier":1}},{"type":"Feature","geometry":{"type":"Point","coordinates":[-34.976641105122454,-7.130137979578322]},"properties":{"city":"Joao Pessoa","population":320000,"capital":"","tier":1}},{"type":"Feature","geometry":{"type":"Point","coordinates":[-87.16799056377978,45.763988400557594]},"properties":{"city":"Escanaba","population":277300,"capital":"","tier":1}},{"type":"Feature","geometry":{"type":"Point","coordinates":[29.905066127263918,31.18102185450418]},"properties":{"city":"Alexandria (Egypt)","population":2200000,"capital":"","tier":2}},{"type":"Feature","geometry":{"type":"Point","coordinates":[30.421493071694176,54.563787694502594]},"properties":{"city":"Orsha","population":203300,"capital":"","tier":1}},{"type":"Feature","geometry":{"type":"Point","coordinates":[27.562156270933237,53.93365762454869]},"properties":{"city":"Minsk","population":1814800,"capital":"primary","tier":3}},{"type":"Feature","geometry":{"type":"Point","coordinates":[108.65569788646705,19.10414194543175]},"properties":{"city":"Dongfang","population":320000,"capital":"","tier":1}},{"type":"Feature","geometry":{"type":"Point","coordinates":[-14.273773896281538,10.950086825568107]},"properties":{"city":"Boke","population":286500,"capital":"","tier":1}},{"type":"Feature","geometry":{"type":"Point","coordinates":[-55.495484250545914,72.39221460560336]},"properties":{"city":"Kangersuatsiaq","population":4000,"capital":"","tier":1}},{"type":"Feature","geometry":{"type":"Point","coordinates":[19.926807915428686,50.07381441321951]},"properties":{"city":"Krakow","population":320000,"capital":"","tier":1}},{"type":"Feature","geometry":{"type":"Point","coordinates":[-4.515256270030055,54.14678774378504]},"properties":{"city":"Douglas","population":1066100,"capital":"primary","tier":3}},{"type":"Feature","geometry":{"type":"Point","coordinates":[20.237581847562918,11.084308828765188]},"properties":{"city":"Am Timan","population":110400,"capital":"","tier":1}},{"type":"Feature","geometry":{"type":"Point","coordinates":[125.75397837584417,39.04834383111077]},"properties":{"city":"Pyongyang","population":2802300,"capital":"primary","tier":3}},{"type":"Feature","geometry":{"type":"Point","coordinates":[65.13663645955201,37.01408354422341]},"properties":{"city":"Andkhoy","population":307700,"capital":"","tier":1}},{"type":"Feature","geometry":{"type":"Point","coordinates":[124.95342778069363,1.5326701825364637]},"properties":{"city":"Manado","population":320000,"capital":"","tier":1}},{"type":"Feature","geometry":{"type":"Point","coordinates":[34.232621414977125,-12.92465044261995]},"properties":{"city":"Nkhotakota","population":320000,"capital":"","tier":1}},{"type":"Feature","geometry":{"type":"Point","coordinates":[122.99939817916356,0.6023516216300635]},"properties":{"city":"Gorontalo","population":320000,"capital":"","tier":1}},{"type":"Feature","geometry":{"type":"Point","coordinates":[23.798281325213644,46.5830044195248]},"properties":{"city":"Turda","population":278700,"capital":"","tier":1}},{"type":"Feature","geometry":{"type":"Point","coordinates":[-70.99858630844513,-53.15419779456699]},"properties":{"city":"Punta Arenas","population":225600,"capital":"","tier":1}},{"type":"Feature","geometry":{"type":"Point","coordinates":[133.66138478215925,-32.080456744275835]},"properties":{"city":"Ceduna","population":193300,"capital":"","tier":1}},{"type":"Feature","geometry":{"type":"Point","coordinates":[55.44433645228904,-4.6364010599933465]},"properties":{"city":"Seychelles","population":27600,"capital":"primary","tier":3}},{"type":"Feature","geometry":{"type":"Point","coordinates":[35.46304775623935,31.85173233708089]},"properties":{"city":"Jericho","population":24300,"capital":"","tier":1}},{"type":"Feature","geometry":{"type":"Point","coordinates":[18.739665773122233,49.23490393875937]},"properties":{"city":"Zilina","population":192800,"capital":"","tier":1}},{"type":"Feature","geometry":{"type":"Point","coordinates":[28.209780220815624,45.89623845647688]},"properties":{"city":"Cahul","population":274300,"capital":"","tier":1}},{"type":"Feature","geometry":{"type":"Point","coordinates":[37.65504001601114,-6.795022836361696]},"properties":{"city":"Morogoro","population":320000,"capital":"","tier":1}},{"type":"Feature","geometry":{"type":"Point","coordinates":[6.183518189076383,48.698350115101306]},"properties":{"city":"Nancy","population":259900,"capital":"","tier":1}},{"type":"Feature","geometry":{"type":"Point","coordinates":[44.06494400095727,9.613173119212107]},"properties":{"city":"Hargeisa","population":952200,"capital":"primary","tier":3}},{"type":"Feature","geometry":{"type":"Point","coordinates":[135.2893157157982,43.731877187619375]},"properties":{"city":"Olga","population":240200,"capital":"","tier":1}},{"type":"Feature","geometry":{"type":"Point","coordinates":[18.670890039387775,45.57112623095745]},"properties":{"city":"Osijek","population":76400,"capital":"","tier":1}},{"type":"Feature","geometry":{"type":"Point","coordinates":[13.847045272842776,-18.05221151266045]},"properties":{"city":"Opuwo","population":26400,"capital":"","tier":1}},{"type":"Feature","geometry":{"type":"Point","coordinates":[46.358370376568324,40.69854277704053]},"properties":{"city":"Ganja","population":134600,"capital":"","tier":1}},{"type":"Feature","geometry":{"type":"Point","coordinates":[123.7513563699732,41.35766798700982]},"properties":{"city":"Benxi","population":320000,"capital":"","tier":1}},{"type":"Feature","geometry":{"type":"Point","coordinates":[28.559339635995073,-20.130419809049883]},"properties":{"city":"Bulawayo","population":1176800,"capital":"","tier":2}},{"type":"Feature","geometry":{"type":"Point","coordinates":[100.42638374249614,38.98524702689443]},"properties":{"city":"Zhangye","population":320000,"capital":"","tier":1}},{"type":"Feature","geometry":{"type":"Point","coordinates":[-118.25243477493443,33.9427733592109]},"properties":{"city":"Los Angeles","population":1045600,"capital":"","tier":2}},{"type":"Feature","geometry":{"type":"Point","coordinates":[-77.29300635478705,21.541232733304795]},"properties":{"city":"Nuevitas","population":176800,"capital":"","tier":1}},{"type":"Feature","geometry":{"type":"Point","coordinates":[19.821841866706446,45.32584192430008]},"properties":{"city":"Novi Sad","population":90800,"capital":"","tier":1}},{"type":"Feature","geometry":{"type":"Point","coordinates":[142.93095616893007,-37.26377296931203]},"properties":{"city":"Ararat AU","population":167000,"capital":"","tier":1}},{"type":"Feature","geometry":{"type":"Point","coordinates":[29.17993893452166,53.188795481757296]},"properties":{"city":"Babruysk","population":181900,"capital":"","tier":1}},{"type":"Feature","geometry":{"type":"Point","coordinates":[129.1593233282038,40.69737426758297]},"properties":{"city":"Kimchaek","population":104000,"capital":"","tier":1}},{"type":"Feature","geometry":{"type":"Point","coordinates":[126.25390240952316,38.875836830702156]},"properties":{"city":"Yeonsan-eup","population":79800,"capital":"","tier":1}},{"type":"Feature","geometry":{"type":"Point","coordinates":[-97.39048177027537,35.66758497914476]},"properties":{"city":"Edmond","population":303700,"capital":"","tier":1}},{"type":"Feature","geometry":{"type":"Point","coordinates":[31.92129455260561,52.559569065689885]},"properties":{"city":"Novozybkov","population":142900,"capital":"","tier":1}},{"type":"Feature","geometry":{"type":"Point","coordinates":[44.79379093720242,41.72871058199212]},"properties":{"city":"Tbilisi","population":1092400,"capital":"primary","tier":3}},{"type":"Feature","geometry":{"type":"Point","coordinates":[4.02428094076482,49.24350179229532]},"properties":{"city":"Reims","population":251700,"capital":"","tier":1}},{"type":"Feature","geometry":{"type":"Point","coordinates":[-62.73388313907343,8.301855332865031]},"properties":{"city":"Ciudad Guayana","population":320000,"capital":"","tier":1}},{"type":"Feature","geometry":{"type":"Point","coordinates":[82.94711824072486,55.07700092570133]},"properties":{"city":"Novosibirsk","population":184800,"capital":"","tier":1}},{"type":"Feature","geometry":{"type":"Point","coordinates":[100.2146553291388,49.78042392410558]},"properties":{"city":"Murun","population":42800,"capital":"","tier":1}},{"type":"Feature","geometry":{"type":"Point","coordinates":[15.539928454980956,41.45895060649073]},"properties":{"city":"Foggia","population":320000,"capital":"","tier":1}},{"type":"Feature","geometry":{"type":"Point","coordinates":[-80.41270687400785,22.159747582178923]},"properties":{"city":"Cienfuegos","population":150600,"capital":"","tier":1}},{"type":"Feature","geometry":{"type":"Point","coordinates":[-114.53040294399432,42.58240957672854]},"properties":{"city":"Twin Falls","population":244000,"capital":"","tier":1}},{"type":"Feature","geometry":{"type":"Point","coordinates":[6.1305184529698495,45.902832872688066]},"properties":{"city":"Annecy","population":275600,"capital":"","tier":1}},{"type":"Feature","geometry":{"type":"Point","coordinates":[136.65522546204753,36.579115291877216]},"properties":{"city":"Kanazawa","population":705200,"capital":"","tier":2}},{"type":"Feature","geometry":{"type":"Point","coordinates":[5.791488131228497,36.75564994849138]},"properties":{"city":"Jijel","population":193800,"capital":"","tier":1}},{"type":"Feature","geometry":{"type":"Point","coordinates":[-85.88736409367708,14.837212406061326]},"properties":{"city":"Catacamas","population":186800,"capital":"","tier":1}},{"type":"Feature","geometry":{"type":"Point","coordinates":[133.24889567162677,44.17721430738328]},"properties":{"city":"Arsenyev","population":210700,"capital":"","tier":1}},{"type":"Feature","geometry":{"type":"Point","coordinates":[-61.17757307335934,10.521604049761464]},"properties":{"city":"Trinidad and Tobago","population":267900,"capital":"primary","tier":3}},{"type":"Feature","geometry":{"type":"Point","coordinates":[38.77392360019626,9.00351400701311]},"properties":{"city":"Addis Ababa","population":3114200,"capital":"primary","tier":3}},{"type":"Feature","geometry":{"type":"Point","coordinates":[-117.15425730732485,32.73071021641981]},"properties":{"city":"San Diego","population":254000,"capital":"","tier":1}},{"type":"Feature","geometry":{"type":"Point","coordinates":[95.18436514371821,16.671672950915095]},"properties":{"city":"Wakema","population":31500,"capital":"","tier":1}},{"type":"Feature","geometry":{"type":"Point","coordinates":[40.67647587653662,-14.545702269889546]},"properties":{"city":"Nacala","population":320000,"capital":"","tier":1}},{"type":"Feature","geometry":{"type":"Point","coordinates":[75.7932463601587,11.266113453949202]},"properties":{"city":"Kozhikode","population":320000,"capital":"","tier":1}},{"type":"Feature","geometry":{"type":"Point","coordinates":[51.90294242556152,47.12960522523892]},"properties":{"city":"Atyrau","population":217300,"capital":"","tier":1}},{"type":"Feature","geometry":{"type":"Point","coordinates":[9.539589104479775,55.716570978531706]},"properties":{"city":"Vejle","population":4000,"capital":"","tier":1}},{"type":"Feature","geometry":{"type":"Point","coordinates":[112.95010308558041,-2.5232686177281494]},"properties":{"city":"Sampit","population":320000,"capital":"","tier":1}},{"type":"Feature","geometry":{"type":"Point","coordinates":[40.99438539024931,11.829036857304942]},"properties":{"city":"Semera","population":320000,"capital":"","tier":1}},{"type":"Feature","geometry":{"type":"Point","coordinates":[150.827541561063,59.572704823587685]},"properties":{"city":"Magadan","population":151700,"capital":"","tier":1}},{"type":"Feature","geometry":{"type":"Point","coordinates":[109.16736975055025,11.936032352639401]},"properties":{"city":"Cam Ranh","population":320000,"capital":"","tier":1}},{"type":"Feature","geometry":{"type":"Point","coordinates":[39.61557191631669,24.51615752049912]},"properties":{"city":"Medina","population":929400,"capital":"","tier":2}},{"type":"Feature","geometry":{"type":"Point","coordinates":[-56.393413949423035,-26.19431308917965]},"properties":{"city":"Caazapa","population":74800,"capital":"","tier":1}},{"type":"Feature","geometry":{"type":"Point","coordinates":[111.70721628352662,29.058109284794952]},"properties":{"city":"Changde","population":2200000,"capital":"","tier":2}},{"type":"Feature","geometry":{"type":"Point","coordinates":[-97.1223986378991,34.17229657595223]},"properties":{"city":"Ardmore","population":313500,"capital":"","tier":1}},{"type":"Feature","geometry":{"type":"Point","coordinates":[-8.440130771767356,40.20839733666989]},"properties":{"city":"Coimbra","population":247500,"capital":"","tier":1}},{"type":"Feature","geometry":{"type":"Point","coordinates":[113.24263848783706,23.165991790472987]},"properties":{"city":"Guangzhou","population":16979900,"capital":"","tier":2}},{"type":"Feature","geometry":{"type":"Point","coordinates":[15.757524433945665,-17.816765146463624]},"properties":{"city":"Ongwediva","population":26600,"capital":"","tier":1}},{"type":"Feature","geometry":{"type":"Point","coordinates":[36.05514389026884,52.99822403328153]},"properties":{"city":"Oryol","population":154200,"capital":"","tier":1}},{"type":"Feature","geometry":{"type":"Point","coordinates":[24.70353635842869,-24.61693871115294]},"properties":{"city":"Jwaneng","population":29500,"capital":"","tier":1}},{"type":"Feature","geometry":{"type":"Point","coordinates":[50.204250680594974,-14.917256185987469]},"properties":{"city":"Antalaha","population":320000,"capital":"","tier":1}},{"type":"Feature","geometry":{"type":"Point","coordinates":[36.52928001055145,32.73585706368401]},"properties":{"city":"As-Suweida","population":320000,"capital":"","tier":1}},{"type":"Feature","geometry":{"type":"Point","coordinates":[28.383059196139314,12.782917323967979]},"properties":{"city":"En Nahud","population":320000,"capital":"","tier":1}},{"type":"Feature","geometry":{"type":"Point","coordinates":[-1.1330703430593516,52.97298949111499]},"properties":{"city":"Nottingham","population":320000,"capital":"","tier":1}},{"type":"Feature","geometry":{"type":"Point","coordinates":[57.03988382604307,30.388804344658894]},"properties":{"city":"Kerman","population":320000,"capital":"","tier":1}},{"type":"Feature","geometry":{"type":"Point","coordinates":[-46.008931419132054,60.922512143520095]},"properties":{"city":"Narsaq","population":4000,"capital":"","tier":1}},{"type":"Feature","geometry":{"type":"Point","coordinates":[100.4583364644273,7.033661737945536]},"properties":{"city":"Hat Yai","population":312400,"capital":"","tier":1}},{"type":"Feature","geometry":{"type":"Point","coordinates":[10.156362915832357,5.958127654260096]},"properties":{"city":"Bamenda","population":320000,"capital":"","tier":1}},{"type":"Feature","geometry":{"type":"Point","coordinates":[104.85488883537067,11.617391704398472]},"properties":{"city":"Phnom Penh","population":2149800,"capital":"primary","tier":3}},{"type":"Feature","geometry":{"type":"Point","coordinates":[-106.68673626788586,35.09087521413578]},"properties":{"city":"Albuquerque","population":896700,"capital":"","tier":2}},{"type":"Feature","geometry":{"type":"Point","coordinates":[127.02027958916031,37.28149544590252]},"properties":{"city":"Suwon","population":553600,"capital":"","tier":2}},{"type":"Feature","geometry":{"type":"Point","coordinates":[6.749182511915922,51.42771806736968]},"properties":{"city":"Duisburg","population":320000,"capital":"","tier":1}},{"type":"Feature","geometry":{"type":"Point","coordinates":[47.85474394335863,52.0205452056729]},"properties":{"city":"Balakovo","population":207000,"capital":"","tier":1}},{"type":"Feature","geometry":{"type":"Point","coordinates":[96.26034528046864,46.52995479201027]},"properties":{"city":"Altai (Mongolia)","population":30700,"capital":"","tier":1}},{"type":"Feature","geometry":{"type":"Point","coordinates":[-54.34224444477568,-34.463998753665166]},"properties":{"city":"Rocha","population":69400,"capital":"","tier":1}},{"type":"Feature","geometry":{"type":"Point","coordinates":[122.2315735641363,43.680750209030776]},"properties":{"city":"Tongliao","population":320000,"capital":"","tier":1}},{"type":"Feature","geometry":{"type":"Point","coordinates":[36.21158566667387,50.03280701116989]},"properties":{"city":"Kharkiv","population":2146700,"capital":"","tier":2}},{"type":"Feature","geometry":{"type":"Point","coordinates":[-77.00201390386408,-12.054796425882571]},"properties":{"city":"Lima","population":9117700,"capital":"primary","tier":3}},{"type":"Feature","geometry":{"type":"Point","coordinates":[31.3526733438052,31.056678183437285]},"properties":{"city":"El Mansura","population":320000,"capital":"","tier":1}},{"type":"Feature","geometry":{"type":"Point","coordinates":[41.25816560887471,39.992888019685495]},"properties":{"city":"Erzurum","population":320000,"capital":"","tier":1}},{"type":"Feature","geometry":{"type":"Point","coordinates":[47.40651083879226,43.01684157699799]},"properties":{"city":"Makhachkala","population":180700,"capital":"","tier":1}},{"type":"Feature","geometry":{"type":"Point","coordinates":[-2.4762385195472727,10.09105774718374]},"properties":{"city":"Wa (Ghana)","population":320000,"capital":"","tier":1}},{"type":"Feature","geometry":{"type":"Point","coordinates":[20.130613324408703,40.08282924705122]},"properties":{"city":"Gjirokastra","population":180200,"capital":"","tier":1}},{"type":"Feature","geometry":{"type":"Point","coordinates":[104.0459583701924,30.65503578738317]},"properties":{"city":"Chengdu","population":2200000,"capital":"","tier":2}},{"type":"Feature","geometry":{"type":"Point","coordinates":[-86.31001681497473,32.35462869700545]},"properties":{"city":"Montgomery","population":320000,"capital":"","tier":1}},{"type":"Feature","geometry":{"type":"Point","coordinates":[-8.417875118475495,43.363694105657146]},"properties":{"city":"A Coruna","population":320000,"capital":"","tier":1}},{"type":"Feature","geometry":{"type":"Point","coordinates":[35.33754554564419,52.35051643333199]},"properties":{"city":"Zheleznogorsk","population":160800,"capital":"","tier":1}},{"type":"Feature","geometry":{"type":"Point","coordinates":[32.24054933928764,48.53759976520857]},"properties":{"city":"Kropyvnytskyi","population":177800,"capital":"","tier":1}},{"type":"Feature","geometry":{"type":"Point","coordinates":[21.775054703644532,40.30127843113726]},"properties":{"city":"Kozani","population":88200,"capital":"","tier":1}},{"type":"Feature","geometry":{"type":"Point","coordinates":[32.28450090748055,2.792879787820908]},"properties":{"city":"Gulu","population":320000,"capital":"","tier":1}},{"type":"Feature","geometry":{"type":"Point","coordinates":[-0.8351727306721156,9.424327750582776]},"properties":{"city":"Tamale","population":320000,"capital":"","tier":1}},{"type":"Feature","geometry":{"type":"Point","coordinates":[43.988409577946605,56.34017944984171]},"properties":{"city":"Nizhny Novgorod","population":1066500,"capital":"","tier":2}},{"type":"Feature","geometry":{"type":"Point","coordinates":[-120.61412612438113,46.58369526897121]},"properties":{"city":"Yakima","population":289500,"capital":"","tier":1}},{"type":"Feature","geometry":{"type":"Point","coordinates":[126.85983197656219,37.47723681828508]},"properties":{"city":"Gwangmyeong","population":136400,"capital":"","tier":1}},{"type":"Feature","geometry":{"type":"Point","coordinates":[-55.01181424571723,5.062198949169797]},"properties":{"city":"Brokopondo","population":23900,"capital":"","tier":1}},{"type":"Feature","geometry":{"type":"Point","coordinates":[45.437099007875226,35.59378655082179]},"properties":{"city":"Sulaymaniyah","population":320000,"capital":"","tier":1}},{"type":"Feature","geometry":{"type":"Point","coordinates":[-7.240256293798879,52.64380557090473]},"properties":{"city":"Kilkenny","population":258500,"capital":"","tier":1}},{"type":"Feature","geometry":{"type":"Point","coordinates":[25.503544097256384,-24.387822906698844]},"properties":{"city":"Molepolole","population":50300,"capital":"","tier":1}},{"type":"Feature","geometry":{"type":"Point","coordinates":[124.39094744504807,40.098522988723374]},"properties":{"city":"Sinuiju","population":754300,"capital":"","tier":2}},{"type":"Feature","geometry":{"type":"Point","coordinates":[29.060922313986925,-3.4225732566343225]},"properties":{"city":"Uvira","population":320000,"capital":"","tier":1}},{"type":"Feature","geometry":{"type":"Point","coordinates":[128.10932239055663,35.19332163853673]},"properties":{"city":"Jinju","population":136500,"capital":"","tier":1}},{"type":"Feature","geometry":{"type":"Point","coordinates":[-99.14601833135717,19.41642247049508]},"properties":{"city":"Mexico City","population":8573800,"capital":"primary","tier":3}},{"type":"Feature","geometry":{"type":"Point","coordinates":[16.845830956149562,41.11436470242532]},"properties":{"city":"Bari","population":294200,"capital":"","tier":1}},{"type":"Feature","geometry":{"type":"Point","coordinates":[102.75427686901749,46.40081393850386]},"properties":{"city":"Arvaikheer","population":26600,"capital":"","tier":1}},{"type":"Feature","geometry":{"type":"Point","coordinates":[32.57843063041486,0.3165771826736119]},"properties":{"city":"Kampala","population":1583300,"capital":"primary","tier":3}},{"type":"Feature","geometry":{"type":"Point","coordinates":[133.10539459918328,43.15581636020667]},"properties":{"city":"Partisansk","population":198300,"capital":"","tier":1}},{"type":"Feature","geometry":{"type":"Point","coordinates":[40.29261223519065,48.955176494872575]},"properties":{"city":"Millerovo","population":238600,"capital":"","tier":1}},{"type":"Feature","geometry":{"type":"Point","coordinates":[-91.4821424899066,15.32547397009786]},"properties":{"city":"Huehuetenango","population":320000,"capital":"","tier":1}},{"type":"Feature","geometry":{"type":"Point","coordinates":[127.50480392812743,37.8272863695004]},"properties":{"city":"Gapyeong","population":205600,"capital":"","tier":1}},{"type":"Feature","geometry":{"type":"Point","coordinates":[-71.54127462331205,43.198401841665316]},"properties":{"city":"Concord","population":300900,"capital":"","tier":1}},{"type":"Feature","geometry":{"type":"Point","coordinates":[121.53159823661004,36.94165089678094]},"properties":{"city":"Rushan","population":320000,"capital":"","tier":1}},{"type":"Feature","geometry":{"type":"Point","coordinates":[-100.89396390752444,22.159962174846825]},"properties":{"city":"San Luis Potosi City","population":320000,"capital":"","tier":1}},{"type":"Feature","geometry":{"type":"Point","coordinates":[-82.22950441983286,9.320295162408385]},"properties":{"city":"Bocas del Toro","population":81300,"capital":"","tier":1}},{"type":"Feature","geometry":{"type":"Point","coordinates":[125.78355709870424,38.54117024010068]},"properties":{"city":"Sariwon","population":105800,"capital":"","tier":1}},{"type":"Feature","geometry":{"type":"Point","coordinates":[-58.5095476472465,-34.60051789062763]},"properties":{"city":"Buenos Aires","population":2836600,"capital":"primary","tier":3}},{"type":"Feature","geometry":{"type":"Point","coordinates":[74.2758099645194,35.98192071199462]},"properties":{"city":"Gilgit","population":320000,"capital":"","tier":1}},{"type":"Feature","geometry":{"type":"Point","coordinates":[-13.558590991292263,9.605627482768]},"properties":{"city":"Conakry","population":1661000,"capital":"primary","tier":3}},{"type":"Feature","geometry":{"type":"Point","coordinates":[1.2441652949850162,52.6506486103566]},"properties":{"city":"Norwich","population":320000,"capital":"","tier":1}},{"type":"Feature","geometry":{"type":"Point","coordinates":[-70.28526198897225,1.2671493607641082]},"properties":{"city":"Mitu","population":320000,"capital":"","tier":1}},{"type":"Feature","geometry":{"type":"Point","coordinates":[79.02697915170297,21.12076500514854]},"properties":{"city":"Nagpur","population":320000,"capital":"","tier":1}},{"type":"Feature","geometry":{"type":"Point","coordinates":[-77.24798725582444,1.189302884050079]},"properties":{"city":"Pasto","population":320000,"capital":"","tier":1}},{"type":"Feature","geometry":{"type":"Point","coordinates":[127.20223167193187,37.89570286906627]},"properties":{"city":"Pocheon","population":215900,"capital":"","tier":1}},{"type":"Feature","geometry":{"type":"Point","coordinates":[61.81469568076429,37.63324229415376]},"properties":{"city":"Mary","population":320000,"capital":"","tier":1}},{"type":"Feature","geometry":{"type":"Point","coordinates":[25.49372480846983,65.01723370558554]},"properties":{"city":"Oulu","population":77400,"capital":"","tier":1}},{"type":"Feature","geometry":{"type":"Point","coordinates":[17.043627424728783,-4.787153843821486]},"properties":{"city":"Kenge","population":320000,"capital":"","tier":1}},{"type":"Feature","geometry":{"type":"Point","coordinates":[3.715871200736531,32.49879898744082]},"properties":{"city":"Ghardaia","population":157400,"capital":"","tier":1}},{"type":"Feature","geometry":{"type":"Point","coordinates":[107.0800451342682,10.357507782849666]},"properties":{"city":"Vung Tau","population":320000,"capital":"","tier":1}},{"type":"Feature","geometry":{"type":"Point","coordinates":[8.091434634269007,35.45413667055115]},"properties":{"city":"Tebessa","population":197100,"capital":"","tier":1}},{"type":"Feature","geometry":{"type":"Point","coordinates":[-37.12551369604546,-10.880292347720498]},"properties":{"city":"Aracaju","population":320000,"capital":"","tier":1}},{"type":"Feature","geometry":{"type":"Point","coordinates":[41.026337826820296,43.01034131724748]},"properties":{"city":"Sukhum","population":875300,"capital":"primary","tier":3}},{"type":"Feature","geometry":{"type":"Point","coordinates":[35.58651454153829,30.840642510846223]},"properties":{"city":"At Tafila","population":157000,"capital":"","tier":1}},{"type":"Feature","geometry":{"type":"Point","coordinates":[-101.65725931503991,21.1106902141525]},"properties":{"city":"Leon MX","population":1717200,"capital":"","tier":2}},{"type":"Feature","geometry":{"type":"Point","coordinates":[-19.706571793519604,65.70466719873016]},"properties":{"city":"Sauoarkrokur","population":13400,"capital":"","tier":1}},{"type":"Feature","geometry":{"type":"Point","coordinates":[114.45307301349648,38.11448764432163]},"properties":{"city":"Shijiazhuang","population":320000,"capital":"","tier":1}},{"type":"Feature","geometry":{"type":"Point","coordinates":[100.77564373549899,18.815051836074915]},"properties":{"city":"Nan","population":320000,"capital":"","tier":1}},{"type":"Feature","geometry":{"type":"Point","coordinates":[-93.23163352582992,44.98639053319178]},"properties":{"city":"Minneapolis","population":1127000,"capital":"","tier":2}},{"type":"Feature","geometry":{"type":"Point","coordinates":[30.241427152584084,1.5637616418820954]},"properties":{"city":"Bunia","population":320000,"capital":"","tier":1}},{"type":"Feature","geometry":{"type":"Point","coordinates":[23.15837138747603,63.85064178527489]},"properties":{"city":"Kokkola","population":73800,"capital":"","tier":1}},{"type":"Feature","geometry":{"type":"Point","coordinates":[-71.21157482475242,8.594138233434975]},"properties":{"city":"Merida (Venezuela)","population":320000,"capital":"","tier":1}},{"type":"Feature","geometry":{"type":"Point","coordinates":[117.6255603895787,26.269326900581973]},"properties":{"city":"Sanming","population":320000,"capital":"","tier":1}},{"type":"Feature","geometry":{"type":"Point","coordinates":[-5.646479758378514,9.46164849240435]},"properties":{"city":"Korhogo","population":320000,"capital":"","tier":1}},{"type":"Feature","geometry":{"type":"Point","coordinates":[136.9103701655075,35.21505734718828]},"properties":{"city":"Nagoya","population":794100,"capital":"","tier":2}},{"type":"Feature","geometry":{"type":"Point","coordinates":[117.12800447170893,-0.49560963978777295]},"properties":{"city":"Samarinda","population":320000,"capital":"","tier":1}},{"type":"Feature","geometry":{"type":"Point","coordinates":[-59.5599033635849,13.155343462140706]},"properties":{"city":"Barbados","population":108100,"capital":"primary","tier":3}},{"type":"Feature","geometry":{"type":"Point","coordinates":[96.11392839161387,16.853321119285525]},"properties":{"city":"Yangon","population":154900,"capital":"","tier":2}},{"type":"Feature","geometry":{"type":"Point","coordinates":[127.123044152731,37.43578490251609]},"properties":{"city":"Seongnam","population":167700,"capital":"","tier":1}},{"type":"Feature","geometry":{"type":"Point","coordinates":[118.93905217496763,42.34331899009342]},"properties":{"city":"Chifeng","population":2200000,"capital":"","tier":2}},{"type":"Feature","geometry":{"type":"Point","coordinates":[130.85822189496562,33.872269396070266]},"properties":{"city":"Kitakyushu","population":883900,"capital":"","tier":2}},{"type":"Feature","geometry":{"type":"Point","coordinates":[26.225093535959438,50.65184813584986]},"properties":{"city":"Rivne","population":175900,"capital":"","tier":1}},{"type":"Feature","geometry":{"type":"Point","coordinates":[2.3848012254818887,48.86112189798257]},"properties":{"city":"Paris","population":1945100,"capital":"primary","tier":3}},{"type":"Feature","geometry":{"type":"Point","coordinates":[33.94236567690363,51.968186105353766]},"properties":{"city":"Svesa","population":121300,"capital":"","tier":1}},{"type":"Feature","geometry":{"type":"Point","coordinates":[126.95791775895331,37.407971833573114]},"properties":{"city":"Anyang","population":210100,"capital":"","tier":1}},{"type":"Feature","geometry":{"type":"Point","coordinates":[39.615947996670606,-4.030253451577053]},"properties":{"city":"Mombasa","population":2200000,"capital":"","tier":2}},{"type":"Feature","geometry":{"type":"Point","coordinates":[121.08334815464026,25.038366709899606]},"properties":{"city":"Guanyin District","population":287100,"capital":"","tier":1}},{"type":"Feature","geometry":{"type":"Point","coordinates":[10.983459900631996,45.453997445331225]},"properties":{"city":"Verona","population":320000,"capital":"","tier":1}},{"type":"Feature","geometry":{"type":"Point","coordinates":[39.422708005301885,15.71459923626604]},"properties":{"city":"Massawa","population":194000,"capital":"","tier":1}},{"type":"Feature","geometry":{"type":"Point","coordinates":[-0.04275215099063024,16.300910047401544]},"properties":{"city":"Gao","population":320000,"capital":"","tier":1}},{"type":"Feature","geometry":{"type":"Point","coordinates":[-91.12595392110988,30.478104599099893]},"properties":{"city":"Baton Rouge","population":320000,"capital":"","tier":1}},{"type":"Feature","geometry":{"type":"Point","coordinates":[-97.50768753070054,35.468241491153805]},"properties":{"city":"Oklahoma City","population":740000,"capital":"","tier":2}},{"type":"Feature","geometry":{"type":"Point","coordinates":[-55.15475937481758,5.8186366223503825]},"properties":{"city":"Paramaribo","population":115500,"capital":"primary","tier":3}},{"type":"Feature","geometry":{"type":"Point","coordinates":[-78.86271415811062,42.968562381845175]},"properties":{"city":"Buffalo NY","population":908700,"capital":"","tier":2}},{"type":"Feature","geometry":{"type":"Point","coordinates":[105.78677663045364,11.104132994663274]},"properties":{"city":"Svay Rieng","population":229900,"capital":"","tier":1}},{"type":"Feature","geometry":{"type":"Point","coordinates":[41.828765126839166,41.196171248661955]},"properties":{"city":"Artvin","population":320000,"capital":"","tier":1}},{"type":"Feature","geometry":{"type":"Point","coordinates":[17.802752379054517,43.36232112397991]},"properties":{"city":"Mostar","population":204100,"capital":"","tier":1}},{"type":"Feature","geometry":{"type":"Point","coordinates":[105.27355822242662,-5.382062245732868]},"properties":{"city":"Bandar Lampung","population":320000,"capital":"","tier":1}},{"type":"Feature","geometry":{"type":"Point","coordinates":[126.7816468493183,37.76708852782657]},"properties":{"city":"Paju","population":200800,"capital":"","tier":1}},{"type":"Feature","geometry":{"type":"Point","coordinates":[-117.39682245417598,34.09277244431861]},"properties":{"city":"San Bernardino","population":255100,"capital":"","tier":1}},{"type":"Feature","geometry":{"type":"Point","coordinates":[119.46701279621024,35.474780152469364]},"properties":{"city":"Rizhao","population":320000,"capital":"","tier":1}},{"type":"Feature","geometry":{"type":"Point","coordinates":[88.36405736565169,22.567573779440323]},"properties":{"city":"Kolkata","population":4716000,"capital":"","tier":2}},{"type":"Feature","geometry":{"type":"Point","coordinates":[-46.6495214374386,-23.557797094356303]},"properties":{"city":"Sao Paulo","population":11317200,"capital":"","tier":2}},{"type":"Feature","geometry":{"type":"Point","coordinates":[128.42862201034933,34.857378302452304]},"properties":{"city":"Tongyeong","population":191900,"capital":"","tier":1}},{"type":"Feature","geometry":{"type":"Point","coordinates":[103.0610145956059,5.325810562475326]},"properties":{"city":"Kuala Terengganu","population":320000,"capital":"","tier":1}},{"type":"Feature","geometry":{"type":"Point","coordinates":[19.49666504592009,40.48356682794315]},"properties":{"city":"Vlora","population":185900,"capital":"","tier":1}},{"type":"Feature","geometry":{"type":"Point","coordinates":[-5.713687898838138,40.9653889298977]},"properties":{"city":"Salamanca","population":320000,"capital":"","tier":1}},{"type":"Feature","geometry":{"type":"Point","coordinates":[26.559516601155778,41.692038104756136]},"properties":{"city":"Edirne","population":320000,"capital":"","tier":1}},{"type":"Feature","geometry":{"type":"Point","coordinates":[22.661530358963034,43.636761554074326]},"properties":{"city":"Belogradchik","population":101200,"capital":"","tier":1}},{"type":"Feature","geometry":{"type":"Point","coordinates":[38.04475841301509,50.238991802002545]},"properties":{"city":"Valuyki","population":152700,"capital":"","tier":1}},{"type":"Feature","geometry":{"type":"Point","coordinates":[-75.83031016781531,20.006910317167765]},"properties":{"city":"Santiago de Cuba","population":1038100,"capital":"","tier":2}},{"type":"Feature","geometry":{"type":"Point","coordinates":[22.522263411804484,51.245159982621914]},"properties":{"city":"Lublin","population":320000,"capital":"","tier":1}},{"type":"Feature","geometry":{"type":"Point","coordinates":[39.56134861667068,5.3384449265499825]},"properties":{"city":"Negele","population":320000,"capital":"","tier":1}},{"type":"Feature","geometry":{"type":"Point","coordinates":[28.620721982647673,59.35958314140038]},"properties":{"city":"Kingisepp","population":173500,"capital":"","tier":1}},{"type":"Feature","geometry":{"type":"Point","coordinates":[-72.04453397426418,-36.639132634366064]},"properties":{"city":"Chillan","population":260100,"capital":"","tier":1}},{"type":"Feature","geometry":{"type":"Point","coordinates":[119.8822557195799,-0.942208688675322]},"properties":{"city":"Palu","population":320000,"capital":"","tier":1}},{"type":"Feature","geometry":{"type":"Point","coordinates":[127.18203862441047,37.25574970929313]},"properties":{"city":"Yongin","population":169700,"capital":"","tier":1}},{"type":"Feature","geometry":{"type":"Point","coordinates":[-112.10269393139353,46.573762511384416]},"properties":{"city":"Helena","population":262300,"capital":"","tier":1}},{"type":"Feature","geometry":{"type":"Point","coordinates":[106.06660901694379,11.320757364237224]},"properties":{"city":"Tay Ninh","population":320000,"capital":"","tier":1}},{"type":"Feature","geometry":{"type":"Point","coordinates":[78.04922839668086,30.353949272513987]},"properties":{"city":"Dehradun","population":320000,"capital":"","tier":1}},{"type":"Feature","geometry":{"type":"Point","coordinates":[22.60692716393981,32.69203048959605]},"properties":{"city":"Damah","population":68500,"capital":"","tier":1}},{"type":"Feature","geometry":{"type":"Point","coordinates":[13.03237555658279,54.295942911546604]},"properties":{"city":"Stralsund","population":320000,"capital":"","tier":1}},{"type":"Feature","geometry":{"type":"Point","coordinates":[-78.61010563881601,-1.255953523437185]},"properties":{"city":"Ambato","population":284700,"capital":"","tier":1}},{"type":"Feature","geometry":{"type":"Point","coordinates":[9.837478041681269,37.29487013611811]},"properties":{"city":"Bizerte","population":79800,"capital":"","tier":1}},{"type":"Feature","geometry":{"type":"Point","coordinates":[-16.43865366400266,15.966517379723683]},"properties":{"city":"Saint-Louis","population":310700,"capital":"","tier":1}},{"type":"Feature","geometry":{"type":"Point","coordinates":[60.687835848854654,41.5456739959759]},"properties":{"city":"Urgench","population":320000,"capital":"","tier":1}},{"type":"Feature","geometry":{"type":"Point","coordinates":[46.33786405398664,38.090204172578666]},"properties":{"city":"Tabriz","population":2200000,"capital":"","tier":2}},{"type":"Feature","geometry":{"type":"Point","coordinates":[135.77809213262725,34.50653699556233]},"properties":{"city":"Kashihara","population":320000,"capital":"","tier":1}},{"type":"Feature","geometry":{"type":"Point","coordinates":[150.34362103373948,-10.283466942967493]},"properties":{"city":"Alotau","population":187500,"capital":"","tier":1}},{"type":"Feature","geometry":{"type":"Point","coordinates":[-88.64658143903142,43.97308391243928]},"properties":{"city":"Oshkosh","population":320000,"capital":"","tier":1}},{"type":"Feature","geometry":{"type":"Point","coordinates":[-0.14053771491106903,50.833887863225215]},"properties":{"city":"Brighton","population":320000,"capital":"","tier":1}},{"type":"Feature","geometry":{"type":"Point","coordinates":[-80.46448528729617,-3.579859150616116]},"properties":{"city":"Tumbes","population":320000,"capital":"","tier":1}},{"type":"Feature","geometry":{"type":"Point","coordinates":[-8.014450888438764,12.634755974906625]},"properties":{"city":"Bamako","population":1920300,"capital":"primary","tier":3}},{"type":"Feature","geometry":{"type":"Point","coordinates":[19.10264366650053,17.9881189514453]},"properties":{"city":"Faya-Largeau","population":107100,"capital":"","tier":1}},{"type":"Feature","geometry":{"type":"Point","coordinates":[112.02689318766521,22.95940754279384]},"properties":{"city":"Yunfu","population":320000,"capital":"","tier":1}},{"type":"Feature","geometry":{"type":"Point","coordinates":[-116.22112886348421,43.67914879394664]},"properties":{"city":"Boise","population":273200,"capital":"","tier":1}},{"type":"Feature","geometry":{"type":"Point","coordinates":[177.3114516456201,64.70172535038208]},"properties":{"city":"Anadyr","population":183500,"capital":"","tier":1}},{"type":"Feature","geometry":{"type":"Point","coordinates":[-63.23137720800636,10.640411097738777]},"properties":{"city":"Carupano","population":320000,"capital":"","tier":1}},{"type":"Feature","geometry":{"type":"Point","coordinates":[126.45622994103051,39.28391718196275]},"properties":{"city":"Sinyang-up","population":112300,"capital":"","tier":1}},{"type":"Feature","geometry":{"type":"Point","coordinates":[-88.041212295927,15.53446591710167]},"properties":{"city":"San Pedro Sula","population":940900,"capital":"","tier":2}},{"type":"Feature","geometry":{"type":"Point","coordinates":[23.588431102878605,-6.139827292988983]},"properties":{"city":"Mbuji-Mayi","population":2200000,"capital":"","tier":2}},{"type":"Feature","geometry":{"type":"Point","coordinates":[-0.2797061869745706,27.900155273812445]},"properties":{"city":"Adrar","population":149700,"capital":"","tier":1}},{"type":"Feature","geometry":{"type":"Point","coordinates":[29.854765980096452,58.78481333137199]},"properties":{"city":"Luga","population":218900,"capital":"","tier":1}},{"type":"Feature","geometry":{"type":"Point","coordinates":[71.12529225112885,34.9175916851847]},"properties":{"city":"Asadabad","population":320000,"capital":"","tier":1}},{"type":"Feature","geometry":{"type":"Point","coordinates":[120.30457463725168,16.04466663834407]},"properties":{"city":"Dagupan","population":320000,"capital":"","tier":1}},{"type":"Feature","geometry":{"type":"Point","coordinates":[65.69187180372501,31.718448304676457]},"properties":{"city":"Kandahar","population":320000,"capital":"","tier":1}},{"type":"Feature","geometry":{"type":"Point","coordinates":[80.91804802875538,26.859152836742794]},"properties":{"city":"Lucknow","population":320000,"capital":"","tier":1}},{"type":"Feature","geometry":{"type":"Point","coordinates":[-64.29025758932345,-27.816516532786693]},"properties":{"city":"Santiago del Estero","population":320000,"capital":"","tier":1}},{"type":"Feature","geometry":{"type":"Point","coordinates":[-1.530782769196049,53.7924525002455]},"properties":{"city":"Leeds","population":311200,"capital":"","tier":1}},{"type":"Feature","geometry":{"type":"Point","coordinates":[47.10954918237129,39.81107552822607]},"properties":{"city":"Khojavend","population":320000,"capital":"","tier":1}},{"type":"Feature","geometry":{"type":"Point","coordinates":[99.32451168366704,9.177191444944299]},"properties":{"city":"Surat Thani","population":320000,"capital":"","tier":1}},{"type":"Feature","geometry":{"type":"Point","coordinates":[89.8749369838164,27.61531833196807]},"properties":{"city":"Punakha","population":40900,"capital":"","tier":1}},{"type":"Feature","geometry":{"type":"Point","coordinates":[102.02158118241131,15.81538690188502]},"properties":{"city":"Chaiyaphum","population":320000,"capital":"","tier":1}},{"type":"Feature","geometry":{"type":"Point","coordinates":[20.68500939971246,5.786025615249628]},"properties":{"city":"Bambari","population":86200,"capital":"","tier":1}},{"type":"Feature","geometry":{"type":"Point","coordinates":[35.60768718653382,-10.615810032849936]},"properties":{"city":"Songea","population":320000,"capital":"","tier":1}},{"type":"Feature","geometry":{"type":"Point","coordinates":[105.83130380844635,19.734784846140627]},"properties":{"city":"Sam Son","population":320000,"capital":"","tier":1}},{"type":"Feature","geometry":{"type":"Point","coordinates":[11.238667542377891,43.75835821795914]},"properties":{"city":"Florence","population":1315800,"capital":"","tier":2}},{"type":"Feature","geometry":{"type":"Point","coordinates":[24.931450609115995,60.1659547384001]},"properties":{"city":"Helsinki","population":606100,"capital":"primary","tier":3}},{"type":"Feature","geometry":{"type":"Point","coordinates":[-83.7007744480957,22.409231475926532]},"properties":{"city":"Pinar del Rio","population":133800,"capital":"","tier":1}},{"type":"Feature","geometry":{"type":"Point","coordinates":[25.80992872220768,-13.461077770833072]},"properties":{"city":"Kasempa","population":253300,"capital":"","tier":1}},{"type":"Feature","geometry":{"type":"Point","coordinates":[-94.74379836468782,39.0635648556684]},"properties":{"city":"Kansas City","population":957400,"capital":"","tier":2}},{"type":"Feature","geometry":{"type":"Point","coordinates":[128.21405011803014,43.40400618161709]},"properties":{"city":"Dunhua","population":320000,"capital":"","tier":1}},{"type":"Feature","geometry":{"type":"Point","coordinates":[102.08761074407862,12.604606459552897]},"properties":{"city":"Chanthaburi","population":294800,"capital":"","tier":1}},{"type":"Feature","geometry":{"type":"Point","coordinates":[9.199379004265758,35.88054706447474]},"properties":{"city":"Maktar","population":105400,"capital":"","tier":1}},{"type":"Feature","geometry":{"type":"Point","coordinates":[35.05941088111843,31.526673978916293]},"properties":{"city":"Hebron","population":24700,"capital":"","tier":1}},{"type":"Feature","geometry":{"type":"Point","coordinates":[6.593649828406802,53.218083802231746]},"properties":{"city":"Groningen","population":320000,"capital":"","tier":1}},{"type":"Feature","geometry":{"type":"Point","coordinates":[5.121697180518673,52.08570290303933]},"properties":{"city":"Utrecht","population":320000,"capital":"","tier":1}},{"type":"Feature","geometry":{"type":"Point","coordinates":[120.98204609905953,13.812171984785593]},"properties":{"city":"Batangas City","population":320000,"capital":"","tier":1}},{"type":"Feature","geometry":{"type":"Point","coordinates":[34.81708009217242,50.97116198248884]},"properties":{"city":"Sumy","population":135600,"capital":"","tier":1}},{"type":"Feature","geometry":{"type":"Point","coordinates":[-56.128250938753965,72.76276284685713]},"properties":{"city":"Upernavik","population":4000,"capital":"","tier":1}},{"type":"Feature","geometry":{"type":"Point","coordinates":[-3.1758659863978544,51.511995345700086]},"properties":{"city":"Cardiff","population":661200,"capital":"primary","tier":3}},{"type":"Feature","geometry":{"type":"Point","coordinates":[29.684496201653054,-16.763504911054838]},"properties":{"city":"Karoi","population":320000,"capital":"","tier":1}},{"type":"Feature","geometry":{"type":"Point","coordinates":[10.623867700467997,35.84777180705103]},"properties":{"city":"Sousse","population":89000,"capital":"","tier":1}},{"type":"Feature","geometry":{"type":"Point","coordinates":[28.01464808358383,-26.22498274322114]},"properties":{"city":"Johannesburg","population":1697100,"capital":"","tier":2}},{"type":"Feature","geometry":{"type":"Point","coordinates":[79.89717273569288,6.933063201421632]},"properties":{"city":"Colombo","population":1389000,"capital":"primary","tier":3}},{"type":"Feature","geometry":{"type":"Point","coordinates":[-114.32809385961103,48.17844629930511]},"properties":{"city":"Kalispell","population":272900,"capital":"","tier":1}},{"type":"Feature","geometry":{"type":"Point","coordinates":[117.16502614284492,39.14200036052662]},"properties":{"city":"Tianjin","population":2200000,"capital":"","tier":2}},{"type":"Feature","geometry":{"type":"Point","coordinates":[126.04651337053997,42.696914918091835]},"properties":{"city":"Huinan","population":320000,"capital":"","tier":1}},{"type":"Feature","geometry":{"type":"Point","coordinates":[81.07272459410994,6.995415493203609]},"properties":{"city":"Badulla","population":320000,"capital":"","tier":1}},{"type":"Feature","geometry":{"type":"Point","coordinates":[-9.52721745593927,7.013690247497223]},"properties":{"city":"Gbarnga","population":162600,"capital":"","tier":1}},{"type":"Feature","geometry":{"type":"Point","coordinates":[-8.126845325093448,27.720890883110883]},"properties":{"city":"Tindouf","population":163600,"capital":"","tier":1}},{"type":"Feature","geometry":{"type":"Point","coordinates":[-0.7959087708741631,6.5668453664802655]},"properties":{"city":"Nkawkaw","population":320000,"capital":"","tier":1}},{"type":"Feature","geometry":{"type":"Point","coordinates":[142.1646248062011,-36.70325290510436]},"properties":{"city":"Horsham","population":159700,"capital":"","tier":1}},{"type":"Feature","geometry":{"type":"Point","coordinates":[34.56523810474348,10.08808777333401]},"properties":{"city":"Asosa","population":320000,"capital":"","tier":1}},{"type":"Feature","geometry":{"type":"Point","coordinates":[30.508808668598,39.792796676710395]},"properties":{"city":"Eskisehir","population":320000,"capital":"","tier":1}},{"type":"Feature","geometry":{"type":"Point","coordinates":[-82.97340652051251,39.98385171837401]},"properties":{"city":"Columbus","population":1093100,"capital":"","tier":2}},{"type":"Feature","geometry":{"type":"Point","coordinates":[-82.38951874251762,34.84966916970373]},"properties":{"city":"Greenville","population":320000,"capital":"","tier":1}},{"type":"Feature","geometry":{"type":"Point","coordinates":[15.358280194321457,-4.36328246353537]},"properties":{"city":"Kinshasa","population":12244900,"capital":"primary","tier":3}},{"type":"Feature","geometry":{"type":"Point","coordinates":[47.33601261743231,8.536481337632054]},"properties":{"city":"Las Anod","population":320000,"capital":"","tier":1}},{"type":"Feature","geometry":{"type":"Point","coordinates":[-0.5998805191933282,44.83890126287537]},"properties":{"city":"Bordeaux","population":217500,"capital":"","tier":1}},{"type":"Feature","geometry":{"type":"Point","coordinates":[-84.53671939365645,39.17611263567656]},"properties":{"city":"Cincinnati","population":917600,"capital":"","tier":2}},{"type":"Feature","geometry":{"type":"Point","coordinates":[46.74743863002394,39.83789876050116]},"properties":{"city":"Khankendi","population":320000,"capital":"","tier":1}},{"type":"Feature","geometry":{"type":"Point","coordinates":[0.5906499267862753,44.209892359786494]},"properties":{"city":"Agen","population":292300,"capital":"","tier":1}},{"type":"Feature","geometry":{"type":"Point","coordinates":[-8.45193632691874,41.560511968865114]},"properties":{"city":"Braga","population":193500,"capital":"","tier":1}},{"type":"Feature","geometry":{"type":"Point","coordinates":[39.72468087982679,54.67253320763558]},"properties":{"city":"Ryazan","population":186500,"capital":"","tier":1}},{"type":"Feature","geometry":{"type":"Point","coordinates":[-11.699383499282174,26.86099484804825]},"properties":{"city":"Smara","population":320000,"capital":"","tier":1}},{"type":"Feature","geometry":{"type":"Point","coordinates":[34.99761709291055,32.81781128800199]},"properties":{"city":"Haifa","population":83900,"capital":"","tier":1}},{"type":"Feature","geometry":{"type":"Point","coordinates":[39.72114643818989,40.970449848271585]},"properties":{"city":"Trabzon","population":320000,"capital":"","tier":1}},{"type":"Feature","geometry":{"type":"Point","coordinates":[1.367831597285682,10.303050990471192]},"properties":{"city":"Natitingou","population":320000,"capital":"","tier":1}},{"type":"Feature","geometry":{"type":"Point","coordinates":[138.55605350282423,35.698257548496784]},"properties":{"city":"Kofu","population":320000,"capital":"","tier":1}},{"type":"Feature","geometry":{"type":"Point","coordinates":[-16.510121163244026,13.477307188715727]},"properties":{"city":"Banjul","population":299600,"capital":"primary","tier":3}},{"type":"Feature","geometry":{"type":"Point","coordinates":[129.88076113926732,32.76353114642184]},"properties":{"city":"Nagasaki","population":320000,"capital":"","tier":1}},{"type":"Feature","geometry":{"type":"Point","coordinates":[126.9366712650878,40.09784456707777]},"properties":{"city":"Taehung-up","population":83600,"capital":"","tier":1}},{"type":"Feature","geometry":{"type":"Point","coordinates":[109.13384047996787,21.475820137864304]},"properties":{"city":"Beihai","population":320000,"capital":"","tier":1}},{"type":"Feature","geometry":{"type":"Point","coordinates":[26.165515717082936,-24.370089167480145]},"properties":{"city":"Mochudi","population":42900,"capital":"","tier":1}},{"type":"Feature","geometry":{"type":"Point","coordinates":[132.75317831157122,33.86461231804836]},"properties":{"city":"Matsuyama","population":971800,"capital":"","tier":2}},{"type":"Feature","geometry":{"type":"Point","coordinates":[26.746450388935234,58.38566972809775]},"properties":{"city":"Tartu","population":55100,"capital":"","tier":1}},{"type":"Feature","geometry":{"type":"Point","coordinates":[-87.22415926685575,13.300588334737355]},"properties":{"city":"Choluteca","population":179800,"capital":"","tier":1}},{"type":"Feature","geometry":{"type":"Point","coordinates":[-70.19219572040106,11.703687948763033]},"properties":{"city":"Punto Fijo","population":320000,"capital":"","tier":1}},{"type":"Feature","geometry":{"type":"Point","coordinates":[159.93318037355962,-9.47939311848846]},"properties":{"city":"Honiara","population":143100,"capital":"primary","tier":3}},{"type":"Feature","geometry":{"type":"Point","coordinates":[-93.18784681806797,16.729515314901533]},"properties":{"city":"Tuxtla Gutierrez","population":320000,"capital":"","tier":1}},{"type":"Feature","geometry":{"type":"Point","coordinates":[54.089829209433674,17.090052269529068]},"properties":{"city":"Salalah","population":97400,"capital":"","tier":1}},{"type":"Feature","geometry":{"type":"Point","coordinates":[39.86826912512651,59.24784575513502]},"properties":{"city":"Vologda","population":214700,"capital":"","tier":1}},{"type":"Feature","geometry":{"type":"Point","coordinates":[128.11336415789575,36.15367669818981]},"properties":{"city":"Gimcheon","population":204800,"capital":"","tier":1}},{"type":"Feature","geometry":{"type":"Point","coordinates":[-49.172796950002024,-16.716139959319648]},"properties":{"city":"Goiania","population":2200000,"capital":"","tier":2}},{"type":"Feature","geometry":{"type":"Point","coordinates":[79.8893156992339,45.46329148552539]},"properties":{"city":"Sarqan","population":219700,"capital":"","tier":1}},{"type":"Feature","geometry":{"type":"Point","coordinates":[35.34139379144629,14.13632592111847]},"properties":{"city":"Al-Qadarif","population":320000,"capital":"","tier":1}},{"type":"Feature","geometry":{"type":"Point","coordinates":[-122.24984792674064,47.625145976861376]},"properties":{"city":"Seattle","population":1075100,"capital":"","tier":2}},{"type":"Feature","geometry":{"type":"Point","coordinates":[135.5736130452113,44.59153377072653]},"properties":{"city":"Dalnegorsk","population":166100,"capital":"","tier":1}},{"type":"Feature","geometry":{"type":"Point","coordinates":[126.98148750636562,37.571861997455244]},"properties":{"city":"Seoul","population":8643000,"capital":"primary","tier":3}},{"type":"Feature","geometry":{"type":"Point","coordinates":[15.086708564279725,12.12121076190445]},"properties":{"city":"N'Djamena","population":972300,"capital":"primary","tier":3}},{"type":"Feature","geometry":{"type":"Point","coordinates":[-96.78951657733386,32.80023267321971]},"properties":{"city":"Dallas","population":805900,"capital":"","tier":2}},{"type":"Feature","geometry":{"type":"Point","coordinates":[8.809714581916309,53.082180588340975]},"properties":{"city":"Bremen","population":1691700,"capital":"","tier":2}},{"type":"Feature","geometry":{"type":"Point","coordinates":[-56.503456335420715,-33.413430598512356]},"properties":{"city":"Durazno","population":77900,"capital":"","tier":1}},{"type":"Feature","geometry":{"type":"Point","coordinates":[-1.7438734951124313,8.054500075808889]},"properties":{"city":"Kintampo","population":320000,"capital":"","tier":1}},{"type":"Feature","geometry":{"type":"Point","coordinates":[23.81241195765463,53.71899715367721]},"properties":{"city":"Hrodna","population":205000,"capital":"","tier":1}},{"type":"Feature","geometry":{"type":"Point","coordinates":[-54.18184199976687,-32.34999906328696]},"properties":{"city":"Melo","population":114400,"capital":"","tier":1}},{"type":"Feature","geometry":{"type":"Point","coordinates":[-1.6993393170952413,48.1078806617127]},"properties":{"city":"Rennes","population":236400,"capital":"","tier":1}},{"type":"Feature","geometry":{"type":"Point","coordinates":[24.49258478790879,58.39096741941796]},"properties":{"city":"Parnu","population":49500,"capital":"","tier":1}},{"type":"Feature","geometry":{"type":"Point","coordinates":[6.805281416475655,51.19593612807421]},"properties":{"city":"Dusseldorf","population":320000,"capital":"","tier":1}},{"type":"Feature","geometry":{"type":"Point","coordinates":[72.94485473328788,41.894443572436444]},"properties":{"city":"Toktogul","population":156300,"capital":"","tier":1}},{"type":"Feature","geometry":{"type":"Point","coordinates":[128.90163665885802,40.46644034718648]},"properties":{"city":"Tanchon","population":128900,"capital":"","tier":1}},{"type":"Feature","geometry":{"type":"Point","coordinates":[67.04926360493212,24.90676294591411]},"properties":{"city":"Karachi","population":15006100,"capital":"","tier":2}},{"type":"Feature","geometry":{"type":"Point","coordinates":[90.28415385604966,22.78018243354397]},"properties":{"city":"Barisal","population":320000,"capital":"","tier":1}},{"type":"Feature","geometry":{"type":"Point","coordinates":[-38.74284286141863,-12.974866834582386]},"properties":{"city":"Salvador","population":320000,"capital":"","tier":1}},{"type":"Feature","geometry":{"type":"Point","coordinates":[-70.26470111474826,-18.487069761248634]},"properties":{"city":"Arica","population":255900,"capital":"","tier":1}},{"type":"Feature","geometry":{"type":"Point","coordinates":[31.130551454589042,-26.32380389448653]},"properties":{"city":"Mbabane","population":247000,"capital":"primary","tier":3}},{"type":"Feature","geometry":{"type":"Point","coordinates":[125.25473381732346,39.99472815417164]},"properties":{"city":"Kusong","population":102000,"capital":"","tier":1}},{"type":"Feature","geometry":{"type":"Point","coordinates":[-16.161318447825757,12.253957786750192]},"properties":{"city":"Cacheu","population":52000,"capital":"","tier":1}},{"type":"Feature","geometry":{"type":"Point","coordinates":[1.903373347748728,47.907981640814256]},"properties":{"city":"Orleans","population":279900,"capital":"","tier":1}},{"type":"Feature","geometry":{"type":"Point","coordinates":[100.07556049982833,17.64225141511615]},"properties":{"city":"Uttaradit","population":312200,"capital":"","tier":1}},{"type":"Feature","geometry":{"type":"Point","coordinates":[6.845208115000361,33.45763140728516]},"properties":{"city":"El Oued","population":147900,"capital":"","tier":1}},{"type":"Feature","geometry":{"type":"Point","coordinates":[17.613086997359307,47.69152572510015]},"properties":{"city":"Gyor","population":214200,"capital":"","tier":1}},{"type":"Feature","geometry":{"type":"Point","coordinates":[39.56600627136678,49.5487789695087]},"properties":{"city":"Markivka","population":116900,"capital":"","tier":1}},{"type":"Feature","geometry":{"type":"Point","coordinates":[6.114278276412584,52.51335530633156]},"properties":{"city":"Zwolle","population":320000,"capital":"","tier":1}},{"type":"Feature","geometry":{"type":"Point","coordinates":[71.32755695556142,42.94158724452603]},"properties":{"city":"Taraz","population":216400,"capital":"","tier":1}},{"type":"Feature","geometry":{"type":"Point","coordinates":[86.08980063582867,22.826434213498658]},"properties":{"city":"Jamshedpur","population":320000,"capital":"","tier":1}},{"type":"Feature","geometry":{"type":"Point","coordinates":[24.87583914762825,44.873948633196306]},"properties":{"city":"Pitesti","population":223600,"capital":"","tier":1}},{"type":"Feature","geometry":{"type":"Point","coordinates":[27.313792518548617,-11.635728824709872]},"properties":{"city":"Lubumbashi","population":2200000,"capital":"","tier":2}},{"type":"Feature","geometry":{"type":"Point","coordinates":[43.73158054537922,37.57785284861444]},"properties":{"city":"Hakkari","population":320000,"capital":"","tier":1}},{"type":"Feature","geometry":{"type":"Point","coordinates":[-34.99622421933109,-8.022705049724053]},"properties":{"city":"Recife","population":2200000,"capital":"","tier":2}},{"type":"Feature","geometry":{"type":"Point","coordinates":[107.579703201081,16.477363474805102]},"properties":{"city":"Hue","population":320000,"capital":"","tier":1}},{"type":"Feature","geometry":{"type":"Point","coordinates":[-13.010685226879312,20.571566758874212]},"properties":{"city":"Atar","population":98500,"capital":"","tier":1}},{"type":"Feature","geometry":{"type":"Point","coordinates":[100.94959537454884,22.86976393120618]},"properties":{"city":"Pu'er","population":320000,"capital":"","tier":1}},{"type":"Feature","geometry":{"type":"Point","coordinates":[24.86214189091398,12.117040196215953]},"properties":{"city":"Nyala","population":320000,"capital":"","tier":1}},{"type":"Feature","geometry":{"type":"Point","coordinates":[56.248884493370866,27.243269736968898]},"properties":{"city":"Bandar Abbas","population":320000,"capital":"","tier":1}},{"type":"Feature","geometry":{"type":"Point","coordinates":[-0.6118871547697541,35.214436416716865]},"properties":{"city":"Sidi Bel Abbes","population":202300,"capital":"","tier":1}},{"type":"Feature","geometry":{"type":"Point","coordinates":[-43.914997369965576,-19.97802049964882]},"properties":{"city":"Belo Horizonte","population":2050300,"capital":"","tier":2}},{"type":"Feature","geometry":{"type":"Point","coordinates":[22.421246763014107,38.94906095230854]},"properties":{"city":"Stylida","population":72200,"capital":"","tier":1}},{"type":"Feature","geometry":{"type":"Point","coordinates":[-72.94553436657976,40.78501541741031]},"properties":{"city":"Brookhaven","population":320000,"capital":"","tier":1}},{"type":"Feature","geometry":{"type":"Point","coordinates":[-104.5025198171406,38.235605342923236]},"properties":{"city":"Pueblo","population":239400,"capital":"","tier":1}},{"type":"Feature","geometry":{"type":"Point","coordinates":[10.934669740769303,54.1577001852319]},"properties":{"city":"Gromitz","population":320000,"capital":"","tier":1}},{"type":"Feature","geometry":{"type":"Point","coordinates":[72.42403343256876,-7.4077815436050685]},"properties":{"city":"Maldives","population":12000000,"capital":"primary","tier":3}},{"type":"Feature","geometry":{"type":"Point","coordinates":[120.12462422759619,30.29021324815318]},"properties":{"city":"Hangzhou","population":2200000,"capital":"","tier":2}},{"type":"Feature","geometry":{"type":"Point","coordinates":[11.05975225419549,35.23715559744265]},"properties":{"city":"Chebba","population":93700,"capital":"","tier":1}},{"type":"Feature","geometry":{"type":"Point","coordinates":[70.62059228822405,33.03798285612298]},"properties":{"city":"Bannu","population":320000,"capital":"","tier":1}},{"type":"Feature","geometry":{"type":"Point","coordinates":[-5.312943903086142,6.812417507628837]},"properties":{"city":"Yamoussoukro","population":2083500,"capital":"primary","tier":3}},{"type":"Feature","geometry":{"type":"Point","coordinates":[-9.75290290004085,52.264436700294766]},"properties":{"city":"Tralee","population":172200,"capital":"","tier":1}},{"type":"Feature","geometry":{"type":"Point","coordinates":[-11.757922053739494,7.981888711146993]},"properties":{"city":"Bo (Sierra Leone)","population":220600,"capital":"","tier":1}},{"type":"Feature","geometry":{"type":"Point","coordinates":[115.00351207223473,4.757198694904247]},"properties":{"city":"Limbang","population":243000,"capital":"","tier":1}},{"type":"Feature","geometry":{"type":"Point","coordinates":[-4.247584438609344,11.189038081619344]},"properties":{"city":"Bobo-Dioulasso","population":280700,"capital":"","tier":1}},{"type":"Feature","geometry":{"type":"Point","coordinates":[-73.12704504250951,7.147355628076127]},"properties":{"city":"Bucaramanga","population":320000,"capital":"","tier":1}},{"type":"Feature","geometry":{"type":"Point","coordinates":[14.23219169660837,40.8529390932126]},"properties":{"city":"Naples","population":1555600,"capital":"","tier":2}},{"type":"Feature","geometry":{"type":"Point","coordinates":[7.5731895168274725,51.96816997405247]},"properties":{"city":"Munster","population":320000,"capital":"","tier":1}},{"type":"Feature","geometry":{"type":"Point","coordinates":[-0.42460161738440017,39.47609766501472]},"properties":{"city":"Valencia","population":903900,"capital":"","tier":2}},{"type":"Feature","geometry":{"type":"Point","coordinates":[40.052643585030154,1.7355739752271688]},"properties":{"city":"Wajir","population":320000,"capital":"","tier":1}},{"type":"Feature","geometry":{"type":"Point","coordinates":[22.432921978911477,-5.891611967772434]},"properties":{"city":"Kananga","population":320000,"capital":"","tier":1}},{"type":"Feature","geometry":{"type":"Point","coordinates":[171.14257056248098,-44.37385237731331]},"properties":{"city":"Timaru","population":33000,"capital":"","tier":1}},{"type":"Feature","geometry":{"type":"Point","coordinates":[-94.92893890418003,47.48387881684138]},"properties":{"city":"Bemidji","population":261800,"capital":"","tier":1}},{"type":"Feature","geometry":{"type":"Point","coordinates":[71.82603309464953,40.3612154186805]},"properties":{"city":"Fergana","population":320000,"capital":"","tier":1}},{"type":"Feature","geometry":{"type":"Point","coordinates":[-9.030127703037845,5.0426830042360535]},"properties":{"city":"Greenville (Liberia)","population":124400,"capital":"","tier":1}},{"type":"Feature","geometry":{"type":"Point","coordinates":[3.1996832472969507,46.966955873103785]},"properties":{"city":"Nevers","population":227100,"capital":"","tier":1}},{"type":"Feature","geometry":{"type":"Point","coordinates":[44.20700969116709,15.447895699416136]},"properties":{"city":"Sana a","population":2169700,"capital":"primary","tier":3}},{"type":"Feature","geometry":{"type":"Point","coordinates":[5.720042606074038,34.86726305143513]},"properties":{"city":"Biskra","population":147900,"capital":"","tier":1}},{"type":"Feature","geometry":{"type":"Point","coordinates":[13.107325131377031,14.326385898680485]},"properties":{"city":"N guigmi","population":320000,"capital":"","tier":1}},{"type":"Feature","geometry":{"type":"Point","coordinates":[15.887023723374387,29.18111523740609]},"properties":{"city":"Hun","population":73400,"capital":"","tier":1}},{"type":"Feature","geometry":{"type":"Point","coordinates":[114.58776598971988,-3.3224427401541874]},"properties":{"city":"Banjarmasin","population":320000,"capital":"","tier":1}},{"type":"Feature","geometry":{"type":"Point","coordinates":[21.35755513211425,46.196116734221164]},"properties":{"city":"Arad","population":320000,"capital":"","tier":1}},{"type":"Feature","geometry":{"type":"Point","coordinates":[-1.126217177763392,46.19112956586196]},"properties":{"city":"La Rochelle","population":189300,"capital":"","tier":1}},{"type":"Feature","geometry":{"type":"Point","coordinates":[33.331200854270996,34.86056413694891]},"properties":{"city":"Pano Lefkara","population":25200,"capital":"","tier":1}},{"type":"Feature","geometry":{"type":"Point","coordinates":[34.736714595961075,-0.06972882515566425]},"properties":{"city":"Kisumu","population":2197700,"capital":"","tier":2}},{"type":"Feature","geometry":{"type":"Point","coordinates":[37.164390769832515,48.297906982508295]},"properties":{"city":"Pokrovsk","population":101900,"capital":"","tier":1}},{"type":"Feature","geometry":{"type":"Point","coordinates":[-1.9194562765569174,52.491332818868614]},"properties":{"city":"Birmingham UK","population":2200000,"capital":"","tier":2}},{"type":"Feature","geometry":{"type":"Point","coordinates":[21.14542123007984,42.65743230726241]},"properties":{"city":"Pristina","population":466900,"capital":"primary","tier":3}},{"type":"Feature","geometry":{"type":"Point","coordinates":[-67.72456989983233,-53.778209130827236]},"properties":{"city":"Rio Grande","population":320000,"capital":"","tier":1}},{"type":"Feature","geometry":{"type":"Point","coordinates":[27.716749808346908,59.39521158385355]},"properties":{"city":"Sillamae","population":65000,"capital":"","tier":1}},{"type":"Feature","geometry":{"type":"Point","coordinates":[47.02622692805146,-19.865913810100977]},"properties":{"city":"Antsirabe","population":320000,"capital":"","tier":1}},{"type":"Feature","geometry":{"type":"Point","coordinates":[33.56006013504771,14.473454819856272]},"properties":{"city":"Wad Madani","population":320000,"capital":"","tier":1}},{"type":"Feature","geometry":{"type":"Point","coordinates":[16.549032759110133,20.50180852852546]},"properties":{"city":"Zouar","population":178800,"capital":"","tier":1}},{"type":"Feature","geometry":{"type":"Point","coordinates":[30.44272623635018,19.31874341855483]},"properties":{"city":"Dongola","population":320000,"capital":"","tier":1}},{"type":"Feature","geometry":{"type":"Point","coordinates":[20.287565268415392,42.68640392052373]},"properties":{"city":"Peja","population":161700,"capital":"","tier":1}},{"type":"Feature","geometry":{"type":"Point","coordinates":[3.2818468199628,34.82535735323415]},"properties":{"city":"Djelfa","population":146200,"capital":"","tier":1}},{"type":"Feature","geometry":{"type":"Point","coordinates":[-130.18415006803963,54.309877021009726]},"properties":{"city":"Prince Rupert","population":320000,"capital":"","tier":1}},{"type":"Feature","geometry":{"type":"Point","coordinates":[-78.77710785181202,21.852823134688634]},"properties":{"city":"Ciego de Avila","population":128500,"capital":"","tier":1}},{"type":"Feature","geometry":{"type":"Point","coordinates":[126.66954867152451,38.78332416613421]},"properties":{"city":"Goksan-eup","population":76000,"capital":"","tier":1}},{"type":"Feature","geometry":{"type":"Point","coordinates":[33.42150919549777,49.10213328997298]},"properties":{"city":"Kremenchuk","population":148700,"capital":"","tier":1}},{"type":"Feature","geometry":{"type":"Point","coordinates":[139.0737041468229,37.88996958861827]},"properties":{"city":"Niigata","population":320000,"capital":"","tier":1}},{"type":"Feature","geometry":{"type":"Point","coordinates":[-48.451818121227554,-10.178988954810578]},"properties":{"city":"Palmas","population":320000,"capital":"","tier":1}},{"type":"Feature","geometry":{"type":"Point","coordinates":[81.60959492074133,28.104506704004592]},"properties":{"city":"Nepalgunj","population":320000,"capital":"","tier":1}},{"type":"Feature","geometry":{"type":"Point","coordinates":[142.09447610320473,49.103809447967194]},"properties":{"city":"Uglegorsk","population":205700,"capital":"","tier":1}},{"type":"Feature","geometry":{"type":"Point","coordinates":[13.22245852933975,32.84504267677069]},"properties":{"city":"Tripoli","population":1102300,"capital":"primary","tier":3}},{"type":"Feature","geometry":{"type":"Point","coordinates":[17.088088509816856,39.095671478451294]},"properties":{"city":"Crotone","population":320000,"capital":"","tier":1}},{"type":"Feature","geometry":{"type":"Point","coordinates":[-64.2498056883433,8.881733429501097]},"properties":{"city":"El Tigre","population":320000,"capital":"","tier":1}},{"type":"Feature","geometry":{"type":"Point","coordinates":[158.76355740450768,52.99792579313484]},"properties":{"city":"Kamchatka","population":981900,"capital":"","tier":2}},{"type":"Feature","geometry":{"type":"Point","coordinates":[109.21788664262195,23.779154630693043]},"properties":{"city":"Laibin","population":320000,"capital":"","tier":1}},{"type":"Feature","geometry":{"type":"Point","coordinates":[99.93774883926324,12.583087109722712]},"properties":{"city":"Hua Hin","population":320000,"capital":"","tier":1}},{"type":"Feature","geometry":{"type":"Point","coordinates":[38.403547537039564,48.93976934360049]},"properties":{"city":"Lysychansk","population":107100,"capital":"","tier":1}},{"type":"Feature","geometry":{"type":"Point","coordinates":[17.30814039374334,62.365709808240666]},"properties":{"city":"Sundsvall","population":235500,"capital":"","tier":1}},{"type":"Feature","geometry":{"type":"Point","coordinates":[6.588944451587495,48.02657359874988]},"properties":{"city":"Remiremont","population":228600,"capital":"","tier":1}},{"type":"Feature","geometry":{"type":"Point","coordinates":[-75.20828223055113,20.142634357714314]},"properties":{"city":"Guantanamo","population":150200,"capital":"","tier":1}},{"type":"Feature","geometry":{"type":"Point","coordinates":[34.252631364124454,31.303290046946174]},"properties":{"city":"Rafah","population":22600,"capital":"","tier":1}},{"type":"Feature","geometry":{"type":"Point","coordinates":[50.79201128719123,25.43098592705276]},"properties":{"city":"Dukhan","population":171300,"capital":"","tier":1}},{"type":"Feature","geometry":{"type":"Point","coordinates":[19.691938491282922,13.34530082539861]},"properties":{"city":"Umm Hajar","population":157700,"capital":"","tier":1}},{"type":"Feature","geometry":{"type":"Point","coordinates":[18.846221658117503,-5.0542436793056]},"properties":{"city":"Kikwit","population":320000,"capital":"","tier":1}},{"type":"Feature","geometry":{"type":"Point","coordinates":[55.98549015133045,25.771591739998513]},"properties":{"city":"Ras Al Khaimah","population":320000,"capital":"","tier":1}},{"type":"Feature","geometry":{"type":"Point","coordinates":[121.56383666466797,25.068592363470728]},"properties":{"city":"Taipei","population":2428200,"capital":"primary","tier":3}},{"type":"Feature","geometry":{"type":"Point","coordinates":[-1.0819391755571404,11.174472265730145]},"properties":{"city":"Po","population":320000,"capital":"","tier":1}},{"type":"Feature","geometry":{"type":"Point","coordinates":[11.503391259492508,3.8705046308508884]},"properties":{"city":"Yaounde","population":1076100,"capital":"primary","tier":3}},{"type":"Feature","geometry":{"type":"Point","coordinates":[14.95515536075456,-16.758723383165787]},"properties":{"city":"Xangongo","population":240200,"capital":"","tier":1}},{"type":"Feature","geometry":{"type":"Point","coordinates":[-63.04971150885129,-9.932891801212165]},"properties":{"city":"Ariquemes","population":320000,"capital":"","tier":1}},{"type":"Feature","geometry":{"type":"Point","coordinates":[47.762313311912635,-22.836267687313438]},"properties":{"city":"Farafangana","population":320000,"capital":"","tier":1}},{"type":"Feature","geometry":{"type":"Point","coordinates":[-81.4038222023787,28.512605986260397]},"properties":{"city":"Orlando","population":725500,"capital":"","tier":2}},{"type":"Feature","geometry":{"type":"Point","coordinates":[-88.00690737243318,43.03758272137986]},"properties":{"city":"Milwaukee","population":315800,"capital":"","tier":1}},{"type":"Feature","geometry":{"type":"Point","coordinates":[23.681772508107166,52.13779392367408]},"properties":{"city":"Brest (Belarus)","population":155900,"capital":"","tier":1}},{"type":"Feature","geometry":{"type":"Point","coordinates":[76.26846050511995,9.965412244319054]},"properties":{"city":"Kochi (India)","population":320000,"capital":"","tier":1}},{"type":"Feature","geometry":{"type":"Point","coordinates":[42.48806128934304,-0.32166691511902457]},"properties":{"city":"Kismayo","population":320000,"capital":"","tier":1}},{"type":"Feature","geometry":{"type":"Point","coordinates":[63.4708560384261,53.32394727098463]},"properties":{"city":"Kostanay","population":205800,"capital":"","tier":1}},{"type":"Feature","geometry":{"type":"Point","coordinates":[-85.97943401818152,11.929574367136581]},"properties":{"city":"Granada (Nicaragua)","population":109800,"capital":"","tier":1}},{"type":"Feature","geometry":{"type":"Point","coordinates":[-69.31822691568536,10.061237588024184]},"properties":{"city":"Barquisimeto","population":1142900,"capital":"","tier":2}},{"type":"Feature","geometry":{"type":"Point","coordinates":[40.2642349623507,43.31569111539247]},"properties":{"city":"Gagra","population":320000,"capital":"","tier":1}},{"type":"Feature","geometry":{"type":"Point","coordinates":[-80.73301500180563,-0.9975626976869023]},"properties":{"city":"Manta","population":280700,"capital":"","tier":1}},{"type":"Feature","geometry":{"type":"Point","coordinates":[126.63394559173052,45.762459872791396]},"properties":{"city":"Harbin","population":2200000,"capital":"","tier":2}},{"type":"Feature","geometry":{"type":"Point","coordinates":[118.67039936817467,37.48799808704719]},"properties":{"city":"Dongying","population":2200000,"capital":"","tier":2}},{"type":"Feature","geometry":{"type":"Point","coordinates":[9.010712006616165,46.15785092732003]},"properties":{"city":"Bellinzona","population":320000,"capital":"","tier":1}},{"type":"Feature","geometry":{"type":"Point","coordinates":[35.19992075810048,31.780590649610602]},"properties":{"city":"Jerusalem","population":972300,"capital":"","tier":2}},{"type":"Feature","geometry":{"type":"Point","coordinates":[35.48733212322936,33.89489632677798]},"properties":{"city":"Beirut","population":570000,"capital":"primary","tier":3}},{"type":"Feature","geometry":{"type":"Point","coordinates":[20.768988840398816,-6.424672397163931]},"properties":{"city":"Tshikapa","population":320000,"capital":"","tier":1}},{"type":"Feature","geometry":{"type":"Point","coordinates":[129.71880284153426,62.123592750604075]},"properties":{"city":"Yakutsk","population":854600,"capital":"","tier":2}},{"type":"Feature","geometry":{"type":"Point","coordinates":[-68.13650300959644,-38.93978104358061]},"properties":{"city":"Neuquen","population":320000,"capital":"","tier":1}},{"type":"Feature","geometry":{"type":"Point","coordinates":[-14.43390686447278,65.2681737648291]},"properties":{"city":"Egilsstaoir","population":14400,"capital":"","tier":1}},{"type":"Feature","geometry":{"type":"Point","coordinates":[9.520976434661721,47.14375358234335]},"properties":{"city":"Vaduz","population":18000,"capital":"primary","tier":3}},{"type":"Feature","geometry":{"type":"Point","coordinates":[34.7528411354934,-19.803736866201277]},"properties":{"city":"Beira","population":320000,"capital":"","tier":1}},{"type":"Feature","geometry":{"type":"Point","coordinates":[17.67146053301424,-14.656911311166994]},"properties":{"city":"Menongue","population":245000,"capital":"","tier":1}},{"type":"Feature","geometry":{"type":"Point","coordinates":[42.0926177862815,47.51544008780692]},"properties":{"city":"Volgodonsk","population":144700,"capital":"","tier":1}},{"type":"Feature","geometry":{"type":"Point","coordinates":[133.90768787427785,34.660034846127346]},"properties":{"city":"Okayama","population":320000,"capital":"","tier":1}},{"type":"Feature","geometry":{"type":"Point","coordinates":[-77.99674473143983,34.22097787504126]},"properties":{"city":"Wilmington","population":320000,"capital":"","tier":1}},{"type":"Feature","geometry":{"type":"Point","coordinates":[-99.8111165467941,16.941712463870303]},"properties":{"city":"Acapulco","population":320000,"capital":"","tier":1}},{"type":"Feature","geometry":{"type":"Point","coordinates":[19.705138020015916,46.89986397208037]},"properties":{"city":"Kecskemet","population":234100,"capital":"","tier":1}},{"type":"Feature","geometry":{"type":"Point","coordinates":[116.12411128072694,5.959877535757016]},"properties":{"city":"Kota Kinabalu","population":267400,"capital":"","tier":1}},{"type":"Feature","geometry":{"type":"Point","coordinates":[92.97896876818751,20.237926316180165]},"properties":{"city":"Sittwe","population":41900,"capital":"","tier":1}},{"type":"Feature","geometry":{"type":"Point","coordinates":[98.19783209320079,14.112282103337563]},"properties":{"city":"Myeik","population":40000,"capital":"","tier":1}},{"type":"Feature","geometry":{"type":"Point","coordinates":[175.27669722918185,-37.770295910962695]},"properties":{"city":"Hamilton","population":37800,"capital":"","tier":1}},{"type":"Feature","geometry":{"type":"Point","coordinates":[147.30467403611752,-42.87240695173666]},"properties":{"city":"Hobart","population":203000,"capital":"","tier":1}},{"type":"Feature","geometry":{"type":"Point","coordinates":[109.55977572483962,19.499078978147537]},"properties":{"city":"Danzhou City","population":320000,"capital":"","tier":1}},{"type":"Feature","geometry":{"type":"Point","coordinates":[44.68058250783128,39.87850011004812]},"properties":{"city":"Ararat","population":86600,"capital":"","tier":1}},{"type":"Feature","geometry":{"type":"Point","coordinates":[-95.9827983396721,41.259608187869645]},"properties":{"city":"Omaha","population":822600,"capital":"","tier":2}},{"type":"Feature","geometry":{"type":"Point","coordinates":[7.7039278491300855,48.58860403917376]},"properties":{"city":"Strasbourg","population":220600,"capital":"","tier":1}},{"type":"Feature","geometry":{"type":"Point","coordinates":[-75.01611929219816,18.411333464642667]},"properties":{"city":"Lulu Town","population":314800,"capital":"","tier":1}},{"type":"Feature","geometry":{"type":"Point","coordinates":[98.33868513537837,39.79736321432932]},"properties":{"city":"Jiuquan","population":320000,"capital":"","tier":1}},{"type":"Feature","geometry":{"type":"Point","coordinates":[23.516797683940943,49.38848680313737]},"properties":{"city":"Drohobych","population":107200,"capital":"","tier":1}},{"type":"Feature","geometry":{"type":"Point","coordinates":[106.85084452153731,-6.207327071460355]},"properties":{"city":"Jakarta","population":9832600,"capital":"primary","tier":3}},{"type":"Feature","geometry":{"type":"Point","coordinates":[20.34873211129897,43.90321211972247]},"properties":{"city":"Cacak","population":102200,"capital":"","tier":1}},{"type":"Feature","geometry":{"type":"Point","coordinates":[-112.04029114078493,43.476123371218165]},"properties":{"city":"Idaho Falls","population":260800,"capital":"","tier":1}},{"type":"Feature","geometry":{"type":"Point","coordinates":[127.63005756214791,52.0516593074133]},"properties":{"city":"Shimanovsk","population":205700,"capital":"","tier":1}},{"type":"Feature","geometry":{"type":"Point","coordinates":[13.380358712301287,9.309000535318688]},"properties":{"city":"Garoua","population":320000,"capital":"","tier":1}},{"type":"Feature","geometry":{"type":"Point","coordinates":[119.95660173508867,36.816441003498326]},"properties":{"city":"Pingdu","population":320000,"capital":"","tier":1}},{"type":"Feature","geometry":{"type":"Point","coordinates":[77.09543034431144,28.642604467744803]},"properties":{"city":"New Delhi","population":12000000,"capital":"primary","tier":3}},{"type":"Feature","geometry":{"type":"Point","coordinates":[72.94762264013902,19.030847176078836]},"properties":{"city":"Mumbai","population":13087000,"capital":"","tier":2}},{"type":"Feature","geometry":{"type":"Point","coordinates":[12.383606842861823,43.10536136269434]},"properties":{"city":"Perugia","population":320000,"capital":"","tier":1}},{"type":"Feature","geometry":{"type":"Point","coordinates":[-70.71538092825902,-34.1780533954328]},"properties":{"city":"Rancagua","population":186800,"capital":"","tier":1}},{"type":"Feature","geometry":{"type":"Point","coordinates":[127.13326522057876,37.591908861132296]},"properties":{"city":"Guri","population":165100,"capital":"","tier":1}},{"type":"Feature","geometry":{"type":"Point","coordinates":[-106.36872237341214,31.816339142974712]},"properties":{"city":"El Paso","population":320000,"capital":"","tier":1}},{"type":"Feature","geometry":{"type":"Point","coordinates":[98.64736632849078,9.96912638114047]},"properties":{"city":"Ranong","population":320000,"capital":"","tier":1}},{"type":"Feature","geometry":{"type":"Point","coordinates":[-2.590108390612079,7.463243696885257]},"properties":{"city":"Berekum","population":320000,"capital":"","tier":1}},{"type":"Feature","geometry":{"type":"Point","coordinates":[122.96324498395163,39.73788244207242]},"properties":{"city":"Zhuanghe","population":320000,"capital":"","tier":1}},{"type":"Feature","geometry":{"type":"Point","coordinates":[-76.36353295146338,-6.474192099025942]},"properties":{"city":"Tarapoto","population":320000,"capital":"","tier":1}},{"type":"Feature","geometry":{"type":"Point","coordinates":[8.782873427993248,3.72929681817989]},"properties":{"city":"Malabo","population":321800,"capital":"primary","tier":3}},{"type":"Feature","geometry":{"type":"Point","coordinates":[-76.82871321825218,18.029253299260233]},"properties":{"city":"Kingston","population":624100,"capital":"primary","tier":3}},{"type":"Feature","geometry":{"type":"Point","coordinates":[22.94519115178404,54.09447686140305]},"properties":{"city":"Suwalki","population":320000,"capital":"","tier":1}},{"type":"Feature","geometry":{"type":"Point","coordinates":[99.49675152545497,18.318625701692824]},"properties":{"city":"Lampang","population":285000,"capital":"","tier":1}},{"type":"Feature","geometry":{"type":"Point","coordinates":[-65.23755674290427,-24.218716114501476]},"properties":{"city":"Jujuy","population":320000,"capital":"","tier":1}},{"type":"Feature","geometry":{"type":"Point","coordinates":[32.61603012021979,35.184316089011915]},"properties":{"city":"Kokkina","population":106700,"capital":"","tier":1}},{"type":"Feature","geometry":{"type":"Point","coordinates":[115.19434905126859,-8.730657822893505]},"properties":{"city":"Denpasar","population":2200000,"capital":"","tier":2}},{"type":"Feature","geometry":{"type":"Point","coordinates":[29.264291919805128,0.12511339899346297]},"properties":{"city":"Butembo","population":320000,"capital":"","tier":1}},{"type":"Feature","geometry":{"type":"Point","coordinates":[128.6064597732718,35.88234095766374]},"properties":{"city":"Daegu","population":694000,"capital":"","tier":2}},{"type":"Feature","geometry":{"type":"Point","coordinates":[173.92474498828287,-41.50414890831271]},"properties":{"city":"Blenheim","population":31200,"capital":"","tier":1}},{"type":"Feature","geometry":{"type":"Point","coordinates":[125.13945732493958,42.914345107238006]},"properties":{"city":"Liaoyuan","population":320000,"capital":"","tier":1}},{"type":"Feature","geometry":{"type":"Point","coordinates":[24.70732207793311,42.18125641213621]},"properties":{"city":"Plovdiv","population":111100,"capital":"","tier":1}},{"type":"Feature","geometry":{"type":"Point","coordinates":[-60.05374003240121,-22.377454743536035]},"properties":{"city":"Filadelfia","population":62600,"capital":"","tier":1}},{"type":"Feature","geometry":{"type":"Point","coordinates":[52.47470767051226,29.721117786266177]},"properties":{"city":"Shiraz","population":2200000,"capital":"","tier":2}},{"type":"Feature","geometry":{"type":"Point","coordinates":[26.725346160378106,-28.00303802953846]},"properties":{"city":"Welkom","population":320000,"capital":"","tier":1}},{"type":"Feature","geometry":{"type":"Point","coordinates":[77.17070362671261,31.133888484955776]},"properties":{"city":"Shimla","population":320000,"capital":"","tier":1}},{"type":"Feature","geometry":{"type":"Point","coordinates":[39.4788440394095,13.515367931953165]},"properties":{"city":"Mek'ele","population":320000,"capital":"","tier":1}},{"type":"Feature","geometry":{"type":"Point","coordinates":[91.29791293155996,23.81621024538009]},"properties":{"city":"Agartala","population":320000,"capital":"","tier":1}},{"type":"Feature","geometry":{"type":"Point","coordinates":[48.94545356024576,57.644603221459306]},"properties":{"city":"Sovetsk","population":146400,"capital":"","tier":1}},{"type":"Feature","geometry":{"type":"Point","coordinates":[9.715148236134375,52.394906374710274]},"properties":{"city":"Hanover","population":320000,"capital":"","tier":1}},{"type":"Feature","geometry":{"type":"Point","coordinates":[119.53797431359602,-5.159689012556981]},"properties":{"city":"Makassar","population":2200000,"capital":"","tier":2}},{"type":"Feature","geometry":{"type":"Point","coordinates":[31.346722325420146,47.61194433640668]},"properties":{"city":"Voznesensk","population":129400,"capital":"","tier":1}},{"type":"Feature","geometry":{"type":"Point","coordinates":[24.71452588252338,48.95018546784925]},"properties":{"city":"Ivano-Frankivsk","population":123600,"capital":"","tier":1}},{"type":"Feature","geometry":{"type":"Point","coordinates":[-97.95903931242981,22.199782682844273]},"properties":{"city":"Tampico","population":320000,"capital":"","tier":1}},{"type":"Feature","geometry":{"type":"Point","coordinates":[-122.73821966926899,45.46082713679269]},"properties":{"city":"Portland","population":957200,"capital":"","tier":2}},{"type":"Feature","geometry":{"type":"Point","coordinates":[16.680046223064224,45.031184773337145]},"properties":{"city":"Prijedor","population":247500,"capital":"","tier":1}},{"type":"Feature","geometry":{"type":"Point","coordinates":[26.299493354596294,42.70570212055844]},"properties":{"city":"Sliven","population":90400,"capital":"","tier":1}},{"type":"Feature","geometry":{"type":"Point","coordinates":[44.38788448401213,32.00933307554574]},"properties":{"city":"Al-Najaf","population":320000,"capital":"","tier":1}},{"type":"Feature","geometry":{"type":"Point","coordinates":[15.663159191207187,38.09976581973049]},"properties":{"city":"Reggio Calabria","population":320000,"capital":"","tier":1}},{"type":"Feature","geometry":{"type":"Point","coordinates":[30.920015724314307,47.2092783070359]},"properties":{"city":"Berezivka","population":115600,"capital":"","tier":1}},{"type":"Feature","geometry":{"type":"Point","coordinates":[-76.26974173065717,20.924188489512346]},"properties":{"city":"Holguin","population":156800,"capital":"","tier":1}},{"type":"Feature","geometry":{"type":"Point","coordinates":[-70.20279969486894,-15.503576393315399]},"properties":{"city":"Juliaca","population":277200,"capital":"","tier":1}},{"type":"Feature","geometry":{"type":"Point","coordinates":[-0.045018210482599776,14.032600638373623]},"properties":{"city":"Dori","population":320000,"capital":"","tier":1}},{"type":"Feature","geometry":{"type":"Point","coordinates":[54.383391750002644,24.470614323606753]},"properties":{"city":"Abu Dhabi","population":940300,"capital":"primary","tier":3}},{"type":"Feature","geometry":{"type":"Point","coordinates":[-76.26276803256648,-9.911373425726055]},"properties":{"city":"Huanuco","population":279800,"capital":"","tier":1}},{"type":"Feature","geometry":{"type":"Point","coordinates":[16.33420260205563,-9.510011413330872]},"properties":{"city":"Malanje","population":249600,"capital":"","tier":1}},{"type":"Feature","geometry":{"type":"Point","coordinates":[-92.65440984831109,33.22068457927729]},"properties":{"city":"El Dorado","population":243700,"capital":"","tier":1}},{"type":"Feature","geometry":{"type":"Point","coordinates":[18.18679972715243,40.3707020034966]},"properties":{"city":"Lecce","population":320000,"capital":"","tier":1}},{"type":"Feature","geometry":{"type":"Point","coordinates":[-71.60297722206339,-16.418979396150576]},"properties":{"city":"Arequipa","population":317400,"capital":"","tier":1}},{"type":"Feature","geometry":{"type":"Point","coordinates":[10.159543300897202,56.149323823343366]},"properties":{"city":"Aarhus","population":4000,"capital":"","tier":1}},{"type":"Feature","geometry":{"type":"Point","coordinates":[107.57230047767106,-6.924046504794731]},"properties":{"city":"Bandung","population":2200000,"capital":"","tier":2}},{"type":"Feature","geometry":{"type":"Point","coordinates":[-63.17531692468504,9.757629124556075]},"properties":{"city":"Maturin","population":320000,"capital":"","tier":1}},{"type":"Feature","geometry":{"type":"Point","coordinates":[31.320193227066873,58.54415335753447]},"properties":{"city":"Veliky Novgorod","population":148000,"capital":"","tier":1}},{"type":"Feature","geometry":{"type":"Point","coordinates":[7.161014495131185,53.36535295307951]},"properties":{"city":"Emden","population":320000,"capital":"","tier":1}},{"type":"Feature","geometry":{"type":"Point","coordinates":[-64.19978325315905,-31.405186068594233]},"properties":{"city":"Cordoba AR","population":1968900,"capital":"","tier":2}},{"type":"Feature","geometry":{"type":"Point","coordinates":[39.25911622499502,48.61469963886779]},"properties":{"city":"Luhansk","population":149300,"capital":"","tier":1}},{"type":"Feature","geometry":{"type":"Point","coordinates":[85.96550360203426,51.931843683635805]},"properties":{"city":"Gorno-Altaysk","population":224200,"capital":"","tier":1}},{"type":"Feature","geometry":{"type":"Point","coordinates":[120.41213860893104,17.59546445721263]},"properties":{"city":"Vigan","population":320000,"capital":"","tier":1}},{"type":"Feature","geometry":{"type":"Point","coordinates":[41.947271699214134,45.09707162512194]},"properties":{"city":"Stravropol","population":163800,"capital":"","tier":1}},{"type":"Feature","geometry":{"type":"Point","coordinates":[-0.38545694487330606,49.17914109638332]},"properties":{"city":"Caen","population":265500,"capital":"","tier":1}},{"type":"Feature","geometry":{"type":"Point","coordinates":[126.54462289057305,43.86169394916189]},"properties":{"city":"Jilin City","population":2200000,"capital":"","tier":2}},{"type":"Feature","geometry":{"type":"Point","coordinates":[126.2765039537802,40.18953520927667]},"properties":{"city":"Huichon","population":90600,"capital":"","tier":1}},{"type":"Feature","geometry":{"type":"Point","coordinates":[-67.50913208968868,7.820150621122352]},"properties":{"city":"San Fernando de Apure","population":320000,"capital":"","tier":1}},{"type":"Feature","geometry":{"type":"Point","coordinates":[-57.138798862159184,-24.096405130330282]},"properties":{"city":"San Pedro de Ycuamandyyu","population":66800,"capital":"","tier":1}},{"type":"Feature","geometry":{"type":"Point","coordinates":[30.998376812198572,52.45369939264481]},"properties":{"city":"Homel","population":161500,"capital":"","tier":1}},{"type":"Feature","geometry":{"type":"Point","coordinates":[-84.5106225296483,38.0343465589653]},"properties":{"city":"Lexington","population":284300,"capital":"","tier":1}},{"type":"Feature","geometry":{"type":"Point","coordinates":[73.37612380884421,61.29027540518592]},"properties":{"city":"Surgut","population":192100,"capital":"","tier":1}},{"type":"Feature","geometry":{"type":"Point","coordinates":[37.157845144758504,36.218975303538784]},"properties":{"city":"Aleppo","population":2200000,"capital":"","tier":2}},{"type":"Feature","geometry":{"type":"Point","coordinates":[-2.263352740092843,31.691850999321332]},"properties":{"city":"Bechar","population":203900,"capital":"","tier":1}},{"type":"Feature","geometry":{"type":"Point","coordinates":[9.940930195954778,2.9368141178403278]},"properties":{"city":"Ebolowa","population":320000,"capital":"","tier":1}},{"type":"Feature","geometry":{"type":"Point","coordinates":[-68.74570229461413,44.800081637011374]},"properties":{"city":"Bangor","population":297100,"capital":"","tier":1}},{"type":"Feature","geometry":{"type":"Point","coordinates":[75.849655088112,17.69184396747184]},"properties":{"city":"Solapur","population":320000,"capital":"","tier":1}},{"type":"Feature","geometry":{"type":"Point","coordinates":[-79.1828131170951,-4.005070155668648]},"properties":{"city":"Loja","population":215600,"capital":"","tier":1}},{"type":"Feature","geometry":{"type":"Point","coordinates":[101.26074078068808,12.706798643275292]},"properties":{"city":"Rayong","population":320000,"capital":"","tier":1}},{"type":"Feature","geometry":{"type":"Point","coordinates":[118.99701030956912,25.464168795180456]},"properties":{"city":"Putian","population":320000,"capital":"","tier":1}},{"type":"Feature","geometry":{"type":"Point","coordinates":[102.72623986928102,25.107825543357805]},"properties":{"city":"Kunming","population":2200000,"capital":"","tier":2}},{"type":"Feature","geometry":{"type":"Point","coordinates":[-85.66842676831169,42.96088866888266]},"properties":{"city":"Grand Rapids","population":320000,"capital":"","tier":1}},{"type":"Feature","geometry":{"type":"Point","coordinates":[126.56370077029365,33.27520211490099]},"properties":{"city":"Seogwipo","population":150900,"capital":"","tier":1}},{"type":"Feature","geometry":{"type":"Point","coordinates":[114.01680646272334,22.64480390627145]},"properties":{"city":"Shenzen","population":2200000,"capital":"","tier":2}},{"type":"Feature","geometry":{"type":"Point","coordinates":[108.332642703654,21.724131541722357]},"properties":{"city":"Fangchenggang","population":320000,"capital":"","tier":1}},{"type":"Feature","geometry":{"type":"Point","coordinates":[2.9174303424055266,11.155647028866795]},"properties":{"city":"Kandi","population":320000,"capital":"","tier":1}},{"type":"Feature","geometry":{"type":"Point","coordinates":[-79.9490887363633,32.79293396428257]},"properties":{"city":"Charleston","population":320000,"capital":"","tier":1}},{"type":"Feature","geometry":{"type":"Point","coordinates":[-90.61673266191332,14.642349906312703]},"properties":{"city":"Guatemala City","population":2732100,"capital":"primary","tier":3}},{"type":"Feature","geometry":{"type":"Point","coordinates":[62.19851609663659,34.44154849327565]},"properties":{"city":"Herat","population":320000,"capital":"","tier":1}},{"type":"Feature","geometry":{"type":"Point","coordinates":[-122.46128870206762,47.21004025287229]},"properties":{"city":"Tacoma","population":281500,"capital":"","tier":1}},{"type":"Feature","geometry":{"type":"Point","coordinates":[35.929614422744685,34.928159270168976]},"properties":{"city":"Tartus","population":309700,"capital":"","tier":1}},{"type":"Feature","geometry":{"type":"Point","coordinates":[44.620736142385525,33.788717457184006]},"properties":{"city":"Baqubah","population":320000,"capital":"","tier":1}},{"type":"Feature","geometry":{"type":"Point","coordinates":[-60.73765948765914,2.8257196033562053]},"properties":{"city":"Boa Vista","population":320000,"capital":"","tier":1}},{"type":"Feature","geometry":{"type":"Point","coordinates":[110.36450820547343,1.5910281929206604]},"properties":{"city":"Kuching","population":282600,"capital":"","tier":1}},{"type":"Feature","geometry":{"type":"Point","coordinates":[34.92238325041256,32.57048105998146]},"properties":{"city":"Zikhron Yaakov","population":64000,"capital":"","tier":1}},{"type":"Feature","geometry":{"type":"Point","coordinates":[35.50030163806233,32.98177884666309]},"properties":{"city":"Safed","population":94600,"capital":"","tier":1}},{"type":"Feature","geometry":{"type":"Point","coordinates":[76.61069726589776,8.916176198421525]},"properties":{"city":"Kollam","population":320000,"capital":"","tier":1}},{"type":"Feature","geometry":{"type":"Point","coordinates":[16.929700274435636,-12.371516446798921]},"properties":{"city":"Cuito","population":239500,"capital":"","tier":1}},{"type":"Feature","geometry":{"type":"Point","coordinates":[35.286931939041075,32.930192175345894]},"properties":{"city":"Karmiel","population":88600,"capital":"","tier":1}},{"type":"Feature","geometry":{"type":"Point","coordinates":[125.40889327581007,38.77215105513878]},"properties":{"city":"Nampo","population":744700,"capital":"","tier":2}},{"type":"Feature","geometry":{"type":"Point","coordinates":[28.260792483391782,57.87373787644327]},"properties":{"city":"Pskov","population":203800,"capital":"","tier":1}},{"type":"Feature","geometry":{"type":"Point","coordinates":[45.57438701961906,20.49339189986732]},"properties":{"city":"As Sulayyil","population":320000,"capital":"","tier":1}},{"type":"Feature","geometry":{"type":"Point","coordinates":[103.98147653929442,49.02623374936209]},"properties":{"city":"Erdenet","population":226800,"capital":"","tier":2}},{"type":"Feature","geometry":{"type":"Point","coordinates":[-55.657364890191865,-27.061557324773915]},"properties":{"city":"Hohenau","population":96300,"capital":"","tier":1}},{"type":"Feature","geometry":{"type":"Point","coordinates":[117.15813705123709,34.31111596698115]},"properties":{"city":"Xuzhou","population":320000,"capital":"","tier":1}},{"type":"Feature","geometry":{"type":"Point","coordinates":[-66.34139946552679,-33.28172108066861]},"properties":{"city":"San Luis","population":320000,"capital":"","tier":1}},{"type":"Feature","geometry":{"type":"Point","coordinates":[47.728759525951524,30.57029172084026]},"properties":{"city":"Basra","population":1709600,"capital":"","tier":2}},{"type":"Feature","geometry":{"type":"Point","coordinates":[-56.98295234173261,5.900961887196317]},"properties":{"city":"Nieuw Nickerie","population":21800,"capital":"","tier":1}},{"type":"Feature","geometry":{"type":"Point","coordinates":[21.428677209774996,42.00563135096954]},"properties":{"city":"Skopje","population":482500,"capital":"primary","tier":3}},{"type":"Feature","geometry":{"type":"Point","coordinates":[35.0930472873785,31.450868402471585]},"properties":{"city":"Yatta","population":32400,"capital":"","tier":1}},{"type":"Feature","geometry":{"type":"Point","coordinates":[-112.42190110054429,42.84341165663176]},"properties":{"city":"Pocatello","population":248500,"capital":"","tier":1}},{"type":"Feature","geometry":{"type":"Point","coordinates":[40.107026193223845,44.61931931604954]},"properties":{"city":"Maykop","population":144000,"capital":"","tier":1}},{"type":"Feature","geometry":{"type":"Point","coordinates":[21.670228198073048,63.093911084590786]},"properties":{"city":"Vaasa","population":92900,"capital":"","tier":1}},{"type":"Feature","geometry":{"type":"Point","coordinates":[95.4034190506372,5.519173591690276]},"properties":{"city":"Banda Aceh","population":320000,"capital":"","tier":1}},{"type":"Feature","geometry":{"type":"Point","coordinates":[174.75748921904315,-36.854725769023894]},"properties":{"city":"Auckland","population":640600,"capital":"","tier":2}},{"type":"Feature","geometry":{"type":"Point","coordinates":[103.22334959089089,3.7456721767778447]},"properties":{"city":"Kuantan","population":296100,"capital":"","tier":1}},{"type":"Feature","geometry":{"type":"Point","coordinates":[-96.82582925048625,43.551086804092705]},"properties":{"city":"Sioux Falls","population":218000,"capital":"","tier":1}},{"type":"Feature","geometry":{"type":"Point","coordinates":[-114.90611981499218,39.230708404844734]},"properties":{"city":"Ely","population":224100,"capital":"","tier":1}},{"type":"Feature","geometry":{"type":"Point","coordinates":[-97.07149519239233,36.120815371590965]},"properties":{"city":"Stillwater","population":270200,"capital":"","tier":1}},{"type":"Feature","geometry":{"type":"Point","coordinates":[110.15154812319803,22.691708316805958]},"properties":{"city":"Yulin","population":2200000,"capital":"","tier":2}},{"type":"Feature","geometry":{"type":"Point","coordinates":[37.428867847427185,37.09178651501371]},"properties":{"city":"Gaziantep","population":320000,"capital":"","tier":1}},{"type":"Feature","geometry":{"type":"Point","coordinates":[106.43801584794059,15.754514781850702]},"properties":{"city":"Salavan","population":109000,"capital":"","tier":1}},{"type":"Feature","geometry":{"type":"Point","coordinates":[-91.51711129269096,14.832510217879388]},"properties":{"city":"Quetzaltenango","population":1616000,"capital":"","tier":2}},{"type":"Feature","geometry":{"type":"Point","coordinates":[80.6463096743434,16.548390864861005]},"properties":{"city":"Vijayawada","population":320000,"capital":"","tier":1}},{"type":"Feature","geometry":{"type":"Point","coordinates":[33.55139846314777,-16.157570502549774]},"properties":{"city":"Tete","population":320000,"capital":"","tier":1}},{"type":"Feature","geometry":{"type":"Point","coordinates":[33.60181014261955,13.636460152203014]},"properties":{"city":"Sennar","population":320000,"capital":"","tier":1}},{"type":"Feature","geometry":{"type":"Point","coordinates":[-82.49522100393335,27.946441187722527]},"properties":{"city":"Tampa","population":311500,"capital":"","tier":1}},{"type":"Feature","geometry":{"type":"Point","coordinates":[-6.922269192394738,38.86609498482281]},"properties":{"city":"Badajoz","population":320000,"capital":"","tier":1}},{"type":"Feature","geometry":{"type":"Point","coordinates":[-122.71855476690929,38.45790332880537]},"properties":{"city":"Santa Rosa","population":228700,"capital":"","tier":1}},{"type":"Feature","geometry":{"type":"Point","coordinates":[-77.25272958273598,5.697994121983456]},"properties":{"city":"Nuqui","population":320000,"capital":"","tier":1}},{"type":"Feature","geometry":{"type":"Point","coordinates":[34.777014522736025,30.636610160959165]},"properties":{"city":"Mitspe Ramon","population":101100,"capital":"","tier":1}},{"type":"Feature","geometry":{"type":"Point","coordinates":[56.23825806825302,26.190801454500047]},"properties":{"city":"Khasab","population":79600,"capital":"","tier":1}},{"type":"Feature","geometry":{"type":"Point","coordinates":[124.36289820955383,-9.198854157402138]},"properties":{"city":"Pante-Macassar","population":180600,"capital":"","tier":1}},{"type":"Feature","geometry":{"type":"Point","coordinates":[19.49969147407502,42.072866741995426]},"properties":{"city":"Shkoder","population":174700,"capital":"","tier":1}},{"type":"Feature","geometry":{"type":"Point","coordinates":[-5.520877268190809,33.97691201032221]},"properties":{"city":"Meknes","population":296000,"capital":"","tier":1}},{"type":"Feature","geometry":{"type":"Point","coordinates":[123.1699788236911,13.6582994546404]},"properties":{"city":"Naga","population":320000,"capital":"","tier":1}},{"type":"Feature","geometry":{"type":"Point","coordinates":[109.4213250108236,24.373327959070735]},"properties":{"city":"Liuzhou","population":2200000,"capital":"","tier":2}},{"type":"Feature","geometry":{"type":"Point","coordinates":[120.49543883156775,23.718808304729137]},"properties":{"city":"Douliu City","population":320000,"capital":"","tier":1}},{"type":"Feature","geometry":{"type":"Point","coordinates":[43.929427851003425,42.27861451642971]},"properties":{"city":"Tskhinvali","population":705500,"capital":"primary","tier":3}},{"type":"Feature","geometry":{"type":"Point","coordinates":[-87.3148010052941,41.57189405411796]},"properties":{"city":"Gary","population":320000,"capital":"","tier":1}},{"type":"Feature","geometry":{"type":"Point","coordinates":[79.96896216216109,9.685425093377148]},"properties":{"city":"Jaffna","population":320000,"capital":"","tier":1}},{"type":"Feature","geometry":{"type":"Point","coordinates":[12.395560102279086,-6.177935428123291]},"properties":{"city":"Soyo","population":217000,"capital":"","tier":1}},{"type":"Feature","geometry":{"type":"Point","coordinates":[13.472094163959131,43.58426372733956]},"properties":{"city":"Ancona","population":320000,"capital":"","tier":1}},{"type":"Feature","geometry":{"type":"Point","coordinates":[74.00668315195271,37.14737158704652]},"properties":{"city":"Baza'i Gonbad","population":302900,"capital":"","tier":1}},{"type":"Feature","geometry":{"type":"Point","coordinates":[52.30308135982629,36.5836233756544]},"properties":{"city":"Amol","population":320000,"capital":"","tier":1}},{"type":"Feature","geometry":{"type":"Point","coordinates":[-72.14134725964531,41.35544717845957]},"properties":{"city":"New London","population":320000,"capital":"","tier":1}},{"type":"Feature","geometry":{"type":"Point","coordinates":[153.39499698517884,-28.028089933318412]},"properties":{"city":"Gold Coast","population":162800,"capital":"","tier":1}},{"type":"Feature","geometry":{"type":"Point","coordinates":[44.646292124958414,43.761192254918626]},"properties":{"city":"Mozdok","population":209700,"capital":"","tier":1}},{"type":"Feature","geometry":{"type":"Point","coordinates":[27.37820097581033,8.800391604893079]},"properties":{"city":"Aweil","population":125800,"capital":"","tier":1}},{"type":"Feature","geometry":{"type":"Point","coordinates":[-10.985134968039763,8.635200528673934]},"properties":{"city":"Koidu","population":232900,"capital":"","tier":1}},{"type":"Feature","geometry":{"type":"Point","coordinates":[-76.95365978606743,20.954897660725436]},"properties":{"city":"Las Tunas","population":144200,"capital":"","tier":1}},{"type":"Feature","geometry":{"type":"Point","coordinates":[42.50651462021524,18.25057739820548]},"properties":{"city":"Abha","population":320000,"capital":"","tier":1}},{"type":"Feature","geometry":{"type":"Point","coordinates":[106.66949274628183,10.773403352360589]},"properties":{"city":"Ho Chi Minh City","population":6864000,"capital":"","tier":2}},{"type":"Feature","geometry":{"type":"Point","coordinates":[2.107407772673241,41.36778444148803]},"properties":{"city":"Barcelona","population":1185900,"capital":"","tier":2}},{"type":"Feature","geometry":{"type":"Point","coordinates":[103.88938431874243,21.32433531978586]},"properties":{"city":"Son La","population":320000,"capital":"","tier":1}},{"type":"Feature","geometry":{"type":"Point","coordinates":[-84.16801916706385,31.58452647329719]},"properties":{"city":"Albany","population":218700,"capital":"","tier":1}},{"type":"Feature","geometry":{"type":"Point","coordinates":[131.40593294789485,31.91619148054201]},"properties":{"city":"Miyazaki","population":320000,"capital":"","tier":1}},{"type":"Feature","geometry":{"type":"Point","coordinates":[91.82561683124435,22.353152137793316]},"properties":{"city":"Chattogram","population":320000,"capital":"","tier":1}},{"type":"Feature","geometry":{"type":"Point","coordinates":[100.088184947897,23.90691894503597]},"properties":{"city":"Lincang","population":320000,"capital":"","tier":1}},{"type":"Feature","geometry":{"type":"Point","coordinates":[141.52861542813142,-38.33424806368986]},"properties":{"city":"Portland AU","population":236900,"capital":"","tier":1}},{"type":"Feature","geometry":{"type":"Point","coordinates":[2.3505526595292303,47.12274642478218]},"properties":{"city":"Bourges","population":229100,"capital":"","tier":1}},{"type":"Feature","geometry":{"type":"Point","coordinates":[56.334017596014675,25.290459699192496]},"properties":{"city":"Madha","population":66700,"capital":"","tier":1}},{"type":"Feature","geometry":{"type":"Point","coordinates":[44.99194457013463,39.56679273046396]},"properties":{"city":"Sharur","population":110800,"capital":"","tier":1}},{"type":"Feature","geometry":{"type":"Point","coordinates":[28.821142536002682,60.70356504080769]},"properties":{"city":"Vyborg","population":206200,"capital":"","tier":1}},{"type":"Feature","geometry":{"type":"Point","coordinates":[41.474590743549996,42.7317524438422]},"properties":{"city":"Ochamchyra","population":320000,"capital":"","tier":1}},{"type":"Feature","geometry":{"type":"Point","coordinates":[72.48602493346225,23.051016376518874]},"properties":{"city":"Ahmedabad","population":2200000,"capital":"","tier":2}},{"type":"Feature","geometry":{"type":"Point","coordinates":[36.19307806141451,51.75115489575296]},"properties":{"city":"Kursk","population":1198500,"capital":"","tier":2}},{"type":"Feature","geometry":{"type":"Point","coordinates":[-76.64707261262718,39.30125845779219]},"properties":{"city":"Baltimore","population":853300,"capital":"","tier":2}},{"type":"Feature","geometry":{"type":"Point","coordinates":[14.210297332981856,27.61476357527684]},"properties":{"city":"Brak Al Shaati","population":79400,"capital":"","tier":1}},{"type":"Feature","geometry":{"type":"Point","coordinates":[90.49158082582197,26.887053398301816]},"properties":{"city":"Gelephu","population":48200,"capital":"","tier":1}},{"type":"Feature","geometry":{"type":"Point","coordinates":[120.62475140997772,24.183508638898743]},"properties":{"city":"Taichung","population":728500,"capital":"","tier":2}},{"type":"Feature","geometry":{"type":"Point","coordinates":[103.7124031446873,27.422501062657076]},"properties":{"city":"Zhaotong","population":320000,"capital":"","tier":1}},{"type":"Feature","geometry":{"type":"Point","coordinates":[8.709570588221457,36.18579506726047]},"properties":{"city":"Al-Kaf","population":117400,"capital":"","tier":1}},{"type":"Feature","geometry":{"type":"Point","coordinates":[14.890276956018925,9.4414136149704]},"properties":{"city":"Pala","population":114100,"capital":"","tier":1}},{"type":"Feature","geometry":{"type":"Point","coordinates":[-117.44871398143083,47.69880297381857]},"properties":{"city":"Spokane","population":320000,"capital":"","tier":1}},{"type":"Feature","geometry":{"type":"Point","coordinates":[26.501704682096168,43.56216221343078]},"properties":{"city":"Razgrad","population":90500,"capital":"","tier":1}},{"type":"Feature","geometry":{"type":"Point","coordinates":[-87.230774099744,14.120749829367554]},"properties":{"city":"Tegucigalpa","population":1328400,"capital":"primary","tier":3}},{"type":"Feature","geometry":{"type":"Point","coordinates":[11.300308507288795,44.52202468455084]},"properties":{"city":"Bologna","population":320000,"capital":"","tier":1}},{"type":"Feature","geometry":{"type":"Point","coordinates":[21.88497346474821,55.06097855998928]},"properties":{"city":"Sovetsk (Kaliningrad)","population":174500,"capital":"","tier":1}},{"type":"Feature","geometry":{"type":"Point","coordinates":[0.15813898721737815,36.013396917672296]},"properties":{"city":"Mostaganem","population":137700,"capital":"","tier":1}},{"type":"Feature","geometry":{"type":"Point","coordinates":[148.2765253828279,-8.766638545726437]},"properties":{"city":"Popondetta","population":193200,"capital":"","tier":1}},{"type":"Feature","geometry":{"type":"Point","coordinates":[114.66888218558543,4.790015495329953]},"properties":{"city":"Tutong","population":20200,"capital":"","tier":1}},{"type":"Feature","geometry":{"type":"Point","coordinates":[-111.00444461616917,32.27939954569905]},"properties":{"city":"Tucson","population":286500,"capital":"","tier":1}},{"type":"Feature","geometry":{"type":"Point","coordinates":[39.82081660799204,21.42034314431156]},"properties":{"city":"Mecca","population":1480200,"capital":"","tier":2}},{"type":"Feature","geometry":{"type":"Point","coordinates":[32.08861997501662,3.61945447315712]},"properties":{"city":"Nimule","population":143200,"capital":"","tier":1}},{"type":"Feature","geometry":{"type":"Point","coordinates":[-44.24898156372268,-2.5921013581628785]},"properties":{"city":"Sao Luis","population":2200000,"capital":"","tier":2}},{"type":"Feature","geometry":{"type":"Point","coordinates":[130.3471378591254,42.87242157668413]},"properties":{"city":"Hunchun","population":320000,"capital":"","tier":1}},{"type":"Feature","geometry":{"type":"Point","coordinates":[-7.92089076128704,37.01884583846679]},"properties":{"city":"Faro","population":252900,"capital":"","tier":1}},{"type":"Feature","geometry":{"type":"Point","coordinates":[3.8664227762606687,36.37317317487653]},"properties":{"city":"Bouira","population":171500,"capital":"","tier":1}},{"type":"Feature","geometry":{"type":"Point","coordinates":[113.21956294610145,46.8106534938496]},"properties":{"city":"Baruun-Urt","population":39600,"capital":"","tier":1}},{"type":"Feature","geometry":{"type":"Point","coordinates":[-90.33472885751797,38.67106480895765]},"properties":{"city":"St. Louis","population":785200,"capital":"","tier":2}},{"type":"Feature","geometry":{"type":"Point","coordinates":[20.12433227583924,32.110395787602656]},"properties":{"city":"Benghazi","population":852200,"capital":"","tier":2}},{"type":"Feature","geometry":{"type":"Point","coordinates":[-72.95486967413416,41.31181468494984]},"properties":{"city":"New Haven","population":909400,"capital":"","tier":2}},{"type":"Feature","geometry":{"type":"Point","coordinates":[119.1274728737839,36.759757087768406]},"properties":{"city":"Weifang","population":320000,"capital":"","tier":1}},{"type":"Feature","geometry":{"type":"Point","coordinates":[126.90727788670674,41.82213779792892]},"properties":{"city":"Linjiang","population":320000,"capital":"","tier":1}},{"type":"Feature","geometry":{"type":"Point","coordinates":[19.865399325993213,-11.73806928385379]},"properties":{"city":"Luena","population":200400,"capital":"","tier":1}},{"type":"Feature","geometry":{"type":"Point","coordinates":[0.9835311084959568,8.560460321839187]},"properties":{"city":"Sotouboua","population":320000,"capital":"","tier":1}},{"type":"Feature","geometry":{"type":"Point","coordinates":[106.61641577297056,23.943215007388645]},"properties":{"city":"Baise","population":320000,"capital":"","tier":1}},{"type":"Feature","geometry":{"type":"Point","coordinates":[111.86412836101177,2.320501681637566]},"properties":{"city":"Sibu","population":320000,"capital":"","tier":1}},{"type":"Feature","geometry":{"type":"Point","coordinates":[-14.689150739452675,12.15521008875514]},"properties":{"city":"Bafata","population":78500,"capital":"","tier":1}},{"type":"Feature","geometry":{"type":"Point","coordinates":[135.50377189373086,34.72269780928073]},"properties":{"city":"Osaka","population":2477500,"capital":"","tier":2}},{"type":"Feature","geometry":{"type":"Point","coordinates":[29.719059438438258,11.094644458865602]},"properties":{"city":"Kadugli","population":320000,"capital":"","tier":1}},{"type":"Feature","geometry":{"type":"Point","coordinates":[-117.03067386077383,32.4916719681097]},"properties":{"city":"Tijuana","population":1782400,"capital":"","tier":2}},{"type":"Feature","geometry":{"type":"Point","coordinates":[35.699447232184696,31.180972126301413]},"properties":{"city":"Al Karak","population":162400,"capital":"","tier":1}},{"type":"Feature","geometry":{"type":"Point","coordinates":[39.00741611437932,35.985476841340855]},"properties":{"city":"Ar-Raqqa","population":320000,"capital":"","tier":1}},{"type":"Feature","geometry":{"type":"Point","coordinates":[26.931216876914753,49.440822334183395]},"properties":{"city":"Khmelnytskyi","population":114600,"capital":"","tier":1}},{"type":"Feature","geometry":{"type":"Point","coordinates":[29.78134528486858,62.62002955202351]},"properties":{"city":"Joensuu","population":82600,"capital":"","tier":1}},{"type":"Feature","geometry":{"type":"Point","coordinates":[28.432207946196836,-14.414201189716522]},"properties":{"city":"Kabwe","population":211500,"capital":"","tier":1}},{"type":"Feature","geometry":{"type":"Point","coordinates":[-13.198457203781707,8.405181175631142]},"properties":{"city":"Freetown","population":1043400,"capital":"primary","tier":3}},{"type":"Feature","geometry":{"type":"Point","coordinates":[151.1914891271135,-33.88456907622309]},"properties":{"city":"Sydney","population":1916900,"capital":"primary","tier":3}},{"type":"Feature","geometry":{"type":"Point","coordinates":[7.647621473627964,36.87386074819581]},"properties":{"city":"Annaba","population":150000,"capital":"","tier":1}},{"type":"Feature","geometry":{"type":"Point","coordinates":[13.85818596426507,-11.215911307761985]},"properties":{"city":"Sumbe","population":313700,"capital":"","tier":1}},{"type":"Feature","geometry":{"type":"Point","coordinates":[58.366264579816786,37.98187588959392]},"properties":{"city":"Ashgabat","population":763200,"capital":"primary","tier":3}},{"type":"Feature","geometry":{"type":"Point","coordinates":[35.10083032905474,31.58088609145912]},"properties":{"city":"Halhul","population":33400,"capital":"","tier":1}},{"type":"Feature","geometry":{"type":"Point","coordinates":[30.7934763117683,28.492812081999674]},"properties":{"city":"Al Minya","population":320000,"capital":"","tier":1}},{"type":"Feature","geometry":{"type":"Point","coordinates":[3.885099267757742,7.386371529785961]},"properties":{"city":"Ibadan","population":2200000,"capital":"","tier":2}},{"type":"Feature","geometry":{"type":"Point","coordinates":[-48.702798009328326,-27.58209270460226]},"properties":{"city":"Florianopolis","population":320000,"capital":"","tier":1}},{"type":"Feature","geometry":{"type":"Point","coordinates":[-73.58115280274859,41.04453692291088]},"properties":{"city":"Stamford","population":283800,"capital":"","tier":1}},{"type":"Feature","geometry":{"type":"Point","coordinates":[47.32269323426379,39.45778074699052]},"properties":{"city":"Jabrayil","population":320000,"capital":"","tier":1}},{"type":"Feature","geometry":{"type":"Point","coordinates":[123.82590558141607,42.30784950374115]},"properties":{"city":"Tieling","population":320000,"capital":"","tier":1}},{"type":"Feature","geometry":{"type":"Point","coordinates":[31.753032870365058,26.646477814799752]},"properties":{"city":"Suhaj","population":320000,"capital":"","tier":1}},{"type":"Feature","geometry":{"type":"Point","coordinates":[-12.065809516170962,8.901198262681575]},"properties":{"city":"Makeni","population":245700,"capital":"","tier":1}},{"type":"Feature","geometry":{"type":"Point","coordinates":[119.98396743971647,26.91217715144451]},"properties":{"city":"Xiapu","population":320000,"capital":"","tier":1}},{"type":"Feature","geometry":{"type":"Point","coordinates":[131.37495353784965,42.88196050084787]},"properties":{"city":"Slavyanka","population":149400,"capital":"","tier":1}},{"type":"Feature","geometry":{"type":"Point","coordinates":[122.43760022532528,17.071319034682332]},"properties":{"city":"Palanan","population":320000,"capital":"","tier":1}},{"type":"Feature","geometry":{"type":"Point","coordinates":[43.027700167187405,44.086325723680346]},"properties":{"city":"Pyatigorsk","population":207800,"capital":"","tier":1}},{"type":"Feature","geometry":{"type":"Point","coordinates":[-100.82383947904312,46.78282127711117]},"properties":{"city":"Bismarck","population":269400,"capital":"","tier":1}},{"type":"Feature","geometry":{"type":"Point","coordinates":[38.13032300694835,49.43512389362161]},"properties":{"city":"Svatove","population":159700,"capital":"","tier":1}},{"type":"Feature","geometry":{"type":"Point","coordinates":[-103.36661100229284,20.638577290843713]},"properties":{"city":"Guadalajara","population":1879500,"capital":"","tier":2}},{"type":"Feature","geometry":{"type":"Point","coordinates":[1.5154892445464057,42.501650249215686]},"properties":{"city":"Andorra la Vella","population":402400,"capital":"primary","tier":3}},{"type":"Feature","geometry":{"type":"Point","coordinates":[30.298397273567616,59.933826184614134]},"properties":{"city":"Saint Petersburg","population":910200,"capital":"","tier":2}},{"type":"Feature","geometry":{"type":"Point","coordinates":[-69.06025483267824,-12.569860154111666]},"properties":{"city":"Puerto Maldonaldo","population":282800,"capital":"","tier":1}},{"type":"Feature","geometry":{"type":"Point","coordinates":[45.972894170179366,41.63163396310944]},"properties":{"city":"Tsnori","population":225600,"capital":"","tier":1}},{"type":"Feature","geometry":{"type":"Point","coordinates":[122.08100996326,6.959699454661106]},"properties":{"city":"Zamboanga City","population":320000,"capital":"","tier":1}},{"type":"Feature","geometry":{"type":"Point","coordinates":[-59.289546397246326,-29.146465934277792]},"properties":{"city":"Goya","population":320000,"capital":"","tier":1}},{"type":"Feature","geometry":{"type":"Point","coordinates":[8.694846133246863,50.09451260843787]},"properties":{"city":"Frankfurt","population":1730300,"capital":"","tier":2}},{"type":"Feature","geometry":{"type":"Point","coordinates":[-86.7796801551934,15.753012574630773]},"properties":{"city":"La Ceiba","population":226100,"capital":"","tier":1}},{"type":"Feature","geometry":{"type":"Point","coordinates":[25.279703210676686,53.918888754157024]},"properties":{"city":"Lida","population":154100,"capital":"","tier":1}},{"type":"Feature","geometry":{"type":"Point","coordinates":[102.61942562988357,18.01711017786147]},"properties":{"city":"Vientiane","population":874000,"capital":"primary","tier":3}},{"type":"Feature","geometry":{"type":"Point","coordinates":[-86.02814465260833,13.09123082280361]},"properties":{"city":"Jinotega","population":122500,"capital":"","tier":1}},{"type":"Feature","geometry":{"type":"Point","coordinates":[98.9730672153076,18.82026966050654]},"properties":{"city":"Chiang Mai","population":304800,"capital":"","tier":1}},{"type":"Feature","geometry":{"type":"Point","coordinates":[-5.83456520574337,25.41784208350188]},"properties":{"city":"Chegga","population":65000,"capital":"","tier":1}},{"type":"Feature","geometry":{"type":"Point","coordinates":[-0.3647622471134522,53.76040388010375]},"properties":{"city":"Hull","population":320000,"capital":"","tier":1}},{"type":"Feature","geometry":{"type":"Point","coordinates":[33.935810203194286,17.748609443807013]},"properties":{"city":"Atbara","population":320000,"capital":"","tier":1}},{"type":"Feature","geometry":{"type":"Point","coordinates":[36.293254605583584,32.32092670999744]},"properties":{"city":"Za tary","population":151900,"capital":"","tier":1}},{"type":"Feature","geometry":{"type":"Point","coordinates":[-134.43668208008938,58.373781184234616]},"properties":{"city":"Juneau","population":280400,"capital":"","tier":1}},{"type":"Feature","geometry":{"type":"Point","coordinates":[29.94085104504704,69.74026548931906]},"properties":{"city":"Kirkenes","population":255400,"capital":"","tier":1}},{"type":"Feature","geometry":{"type":"Point","coordinates":[-60.80599852627002,-32.95977207277991]},"properties":{"city":"Rosario","population":1922400,"capital":"","tier":2}},{"type":"Feature","geometry":{"type":"Point","coordinates":[125.52568846401876,42.69003823480753]},"properties":{"city":"Dongfeng","population":320000,"capital":"","tier":1}},{"type":"Feature","geometry":{"type":"Point","coordinates":[-73.66190793841979,20.94969378487842]},"properties":{"city":"Matthew Town","population":11300,"capital":"","tier":1}},{"type":"Feature","geometry":{"type":"Point","coordinates":[28.2546033772414,-15.453913130589044]},"properties":{"city":"Lusaka","population":2543000,"capital":"primary","tier":3}},{"type":"Feature","geometry":{"type":"Point","coordinates":[-97.77204929374818,30.288538727822484]},"properties":{"city":"Austin","population":694300,"capital":"","tier":2}},{"type":"Feature","geometry":{"type":"Point","coordinates":[35.053034938252495,41.99419966220836]},"properties":{"city":"Sinop","population":320000,"capital":"","tier":1}},{"type":"Feature","geometry":{"type":"Point","coordinates":[-83.93364536459337,35.95634651687831]},"properties":{"city":"Knoxville","population":320000,"capital":"","tier":1}},{"type":"Feature","geometry":{"type":"Point","coordinates":[-8.806102981460286,39.74702724944274]},"properties":{"city":"Leiria","population":239000,"capital":"","tier":1}},{"type":"Feature","geometry":{"type":"Point","coordinates":[5.454437434255837,51.43646113253621]},"properties":{"city":"Eindhoven","population":320000,"capital":"","tier":1}},{"type":"Feature","geometry":{"type":"Point","coordinates":[126.39841699305462,38.34432081103918]},"properties":{"city":"Pyongsan-up","population":105700,"capital":"","tier":1}},{"type":"Feature","geometry":{"type":"Point","coordinates":[29.21756178716325,52.05449485218929]},"properties":{"city":"Mazyr","population":199100,"capital":"","tier":1}},{"type":"Feature","geometry":{"type":"Point","coordinates":[126.60456255966201,36.34513322480721]},"properties":{"city":"Boryeong","population":226400,"capital":"","tier":1}},{"type":"Feature","geometry":{"type":"Point","coordinates":[-62.01673773604486,9.103218242238441]},"properties":{"city":"Tucupita","population":320000,"capital":"","tier":1}},{"type":"Feature","geometry":{"type":"Point","coordinates":[46.83996494245762,50.10039065612219]},"properties":{"city":"Pallasovka","population":217100,"capital":"","tier":1}},{"type":"Feature","geometry":{"type":"Point","coordinates":[-79.96047912262726,37.26200393495921]},"properties":{"city":"Roanoke","population":252400,"capital":"","tier":1}},{"type":"Feature","geometry":{"type":"Point","coordinates":[44.258136368325545,46.34275918540868]},"properties":{"city":"Elista","population":161400,"capital":"","tier":1}},{"type":"Feature","geometry":{"type":"Point","coordinates":[116.66349505231678,23.41868729260638]},"properties":{"city":"Shantou","population":2200000,"capital":"","tier":2}},{"type":"Feature","geometry":{"type":"Point","coordinates":[-6.46811686531826,6.909338701184694]},"properties":{"city":"Daloa","population":320000,"capital":"","tier":1}},{"type":"Feature","geometry":{"type":"Point","coordinates":[124.2925855626445,50.8070032363199]},"properties":{"city":"Songling","population":320000,"capital":"","tier":1}},{"type":"Feature","geometry":{"type":"Point","coordinates":[35.87181532994405,33.166303864188606]},"properties":{"city":"Al-Quneitra","population":320000,"capital":"","tier":1}},{"type":"Feature","geometry":{"type":"Point","coordinates":[32.26771603252193,31.259688515044644]},"properties":{"city":"Port Said","population":320000,"capital":"","tier":1}},{"type":"Feature","geometry":{"type":"Point","coordinates":[127.44048284823948,37.297190615502515]},"properties":{"city":"Icheon","population":223500,"capital":"","tier":1}},{"type":"Feature","geometry":{"type":"Point","coordinates":[113.11159999482246,3.155611182156406]},"properties":{"city":"Bintulu","population":320000,"capital":"","tier":1}},{"type":"Feature","geometry":{"type":"Point","coordinates":[77.35723725965208,23.272230309972358]},"properties":{"city":"Bhopal","population":2200000,"capital":"","tier":2}},{"type":"Feature","geometry":{"type":"Point","coordinates":[97.19945997761175,19.704472410662603]},"properties":{"city":"Loikaw","population":28900,"capital":"","tier":1}},{"type":"Feature","geometry":{"type":"Point","coordinates":[28.931628060156637,30.81476251147012]},"properties":{"city":"El Alamein","population":320000,"capital":"","tier":1}},{"type":"Feature","geometry":{"type":"Point","coordinates":[4.422279931602298,51.21483816160193]},"properties":{"city":"Antwerp","population":1315900,"capital":"","tier":2}},{"type":"Feature","geometry":{"type":"Point","coordinates":[121.10154770464386,41.17905367990423]},"properties":{"city":"Jinzhou","population":320000,"capital":"","tier":1}},{"type":"Feature","geometry":{"type":"Point","coordinates":[-76.42375602117086,3.506221346908845]},"properties":{"city":"Cali","population":2054700,"capital":"","tier":2}},{"type":"Feature","geometry":{"type":"Point","coordinates":[-80.22062350162788,25.79938405520545]},"properties":{"city":"Miami","population":911500,"capital":"","tier":2}},{"type":"Feature","geometry":{"type":"Point","coordinates":[-111.25010564720631,47.48973019396834]},"properties":{"city":"Great Falls","population":252900,"capital":"","tier":1}},{"type":"Feature","geometry":{"type":"Point","coordinates":[-86.60172171793866,39.15937530966971]},"properties":{"city":"Bloomington","population":220800,"capital":"","tier":1}},{"type":"Feature","geometry":{"type":"Point","coordinates":[51.38827083025803,35.72263604653061]},"properties":{"city":"Tehran","population":8488800,"capital":"primary","tier":3}},{"type":"Feature","geometry":{"type":"Point","coordinates":[104.61884081611193,12.30191289108366]},"properties":{"city":"Kampong Chhnang","population":287400,"capital":"","tier":1}},{"type":"Feature","geometry":{"type":"Point","coordinates":[43.41794254699217,38.536244448127064]},"properties":{"city":"Van","population":320000,"capital":"","tier":1}},{"type":"Feature","geometry":{"type":"Point","coordinates":[39.9738715029766,7.024449765913431]},"properties":{"city":"Goba","population":320000,"capital":"","tier":1}},{"type":"Feature","geometry":{"type":"Point","coordinates":[34.62694280063171,31.325757639963598]},"properties":{"city":"Ofakim","population":86500,"capital":"","tier":1}},{"type":"Feature","geometry":{"type":"Point","coordinates":[136.60670903639115,35.361596540153215]},"properties":{"city":"Ogaki","population":320000,"capital":"","tier":1}},{"type":"Feature","geometry":{"type":"Point","coordinates":[130.93211676870138,33.9683208520446]},"properties":{"city":"Shimonoseki","population":320000,"capital":"","tier":1}},{"type":"Feature","geometry":{"type":"Point","coordinates":[-58.20539110853508,6.772090522403403]},"properties":{"city":"Georgetown (Guyana)","population":175500,"capital":"primary","tier":3}},{"type":"Feature","geometry":{"type":"Point","coordinates":[120.97304178288681,14.923039282477959]},"properties":{"city":"San Jose del Monte","population":320000,"capital":"","tier":1}},{"type":"Feature","geometry":{"type":"Point","coordinates":[-74.17294089622303,40.735870735927335]},"properties":{"city":"Newark","population":303400,"capital":"","tier":1}},{"type":"Feature","geometry":{"type":"Point","coordinates":[29.613648151843748,46.866958696914764]},"properties":{"city":"Tiraspol","population":749500,"capital":"primary","tier":3}},{"type":"Feature","geometry":{"type":"Point","coordinates":[-73.97639469327525,41.71100737801146]},"properties":{"city":"Poughkeepsie","population":252100,"capital":"","tier":1}},{"type":"Feature","geometry":{"type":"Point","coordinates":[100.72598852508754,46.353777666592066]},"properties":{"city":"Bayankhongor","population":28700,"capital":"","tier":1}},{"type":"Feature","geometry":{"type":"Point","coordinates":[77.57163282314444,12.992550260896778]},"properties":{"city":"Bengaluru","population":8855500,"capital":"","tier":1}},{"type":"Feature","geometry":{"type":"Point","coordinates":[94.10429372758976,25.67991508102409]},"properties":{"city":"Kohima","population":320000,"capital":"","tier":1}},{"type":"Feature","geometry":{"type":"Point","coordinates":[146.5133244669884,-38.205690900404086]},"properties":{"city":"Traralgon","population":229400,"capital":"","tier":1}},{"type":"Feature","geometry":{"type":"Point","coordinates":[22.404005926371244,39.68373966781229]},"properties":{"city":"Larissa","population":74900,"capital":"","tier":1}},{"type":"Feature","geometry":{"type":"Point","coordinates":[106.92476148121793,48.03260128158789]},"properties":{"city":"Ulaanbaatar","population":1364900,"capital":"primary","tier":3}},{"type":"Feature","geometry":{"type":"Point","coordinates":[127.551358511486,39.93898824127652]},"properties":{"city":"Hamhung","population":528400,"capital":"","tier":2}},{"type":"Feature","geometry":{"type":"Point","coordinates":[-4.4020506754456905,32.0383485613912]},"properties":{"city":"Errachidia","population":320000,"capital":"","tier":1}},{"type":"Feature","geometry":{"type":"Point","coordinates":[-175.24817360872382,-21.155323333181855]},"properties":{"city":"Tonga","population":36700,"capital":"primary","tier":3}},{"type":"Feature","geometry":{"type":"Point","coordinates":[-75.79230838342914,-14.08487677820898]},"properties":{"city":"Ica","population":320000,"capital":"","tier":1}},{"type":"Feature","geometry":{"type":"Point","coordinates":[48.85184569170468,41.49731826228421]},"properties":{"city":"Khachmaz","population":104200,"capital":"","tier":1}},{"type":"Feature","geometry":{"type":"Point","coordinates":[34.76148842567202,31.608556796896565]},"properties":{"city":"Kiryat Gat","population":105300,"capital":"","tier":1}},{"type":"Feature","geometry":{"type":"Point","coordinates":[19.73527672614238,46.105581844683456]},"properties":{"city":"Palic","population":108800,"capital":"","tier":1}},{"type":"Feature","geometry":{"type":"Point","coordinates":[-172.42305030651835,-13.614815048468927]},"properties":{"city":"Samoa","population":67600,"capital":"primary","tier":3}},{"type":"Feature","geometry":{"type":"Point","coordinates":[-72.59976068368267,42.11667437216059]},"properties":{"city":"Springfield MA","population":280700,"capital":"","tier":1}},{"type":"Feature","geometry":{"type":"Point","coordinates":[22.94478544364886,40.66956095200479]},"properties":{"city":"Thessaloniki","population":693300,"capital":"","tier":2}},{"type":"Feature","geometry":{"type":"Point","coordinates":[0.12333936678158737,52.21528966272851]},"properties":{"city":"Cambridge","population":320000,"capital":"","tier":1}},{"type":"Feature","geometry":{"type":"Point","coordinates":[137.1396871470187,35.350809064366075]},"properties":{"city":"Tajimi","population":320000,"capital":"","tier":1}},{"type":"Feature","geometry":{"type":"Point","coordinates":[75.85586388846207,25.16239753866168]},"properties":{"city":"Kota","population":320000,"capital":"","tier":1}},{"type":"Feature","geometry":{"type":"Point","coordinates":[101.8162925032048,36.72348981060006]},"properties":{"city":"Xining","population":2200000,"capital":"","tier":2}},{"type":"Feature","geometry":{"type":"Point","coordinates":[37.74275275702654,44.691750789763006]},"properties":{"city":"Novorossiysk","population":228500,"capital":"","tier":1}},{"type":"Feature","geometry":{"type":"Point","coordinates":[32.543429698963536,46.64926413048525]},"properties":{"city":"Kherson","population":160400,"capital":"","tier":1}},{"type":"Feature","geometry":{"type":"Point","coordinates":[74.22125447681354,32.23401116187847]},"properties":{"city":"Gujranwala","population":320000,"capital":"","tier":1}},{"type":"Feature","geometry":{"type":"Point","coordinates":[-88.7257624675874,34.25032446833315]},"properties":{"city":"Tupelo","population":250300,"capital":"","tier":1}},{"type":"Feature","geometry":{"type":"Point","coordinates":[31.99123625233702,47.01725773683563]},"properties":{"city":"Mykolaiv","population":113600,"capital":"","tier":1}},{"type":"Feature","geometry":{"type":"Point","coordinates":[-89.60731226679626,40.69400822560269]},"properties":{"city":"Peoria","population":312700,"capital":"","tier":1}},{"type":"Feature","geometry":{"type":"Point","coordinates":[-145.69233172994763,60.51972842107676]},"properties":{"city":"Cordova","population":320000,"capital":"","tier":1}},{"type":"Feature","geometry":{"type":"Point","coordinates":[18.591598440724656,54.34974822554901]},"properties":{"city":"Gdansk","population":320000,"capital":"","tier":1}},{"type":"Feature","geometry":{"type":"Point","coordinates":[-98.27877448309333,19.304262717994703]},"properties":{"city":"Tlaxcala City","population":320000,"capital":"","tier":1}},{"type":"Feature","geometry":{"type":"Point","coordinates":[37.69280780947185,0.03104706111864175]},"properties":{"city":"Meru","population":320000,"capital":"","tier":1}},{"type":"Feature","geometry":{"type":"Point","coordinates":[50.12999394043154,53.23895960786396]},"properties":{"city":"Samara","population":232500,"capital":"","tier":1}},{"type":"Feature","geometry":{"type":"Point","coordinates":[124.7598758325145,40.74123478978643]},"properties":{"city":"Kuandian","population":320000,"capital":"","tier":1}},{"type":"Feature","geometry":{"type":"Point","coordinates":[142.6626094258343,46.984740597083515]},"properties":{"city":"Yuzhno-Sakhalinsk","population":1369000,"capital":"","tier":2}},{"type":"Feature","geometry":{"type":"Point","coordinates":[30.08074686880763,-1.9466630952361754]},"properties":{"city":"Kigali","population":1160000,"capital":"primary","tier":3}},{"type":"Feature","geometry":{"type":"Point","coordinates":[103.83729623616165,1.3027070622346884]},"properties":{"city":"Singapore","population":5315200,"capital":"primary","tier":3}},{"type":"Feature","geometry":{"type":"Point","coordinates":[-0.25912514763838634,11.045813306871167]},"properties":{"city":"Bawku","population":320000,"capital":"","tier":1}},{"type":"Feature","geometry":{"type":"Point","coordinates":[91.7163708570142,26.198404377040916]},"properties":{"city":"Guwahati","population":320000,"capital":"","tier":1}},{"type":"Feature","geometry":{"type":"Point","coordinates":[-11.403616219928692,16.59086094887408]},"properties":{"city":"Kiffa","population":96200,"capital":"","tier":1}},{"type":"Feature","geometry":{"type":"Point","coordinates":[100.14722256332219,15.736180394099136]},"properties":{"city":"Nakhon Sawan","population":311400,"capital":"","tier":1}},{"type":"Feature","geometry":{"type":"Point","coordinates":[69.76915561113145,37.95356183998871]},"properties":{"city":"Kulob","population":320000,"capital":"","tier":1}},{"type":"Feature","geometry":{"type":"Point","coordinates":[121.97142372597983,39.66282314990033]},"properties":{"city":"Wafangdian","population":320000,"capital":"","tier":1}},{"type":"Feature","geometry":{"type":"Point","coordinates":[-78.65344226036862,35.79095507243497]},"properties":{"city":"Raleigh","population":707600,"capital":"","tier":2}},{"type":"Feature","geometry":{"type":"Point","coordinates":[125.57370111877111,7.083729350521608]},"properties":{"city":"Davao City","population":2200000,"capital":"","tier":2}},{"type":"Feature","geometry":{"type":"Point","coordinates":[9.19923895398615,45.47005128903234]},"properties":{"city":"Milan","population":1484000,"capital":"","tier":2}},{"type":"Feature","geometry":{"type":"Point","coordinates":[-89.13223894279858,13.795700512491607]},"properties":{"city":"San Salvador","population":876500,"capital":"primary","tier":3}},{"type":"Feature","geometry":{"type":"Point","coordinates":[-101.4723294357491,36.686939032446276]},"properties":{"city":"Guymon","population":240100,"capital":"","tier":1}},{"type":"Feature","geometry":{"type":"Point","coordinates":[126.7371423789158,35.97398030685517]},"properties":{"city":"Gunsan","population":216900,"capital":"","tier":1}},{"type":"Feature","geometry":{"type":"Point","coordinates":[120.40413697246821,37.365520770323926]},"properties":{"city":"Zhaoyuan","population":320000,"capital":"","tier":1}},{"type":"Feature","geometry":{"type":"Point","coordinates":[8.508405166091057,11.976543399855544]},"properties":{"city":"Kano","population":2200000,"capital":"","tier":2}},{"type":"Feature","geometry":{"type":"Point","coordinates":[-166.3654251728921,68.35338634705852]},"properties":{"city":"Point Hope","population":300000,"capital":"","tier":1}},{"type":"Feature","geometry":{"type":"Point","coordinates":[-102.56031303660748,22.76599046968053]},"properties":{"city":"Zacatecas City","population":320000,"capital":"","tier":1}},{"type":"Feature","geometry":{"type":"Point","coordinates":[10.698229911026326,36.486464355849904]},"properties":{"city":"Nabeul","population":89600,"capital":"","tier":1}},{"type":"Feature","geometry":{"type":"Point","coordinates":[24.696649342246033,51.24872963012109]},"properties":{"city":"Kovel","population":170400,"capital":"","tier":1}},{"type":"Feature","geometry":{"type":"Point","coordinates":[115.07323225083165,4.712239485187297]},"properties":{"city":"Bangar","population":16100,"capital":"","tier":1}},{"type":"Feature","geometry":{"type":"Point","coordinates":[-98.53923237368814,29.424754586580406]},"properties":{"city":"San Antonio","population":1142200,"capital":"","tier":2}},{"type":"Feature","geometry":{"type":"Point","coordinates":[34.36699341672839,45.75822524302188]},"properties":{"city":"Dzhankov","population":175500,"capital":"","tier":1}},{"type":"Feature","geometry":{"type":"Point","coordinates":[121.57120530154121,38.96082060350014]},"properties":{"city":"Dalian","population":2200000,"capital":"","tier":2}},{"type":"Feature","geometry":{"type":"Point","coordinates":[127.11164655824756,37.0081551516311]},"properties":{"city":"Pyeongtaek","population":217200,"capital":"","tier":1}},{"type":"Feature","geometry":{"type":"Point","coordinates":[9.78149539355297,1.8376856441842904]},"properties":{"city":"Bata","population":166700,"capital":"","tier":2}},{"type":"Feature","geometry":{"type":"Point","coordinates":[105.14386908547104,9.181827823903731]},"properties":{"city":"Ca Mau","population":320000,"capital":"","tier":1}},{"type":"Feature","geometry":{"type":"Point","coordinates":[36.08879132145889,-0.27967753380990246]},"properties":{"city":"Nakuru","population":320000,"capital":"","tier":1}},{"type":"Feature","geometry":{"type":"Point","coordinates":[113.72081032289529,23.049191529275475]},"properties":{"city":"Dongguan","population":320000,"capital":"","tier":1}},{"type":"Feature","geometry":{"type":"Point","coordinates":[1.290866696878614,51.13524445024149]},"properties":{"city":"Dover","population":320000,"capital":"","tier":1}},{"type":"Feature","geometry":{"type":"Point","coordinates":[16.498431991948145,43.536121960325886]},"properties":{"city":"Split","population":443700,"capital":"","tier":2}},{"type":"Feature","geometry":{"type":"Point","coordinates":[-72.06659724346683,-45.554295122534555]},"properties":{"city":"Coyhaique","population":214200,"capital":"","tier":1}},{"type":"Feature","geometry":{"type":"Point","coordinates":[96.78872291628232,47.93030675365961]},"properties":{"city":"Uliastai","population":28500,"capital":"","tier":1}},{"type":"Feature","geometry":{"type":"Point","coordinates":[114.18184620741447,22.323809776513613]},"properties":{"city":"Kowloon","population":2200000,"capital":"","tier":2}},{"type":"Feature","geometry":{"type":"Point","coordinates":[44.36229525312532,-20.326759345169776]},"properties":{"city":"Morondava","population":295400,"capital":"","tier":1}},{"type":"Feature","geometry":{"type":"Point","coordinates":[56.70589733210967,24.35287414904265]},"properties":{"city":"Sohar","population":61200,"capital":"","tier":1}},{"type":"Feature","geometry":{"type":"Point","coordinates":[9.997647451891645,53.54950647445233]},"properties":{"city":"Hamburg","population":1692300,"capital":"","tier":2}},{"type":"Feature","geometry":{"type":"Point","coordinates":[-70.63133460641791,9.333785751291686]},"properties":{"city":"Valera","population":320000,"capital":"","tier":1}},{"type":"Feature","geometry":{"type":"Point","coordinates":[-71.08247681539001,42.32228074430597]},"properties":{"city":"Boston","population":975900,"capital":"","tier":2}},{"type":"Feature","geometry":{"type":"Point","coordinates":[-5.571179461993887,50.112855888080986]},"properties":{"city":"Penzance","population":320000,"capital":"","tier":1}},{"type":"Feature","geometry":{"type":"Point","coordinates":[31.564950653515144,4.847975299500305]},"properties":{"city":"Juba","population":1485200,"capital":"primary","tier":3}},{"type":"Feature","geometry":{"type":"Point","coordinates":[122.82201242381818,42.026508524885145]},"properties":{"city":"Xinmin","population":320000,"capital":"","tier":1}},{"type":"Feature","geometry":{"type":"Point","coordinates":[33.49795371087966,44.582811614520324]},"properties":{"city":"Sevastopol","population":1287000,"capital":"","tier":2}},{"type":"Feature","geometry":{"type":"Point","coordinates":[-68.85621426956175,-32.89795634009891]},"properties":{"city":"Mendoza","population":1403800,"capital":"","tier":2}},{"type":"Feature","geometry":{"type":"Point","coordinates":[30.077487965728313,49.82291240841073]},"properties":{"city":"Bila Tserkva","population":101600,"capital":"","tier":1}},{"type":"Feature","geometry":{"type":"Point","coordinates":[21.547125902634928,17.280920731552143]},"properties":{"city":"Fada","population":165900,"capital":"","tier":1}},{"type":"Feature","geometry":{"type":"Point","coordinates":[20.31365285661589,67.83002143773643]},"properties":{"city":"Kiruna","population":248200,"capital":"","tier":1}},{"type":"Feature","geometry":{"type":"Point","coordinates":[102.09977038614176,21.73371409630589]},"properties":{"city":"Phongsali","population":95200,"capital":"","tier":1}},{"type":"Feature","geometry":{"type":"Point","coordinates":[101.80988934950155,6.415517415665761]},"properties":{"city":"Narathiwat","population":320000,"capital":"","tier":1}},{"type":"Feature","geometry":{"type":"Point","coordinates":[115.47734356046182,38.944147475634225]},"properties":{"city":"Baoding","population":320000,"capital":"","tier":1}},{"type":"Feature","geometry":{"type":"Point","coordinates":[21.39250491399842,37.69643441784757]},"properties":{"city":"Pyrgos","population":92400,"capital":"","tier":1}},{"type":"Feature","geometry":{"type":"Point","coordinates":[-6.009713398195017,37.38946826136788]},"properties":{"city":"Seville","population":1185300,"capital":"","tier":2}},{"type":"Feature","geometry":{"type":"Point","coordinates":[18.38887103402004,43.906020509555276]},"properties":{"city":"Sarajevo","population":467900,"capital":"primary","tier":3}},{"type":"Feature","geometry":{"type":"Point","coordinates":[9.15431992792469,48.785300467290426]},"properties":{"city":"Stuttgart","population":1697900,"capital":"","tier":2}},{"type":"Feature","geometry":{"type":"Point","coordinates":[-90.05703840142259,29.98917295880159]},"properties":{"city":"New Orleans","population":320000,"capital":"","tier":1}},{"type":"Feature","geometry":{"type":"Point","coordinates":[-0.5861518156818231,47.45650040415654]},"properties":{"city":"Angers","population":194100,"capital":"","tier":1}},{"type":"Feature","geometry":{"type":"Point","coordinates":[9.91156162233023,57.036747128188836]},"properties":{"city":"Aalborg","population":4000,"capital":"","tier":1}},{"type":"Feature","geometry":{"type":"Point","coordinates":[35.28565484235972,-23.846894670232388]},"properties":{"city":"Inhambane","population":320000,"capital":"","tier":1}},{"type":"Feature","geometry":{"type":"Point","coordinates":[-4.036854681210854,39.88721151589678]},"properties":{"city":"Toledo","population":320000,"capital":"","tier":1}},{"type":"Feature","geometry":{"type":"Point","coordinates":[-103.03705354053604,41.14079415309635]},"properties":{"city":"Sidney","population":229000,"capital":"","tier":1}},{"type":"Feature","geometry":{"type":"Point","coordinates":[11.948666387801238,32.93236001673198]},"properties":{"city":"Zuara","population":66600,"capital":"","tier":1}},{"type":"Feature","geometry":{"type":"Point","coordinates":[126.64451463227786,36.9074691483586]},"properties":{"city":"Dangjin","population":177700,"capital":"","tier":1}},{"type":"Feature","geometry":{"type":"Point","coordinates":[1.2060812820226379,52.05776523857435]},"properties":{"city":"Ipswich","population":320000,"capital":"","tier":1}},{"type":"Feature","geometry":{"type":"Point","coordinates":[81.61114529262157,7.725188800705453]},"properties":{"city":"Batticaloa","population":320000,"capital":"","tier":1}},{"type":"Feature","geometry":{"type":"Point","coordinates":[-54.34975259514718,3.8396020150513834]},"properties":{"city":"Cottica","population":25500,"capital":"","tier":1}},{"type":"Feature","geometry":{"type":"Point","coordinates":[-74.88682274594149,10.963475907431956]},"properties":{"city":"Barranquilla","population":2137100,"capital":"","tier":2}},{"type":"Feature","geometry":{"type":"Point","coordinates":[-8.921588353406474,38.54181534514785]},"properties":{"city":"Setubal","population":209300,"capital":"","tier":1}},{"type":"Feature","geometry":{"type":"Point","coordinates":[-72.61439562609569,-38.72252182663688]},"properties":{"city":"Temuco","population":164200,"capital":"","tier":1}},{"type":"Feature","geometry":{"type":"Point","coordinates":[35.160653929368436,47.856372328326586]},"properties":{"city":"Zaporizhzhia","population":151400,"capital":"","tier":1}},{"type":"Feature","geometry":{"type":"Point","coordinates":[109.94889912598902,40.67300366949797]},"properties":{"city":"Baotou","population":2200000,"capital":"","tier":2}},{"type":"Feature","geometry":{"type":"Point","coordinates":[-79.90026192324214,-2.278171153826605]},"properties":{"city":"Guayaquil","population":2200000,"capital":"","tier":2}},{"type":"Feature","geometry":{"type":"Point","coordinates":[21.247423491496843,48.98949308980539]},"properties":{"city":"Presov","population":255400,"capital":"","tier":1}},{"type":"Feature","geometry":{"type":"Point","coordinates":[117.91941691521961,40.98375220588659]},"properties":{"city":"Chengde","population":320000,"capital":"","tier":1}},{"type":"Feature","geometry":{"type":"Point","coordinates":[121.72184612942563,17.678674082420628]},"properties":{"city":"Tugugarao","population":320000,"capital":"","tier":1}},{"type":"Feature","geometry":{"type":"Point","coordinates":[15.270415445138761,-4.228317173234117]},"properties":{"city":"Brazzaville","population":1676300,"capital":"primary","tier":3}},{"type":"Feature","geometry":{"type":"Point","coordinates":[130.55091238851276,31.605750989135473]},"properties":{"city":"Kagoshima","population":827400,"capital":"","tier":2}},{"type":"Feature","geometry":{"type":"Point","coordinates":[-74.21164994623935,40.66396209266327]},"properties":{"city":"Elizabeth","population":320000,"capital":"","tier":1}},{"type":"Feature","geometry":{"type":"Point","coordinates":[74.30308770837237,31.616638903708633]},"properties":{"city":"Lahore","population":11273000,"capital":"","tier":2}},{"type":"Feature","geometry":{"type":"Point","coordinates":[117.98750681483898,24.52239165285907]},"properties":{"city":"Xiamen City","population":2200000,"capital":"","tier":2}},{"type":"Feature","geometry":{"type":"Point","coordinates":[102.21114314970215,6.133423668975354]},"properties":{"city":"Kota Bharu","population":277100,"capital":"","tier":1}},{"type":"Feature","geometry":{"type":"Point","coordinates":[113.0235852805989,23.72869108011264]},"properties":{"city":"Qingyuan","population":320000,"capital":"","tier":1}},{"type":"Feature","geometry":{"type":"Point","coordinates":[-74.17607975303325,40.92663297074765]},"properties":{"city":"Paterson","population":320000,"capital":"","tier":1}},{"type":"Feature","geometry":{"type":"Point","coordinates":[32.53022661494228,15.629206848320024]},"properties":{"city":"Khartoum","population":2747200,"capital":"primary","tier":3}},{"type":"Feature","geometry":{"type":"Point","coordinates":[-73.136299216415,41.798549793143906]},"properties":{"city":"Torrington","population":234500,"capital":"","tier":1}},{"type":"Feature","geometry":{"type":"Point","coordinates":[-17.354545017943863,14.706378288582428]},"properties":{"city":"Dakar","population":1323500,"capital":"primary","tier":3}},{"type":"Feature","geometry":{"type":"Point","coordinates":[118.13383384799447,39.67616979641903]},"properties":{"city":"Tangshan","population":2200000,"capital":"","tier":2}},{"type":"Feature","geometry":{"type":"Point","coordinates":[56.28160414382663,25.27596312431737]},"properties":{"city":"Nahwa","population":252200,"capital":"","tier":1}},{"type":"Feature","geometry":{"type":"Point","coordinates":[-3.1816785087804975,40.6174964909693]},"properties":{"city":"Guadalajara (Spain)","population":281800,"capital":"","tier":1}},{"type":"Feature","geometry":{"type":"Point","coordinates":[48.264721478675014,-21.22253647757229]},"properties":{"city":"Mananjary","population":219200,"capital":"","tier":1}},{"type":"Feature","geometry":{"type":"Point","coordinates":[11.385679536430457,47.260446111527926]},"properties":{"city":"Innsbruck","population":320000,"capital":"","tier":1}},{"type":"Feature","geometry":{"type":"Point","coordinates":[-98.39778283899062,18.997706251537693]},"properties":{"city":"Puebla City","population":1278700,"capital":"","tier":2}},{"type":"Feature","geometry":{"type":"Point","coordinates":[103.26154606036968,2.0577068188739815]},"properties":{"city":"Kluang","population":320000,"capital":"","tier":1}},{"type":"Feature","geometry":{"type":"Point","coordinates":[-109.03915636787336,44.560903138865484]},"properties":{"city":"Cody","population":320000,"capital":"","tier":1}},{"type":"Feature","geometry":{"type":"Point","coordinates":[139.8852277485699,36.59065562677857]},"properties":{"city":"Utsunomiya","population":320000,"capital":"","tier":1}},{"type":"Feature","geometry":{"type":"Point","coordinates":[101.35445270987233,14.063532764245423]},"properties":{"city":"Prachin Buri","population":320000,"capital":"","tier":1}},{"type":"Feature","geometry":{"type":"Point","coordinates":[178.03001662412055,-38.660437479024914]},"properties":{"city":"Gisborne","population":37600,"capital":"","tier":1}},{"type":"Feature","geometry":{"type":"Point","coordinates":[37.226261540205726,47.80589298342858]},"properties":{"city":"Vuhledar","population":173800,"capital":"","tier":1}},{"type":"Feature","geometry":{"type":"Point","coordinates":[-56.739838885960026,-34.338616340069]},"properties":{"city":"San Jose (Uruguay)","population":82800,"capital":"","tier":1}},{"type":"Feature","geometry":{"type":"Point","coordinates":[32.78562047403727,56.2739623302985]},"properties":{"city":"Nelidovo","population":179500,"capital":"","tier":1}},{"type":"Feature","geometry":{"type":"Point","coordinates":[-65.19449769046884,-26.831475545884473]},"properties":{"city":"Tucuman","population":320000,"capital":"","tier":1}},{"type":"Feature","geometry":{"type":"Point","coordinates":[101.70273042463124,19.31150777960589]},"properties":{"city":"Sayaboury","population":82900,"capital":"","tier":1}},{"type":"Feature","geometry":{"type":"Point","coordinates":[-73.40814304179987,45.42418243379083]},"properties":{"city":"Montreal","population":686300,"capital":"","tier":2}},{"type":"Feature","geometry":{"type":"Point","coordinates":[128.20588265162434,41.40471653873797]},"properties":{"city":"Hyesan","population":89000,"capital":"","tier":1}},{"type":"Feature","geometry":{"type":"Point","coordinates":[145.11915536130078,-37.02826794010874]},"properties":{"city":"Seymour","population":161400,"capital":"","tier":1}},{"type":"Feature","geometry":{"type":"Point","coordinates":[43.638586204828755,3.145121448994743]},"properties":{"city":"Baidoa","population":320000,"capital":"","tier":1}},{"type":"Feature","geometry":{"type":"Point","coordinates":[-122.88026486481013,42.31915420602479]},"properties":{"city":"Medford","population":316200,"capital":"","tier":1}},{"type":"Feature","geometry":{"type":"Point","coordinates":[-156.96009150451852,64.73703431079224]},"properties":{"city":"Galena","population":277000,"capital":"","tier":1}},{"type":"Feature","geometry":{"type":"Point","coordinates":[-71.14177874438371,21.465856241220877]},"properties":{"city":"Cockburn Town","population":1039800,"capital":"primary","tier":3}},{"type":"Feature","geometry":{"type":"Point","coordinates":[140.8699979619258,37.10143301983311]},"properties":{"city":"Iwaki","population":320000,"capital":"","tier":1}},{"type":"Feature","geometry":{"type":"Point","coordinates":[30.19222619091913,13.298110617992748]},"properties":{"city":"Al-Ubayyid","population":320000,"capital":"","tier":1}},{"type":"Feature","geometry":{"type":"Point","coordinates":[-1.4032339709156518,34.94294388718987]},"properties":{"city":"Tlemcen","population":208100,"capital":"","tier":1}},{"type":"Feature","geometry":{"type":"Point","coordinates":[53.218132841435455,39.448275910074585]},"properties":{"city":"Hazar","population":534400,"capital":"","tier":2}},{"type":"Feature","geometry":{"type":"Point","coordinates":[6.944791532929867,49.259410338242276]},"properties":{"city":"Saarbrucken","population":320000,"capital":"","tier":1}},{"type":"Feature","geometry":{"type":"Point","coordinates":[45.04791664075658,10.442841580187832]},"properties":{"city":"Berbera","population":317300,"capital":"","tier":1}},{"type":"Feature","geometry":{"type":"Point","coordinates":[-76.26478540953262,36.86662483125575]},"properties":{"city":"Norfolk","population":1035100,"capital":"","tier":2}},{"type":"Feature","geometry":{"type":"Point","coordinates":[46.705664966899214,24.71387872260341]},"properties":{"city":"Riyadh","population":7319000,"capital":"primary","tier":3}},{"type":"Feature","geometry":{"type":"Point","coordinates":[105.55644030483144,10.689333838319001]},"properties":{"city":"Tram Chim","population":320000,"capital":"","tier":1}},{"type":"Feature","geometry":{"type":"Point","coordinates":[123.40137364909853,42.51067084636395]},"properties":{"city":"Faku","population":320000,"capital":"","tier":1}},{"type":"Feature","geometry":{"type":"Point","coordinates":[49.08708338831144,55.837356650187985]},"properties":{"city":"Kazan","population":185500,"capital":"","tier":1}},{"type":"Feature","geometry":{"type":"Point","coordinates":[12.134142625761736,47.8416498404041]},"properties":{"city":"Rosenheim","population":320000,"capital":"","tier":1}},{"type":"Feature","geometry":{"type":"Point","coordinates":[83.15635338597282,17.702771619568594]},"properties":{"city":"Visakhapatnam","population":2200000,"capital":"","tier":2}},{"type":"Feature","geometry":{"type":"Point","coordinates":[-16.309159894930243,12.529505194926514]},"properties":{"city":"Ziguinchor","population":320000,"capital":"","tier":1}},{"type":"Feature","geometry":{"type":"Point","coordinates":[97.03306462501354,20.819440425601655]},"properties":{"city":"Taunggyi","population":34400,"capital":"","tier":1}},{"type":"Feature","geometry":{"type":"Point","coordinates":[8.114416451482242,33.93602344888923]},"properties":{"city":"Tozeur","population":126900,"capital":"","tier":1}},{"type":"Feature","geometry":{"type":"Point","coordinates":[-8.711257575148911,42.21770976085122]},"properties":{"city":"Vigo","population":320000,"capital":"","tier":1}},{"type":"Feature","geometry":{"type":"Point","coordinates":[68.77731834948378,37.888958619986525]},"properties":{"city":"Bokhtar","population":320000,"capital":"","tier":1}},{"type":"Feature","geometry":{"type":"Point","coordinates":[19.26392142030659,42.45538483263584]},"properties":{"city":"Podgorica","population":371100,"capital":"primary","tier":3}},{"type":"Feature","geometry":{"type":"Point","coordinates":[118.09268469056268,27.414644496299744]},"properties":{"city":"Nanping","population":320000,"capital":"","tier":1}},{"type":"Feature","geometry":{"type":"Point","coordinates":[79.86127802245876,8.01852936177508]},"properties":{"city":"Puttalam","population":320000,"capital":"","tier":1}},{"type":"Feature","geometry":{"type":"Point","coordinates":[121.14508617996447,22.772142591883934]},"properties":{"city":"Taitung","population":320000,"capital":"","tier":1}},{"type":"Feature","geometry":{"type":"Point","coordinates":[33.747181646033205,-13.988760043869206]},"properties":{"city":"Lilongwe","population":943200,"capital":"primary","tier":3}},{"type":"Feature","geometry":{"type":"Point","coordinates":[129.59276006757096,44.565916367679534]},"properties":{"city":"Mudanjiang","population":2200000,"capital":"","tier":2}},{"type":"Feature","geometry":{"type":"Point","coordinates":[38.944190464038265,45.079299760319884]},"properties":{"city":"Krasnodar","population":153200,"capital":"","tier":1}},{"type":"Feature","geometry":{"type":"Point","coordinates":[-77.34355569234735,25.073273308767895]},"properties":{"city":"Nassau","population":94100,"capital":"primary","tier":3}},{"type":"Feature","geometry":{"type":"Point","coordinates":[33.8587306792987,-9.961746587354241]},"properties":{"city":"Karonga","population":320000,"capital":"","tier":1}},{"type":"Feature","geometry":{"type":"Point","coordinates":[-97.42433249065215,42.043766307175474]},"properties":{"city":"Norfolk Nebraska","population":320000,"capital":"","tier":1}},{"type":"Feature","geometry":{"type":"Point","coordinates":[40.112823764191745,35.35746707035315]},"properties":{"city":"Deir ez-Zor","population":320000,"capital":"","tier":1}},{"type":"Feature","geometry":{"type":"Point","coordinates":[-3.636850843965391,55.07513300224747]},"properties":{"city":"Dumfries","population":320000,"capital":"","tier":1}},{"type":"Feature","geometry":{"type":"Point","coordinates":[23.6724854291605,40.24366382069644]},"properties":{"city":"Nikiti","population":110700,"capital":"","tier":1}},{"type":"Feature","geometry":{"type":"Point","coordinates":[7.850225187147931,48.000137449237116]},"properties":{"city":"Freiburg","population":320000,"capital":"","tier":1}},{"type":"Feature","geometry":{"type":"Point","coordinates":[-17.067722363457484,20.94536465975085]},"properties":{"city":"Nouadhibou","population":89800,"capital":"","tier":1}},{"type":"Feature","geometry":{"type":"Point","coordinates":[109.96178477738017,27.595693383212748]},"properties":{"city":"Huaihua","population":320000,"capital":"","tier":1}},{"type":"Feature","geometry":{"type":"Point","coordinates":[38.073683174342854,24.15746698609462]},"properties":{"city":"Yanbu","population":320000,"capital":"","tier":1}},{"type":"Feature","geometry":{"type":"Point","coordinates":[-58.24987640417681,-33.99868893185859]},"properties":{"city":"Carmelo","population":78800,"capital":"","tier":1}},{"type":"Feature","geometry":{"type":"Point","coordinates":[113.98864600170016,4.39123008928658]},"properties":{"city":"Miri","population":1522000,"capital":"","tier":2}},{"type":"Feature","geometry":{"type":"Point","coordinates":[-81.55695438979042,23.021898132314647]},"properties":{"city":"Matanzas","population":182800,"capital":"","tier":1}},{"type":"Feature","geometry":{"type":"Point","coordinates":[132.74890065366145,44.655140984363584]},"properties":{"city":"Spassk-Dal'nij","population":194600,"capital":"","tier":1}},{"type":"Feature","geometry":{"type":"Point","coordinates":[106.17264651815428,37.978676384868066]},"properties":{"city":"Wuzhong","population":320000,"capital":"","tier":1}},{"type":"Feature","geometry":{"type":"Point","coordinates":[71.58634512100329,37.51025456922301]},"properties":{"city":"Khorugh","population":320000,"capital":"","tier":1}},{"type":"Feature","geometry":{"type":"Point","coordinates":[-119.80488978684737,39.548976942886384]},"properties":{"city":"Reno","population":222600,"capital":"","tier":1}},{"type":"Feature","geometry":{"type":"Point","coordinates":[8.221858403431451,53.147070821177664]},"properties":{"city":"Oldenburg","population":320000,"capital":"","tier":1}},{"type":"Feature","geometry":{"type":"Point","coordinates":[103.21098298696162,13.14889533513933]},"properties":{"city":"Battambang","population":271100,"capital":"","tier":1}},{"type":"Feature","geometry":{"type":"Point","coordinates":[27.871958980362784,43.216392948883936]},"properties":{"city":"Varna","population":148300,"capital":"","tier":1}},{"type":"Feature","geometry":{"type":"Point","coordinates":[18.291577278613286,0.023428694860996302]},"properties":{"city":"Mbandaka","population":320000,"capital":"","tier":1}},{"type":"Feature","geometry":{"type":"Point","coordinates":[-74.70698810918495,40.24774915028647]},"properties":{"city":"Trenton","population":320000,"capital":"","tier":1}},{"type":"Feature","geometry":{"type":"Point","coordinates":[3.5877082141371717,51.49969930470104]},"properties":{"city":"Middelburg","population":320000,"capital":"","tier":1}},{"type":"Feature","geometry":{"type":"Point","coordinates":[55.319325523974214,25.249877437677]},"properties":{"city":"Dubai","population":1102900,"capital":"","tier":2}},{"type":"Feature","geometry":{"type":"Point","coordinates":[-98.7417767836882,20.110637405942768]},"properties":{"city":"Pachuca","population":320000,"capital":"","tier":1}},{"type":"Feature","geometry":{"type":"Point","coordinates":[92.8232523312141,56.047874727693966]},"properties":{"city":"Krasnoyarsk","population":1231700,"capital":"","tier":2}},{"type":"Feature","geometry":{"type":"Point","coordinates":[-123.03563869231228,49.1745063315322]},"properties":{"city":"Vancouver CA","population":785500,"capital":"","tier":2}},{"type":"Feature","geometry":{"type":"Point","coordinates":[-7.298688434518299,54.608510831522636]},"properties":{"city":"Omagh","population":320000,"capital":"","tier":1}},{"type":"Feature","geometry":{"type":"Point","coordinates":[43.99404858789192,36.27543218009811]},"properties":{"city":"Erbil","population":320000,"capital":"","tier":1}},{"type":"Feature","geometry":{"type":"Point","coordinates":[126.82236265191305,37.21484133140791]},"properties":{"city":"Hwaseong","population":154000,"capital":"","tier":1}},{"type":"Feature","geometry":{"type":"Point","coordinates":[59.588119284682925,36.36746708066843]},"properties":{"city":"Mashhad","population":2200000,"capital":"","tier":2}},{"type":"Feature","geometry":{"type":"Point","coordinates":[35.018571517076786,-15.775937591338376]},"properties":{"city":"Blantyre","population":1889900,"capital":"","tier":2}},{"type":"Feature","geometry":{"type":"Point","coordinates":[-81.16922245998846,32.0611953265428]},"properties":{"city":"Savannah","population":283300,"capital":"","tier":1}},{"type":"Feature","geometry":{"type":"Point","coordinates":[-73.70891616225178,40.9695780702541]},"properties":{"city":"Harrison","population":255800,"capital":"","tier":1}},{"type":"Feature","geometry":{"type":"Point","coordinates":[-65.57603661551232,-70.41988158798816]},"properties":{"city":"West Antarctica","population":1155700,"capital":"primary","tier":3}},{"type":"Feature","geometry":{"type":"Point","coordinates":[104.8664568433174,15.279952823249246]},"properties":{"city":"Ubon Ratchathani","population":320000,"capital":"","tier":1}},{"type":"Feature","geometry":{"type":"Point","coordinates":[-10.018014933487514,5.900788545243145]},"properties":{"city":"Buchanan","population":107600,"capital":"","tier":1}},{"type":"Feature","geometry":{"type":"Point","coordinates":[104.7200042529371,11.055318882209718]},"properties":{"city":"Doun Kaev","population":217100,"capital":"","tier":1}},{"type":"Feature","geometry":{"type":"Point","coordinates":[33.47719312540262,-8.91569433848629]},"properties":{"city":"Mbeya","population":320000,"capital":"","tier":1}},{"type":"Feature","geometry":{"type":"Point","coordinates":[142.10004181994097,47.08627117565143]},"properties":{"city":"Kholmsk","population":205400,"capital":"","tier":1}},{"type":"Feature","geometry":{"type":"Point","coordinates":[28.63842647340166,50.30487960044687]},"properties":{"city":"Zhytomyr","population":161000,"capital":"","tier":1}},{"type":"Feature","geometry":{"type":"Point","coordinates":[1.0827054281836275,7.535537451560387]},"properties":{"city":"Atakpame","population":320000,"capital":"","tier":1}},{"type":"Feature","geometry":{"type":"Point","coordinates":[106.90507920156563,11.541260366587053]},"properties":{"city":"Dong Xoai","population":320000,"capital":"","tier":1}},{"type":"Feature","geometry":{"type":"Point","coordinates":[17.972645101041724,1.624927205263802]},"properties":{"city":"Impfondo","population":96600,"capital":"","tier":1}},{"type":"Feature","geometry":{"type":"Point","coordinates":[-101.8201487372781,35.237065649608624]},"properties":{"city":"Amarillo","population":320000,"capital":"","tier":1}},{"type":"Feature","geometry":{"type":"Point","coordinates":[50.743287507755184,11.919662049343742]},"properties":{"city":"Alula","population":315800,"capital":"","tier":1}},{"type":"Feature","geometry":{"type":"Point","coordinates":[110.37602885891313,18.840324482922043]},"properties":{"city":"Wanning","population":320000,"capital":"","tier":1}},{"type":"Feature","geometry":{"type":"Point","coordinates":[-54.39029338805364,-24.075411734238543]},"properties":{"city":"Salto del Guaira","population":76100,"capital":"","tier":1}},{"type":"Feature","geometry":{"type":"Point","coordinates":[-92.96082329163075,17.9888406049984]},"properties":{"city":"Villahermosa","population":320000,"capital":"","tier":1}},{"type":"Feature","geometry":{"type":"Point","coordinates":[-92.04231528581533,30.24326043797724]},"properties":{"city":"Lafayette","population":263700,"capital":"","tier":1}},{"type":"Feature","geometry":{"type":"Point","coordinates":[137.51150741177347,-33.0376029208397]},"properties":{"city":"Whyalla","population":245400,"capital":"","tier":1}},{"type":"Feature","geometry":{"type":"Point","coordinates":[34.24032680813495,-11.622115355723196]},"properties":{"city":"Nkhata Bay","population":320000,"capital":"","tier":1}},{"type":"Feature","geometry":{"type":"Point","coordinates":[-75.21635164301993,4.391637566677744]},"properties":{"city":"Ibague","population":320000,"capital":"","tier":1}},{"type":"Feature","geometry":{"type":"Point","coordinates":[109.27400407103693,13.812879676581701]},"properties":{"city":"Quy Nhon","population":320000,"capital":"","tier":1}},{"type":"Feature","geometry":{"type":"Point","coordinates":[128.87004173343283,37.758458121647976]},"properties":{"city":"Gangneung","population":421500,"capital":"","tier":2}},{"type":"Feature","geometry":{"type":"Point","coordinates":[6.154066986847766,35.68014403913929]},"properties":{"city":"Batna","population":154000,"capital":"","tier":1}},{"type":"Feature","geometry":{"type":"Point","coordinates":[4.405459685186131,51.94686859506285]},"properties":{"city":"Rotterdam","population":2200000,"capital":"","tier":2}},{"type":"Feature","geometry":{"type":"Point","coordinates":[24.600312184323364,43.45550113937867]},"properties":{"city":"Pleven","population":146700,"capital":"","tier":1}},{"type":"Feature","geometry":{"type":"Point","coordinates":[-23.515800132227323,14.92129199055502]},"properties":{"city":"Praia","population":159000,"capital":"primary","tier":3}},{"type":"Feature","geometry":{"type":"Point","coordinates":[-97.96010904924677,35.52892005243359]},"properties":{"city":"El Reno","population":320000,"capital":"","tier":1}},{"type":"Feature","geometry":{"type":"Point","coordinates":[-68.61316440685113,9.656323418886757]},"properties":{"city":"San Carlos","population":320000,"capital":"","tier":1}},{"type":"Feature","geometry":{"type":"Point","coordinates":[7.378455403625264,10.538450011047118]},"properties":{"city":"Kaduna","population":2200000,"capital":"","tier":2}},{"type":"Feature","geometry":{"type":"Point","coordinates":[-40.488162104627136,-20.304497363735337]},"properties":{"city":"Vila Velha","population":320000,"capital":"","tier":1}},{"type":"Feature","geometry":{"type":"Point","coordinates":[15.437111872530515,47.072063678840465]},"properties":{"city":"Graz","population":882800,"capital":"","tier":2}},{"type":"Feature","geometry":{"type":"Point","coordinates":[23.597722502645997,38.40741206126697]},"properties":{"city":"Vathy","population":107100,"capital":"","tier":1}},{"type":"Feature","geometry":{"type":"Point","coordinates":[53.73511683664918,63.58858510064249]},"properties":{"city":"Ukhta","population":152000,"capital":"","tier":1}},{"type":"Feature","geometry":{"type":"Point","coordinates":[-58.21632696329611,-26.19700089704547]},"properties":{"city":"Formosa","population":320000,"capital":"","tier":1}},{"type":"Feature","geometry":{"type":"Point","coordinates":[2.98127390123149,36.736963641943774]},"properties":{"city":"Algiers","population":4058500,"capital":"primary","tier":3}},{"type":"Feature","geometry":{"type":"Point","coordinates":[103.19746910325914,19.487742022873192]},"properties":{"city":"Phonsavan","population":106500,"capital":"","tier":1}},{"type":"Feature","geometry":{"type":"Point","coordinates":[25.250611335339205,54.700490615886395]},"properties":{"city":"Vilnius","population":416900,"capital":"primary","tier":3}},{"type":"Feature","geometry":{"type":"Point","coordinates":[26.845399119083055,45.126050063528936]},"properties":{"city":"Buzau","population":270900,"capital":"","tier":1}},{"type":"Feature","geometry":{"type":"Point","coordinates":[-85.39808736689376,12.06989518404933]},"properties":{"city":"Juigalpa","population":170300,"capital":"","tier":1}},{"type":"Feature","geometry":{"type":"Point","coordinates":[33.488714497634085,-19.133943020678885]},"properties":{"city":"Chimoio","population":320000,"capital":"","tier":1}},{"type":"Feature","geometry":{"type":"Point","coordinates":[37.81958531893459,7.533672570101487]},"properties":{"city":"Hossana","population":320000,"capital":"","tier":1}},{"type":"Feature","geometry":{"type":"Point","coordinates":[31.05387279706624,-17.846040534901405]},"properties":{"city":"Harare","population":2174400,"capital":"primary","tier":3}},{"type":"Feature","geometry":{"type":"Point","coordinates":[39.85539368621146,57.67215491969455]},"properties":{"city":"Yaroslavl","population":148100,"capital":"","tier":1}},{"type":"Feature","geometry":{"type":"Point","coordinates":[34.26390234598115,55.239663262032394]},"properties":{"city":"Vyazma","population":144900,"capital":"","tier":1}},{"type":"Feature","geometry":{"type":"Point","coordinates":[0.9776459752261248,5.912931887206739]},"properties":{"city":"Keta","population":320000,"capital":"","tier":1}},{"type":"Feature","geometry":{"type":"Point","coordinates":[106.19335659466239,22.688785419029784]},"properties":{"city":"Thuc Phan","population":320000,"capital":"","tier":1}},{"type":"Feature","geometry":{"type":"Point","coordinates":[4.616185072406034,35.668435115178596]},"properties":{"city":"M Sila","population":136000,"capital":"","tier":1}},{"type":"Feature","geometry":{"type":"Point","coordinates":[120.87541827862262,32.05882362085147]},"properties":{"city":"Nantong","population":320000,"capital":"","tier":1}},{"type":"Feature","geometry":{"type":"Point","coordinates":[123.9306771945962,41.921294741954284]},"properties":{"city":"Fushun","population":2200000,"capital":"","tier":2}},{"type":"Feature","geometry":{"type":"Point","coordinates":[102.08761074407862,14.992022057733578]},"properties":{"city":"Nakhon Ratchasima","population":314200,"capital":"","tier":1}},{"type":"Feature","geometry":{"type":"Point","coordinates":[4.901750233133087,52.37585405286643]},"properties":{"city":"Amsterdam","population":822800,"capital":"primary","tier":3}},{"type":"Feature","geometry":{"type":"Point","coordinates":[14.210297332981856,24.284540307716313]},"properties":{"city":"Tajerhi","population":56500,"capital":"","tier":1}},{"type":"Feature","geometry":{"type":"Point","coordinates":[54.121075665470066,72.31681657530044]},"properties":{"city":"Yuzhny Island","population":1022800,"capital":"","tier":2}},{"type":"Feature","geometry":{"type":"Point","coordinates":[33.71046609599141,27.221677043698875]},"properties":{"city":"Hurghada","population":320000,"capital":"","tier":1}},{"type":"Feature","geometry":{"type":"Point","coordinates":[112.54174427431677,26.884881274712583]},"properties":{"city":"Hengyang","population":2200000,"capital":"","tier":2}},{"type":"Feature","geometry":{"type":"Point","coordinates":[5.579622953470775,22.780120870017214]},"properties":{"city":"Tamanrasset","population":216300,"capital":"","tier":1}},{"type":"Feature","geometry":{"type":"Point","coordinates":[65.3487627380357,55.459569365372346]},"properties":{"city":"Kurgan","population":208400,"capital":"","tier":1}},{"type":"Feature","geometry":{"type":"Point","coordinates":[21.78073388045445,61.49830763013554]},"properties":{"city":"Pori","population":97000,"capital":"","tier":1}},{"type":"Feature","geometry":{"type":"Point","coordinates":[0.13787514137561094,34.92419783329191]},"properties":{"city":"Saida","population":173600,"capital":"","tier":1}},{"type":"Feature","geometry":{"type":"Point","coordinates":[-82.56700456114703,35.58192647508929]},"properties":{"city":"Asheville","population":245100,"capital":"","tier":1}},{"type":"Feature","geometry":{"type":"Point","coordinates":[128.17496025130285,40.06531983648537]},"properties":{"city":"Shinpo","population":80900,"capital":"","tier":1}},{"type":"Feature","geometry":{"type":"Point","coordinates":[35.203566907947334,31.520529869882793]},"properties":{"city":"Bani Naim","population":28100,"capital":"","tier":1}},{"type":"Feature","geometry":{"type":"Point","coordinates":[124.71991988594348,42.764191650055125]},"properties":{"city":"Xifeng","population":320000,"capital":"","tier":1}},{"type":"Feature","geometry":{"type":"Point","coordinates":[23.760698399541408,38.04390254454711]},"properties":{"city":"Athens","population":586700,"capital":"primary","tier":3}},{"type":"Feature","geometry":{"type":"Point","coordinates":[7.978972561067811,17.02217622659272]},"properties":{"city":"Agadez","population":320000,"capital":"","tier":1}},{"type":"Feature","geometry":{"type":"Point","coordinates":[128.18098379969445,38.74373548407803]},"properties":{"city":"Kosong-up","population":109300,"capital":"","tier":1}},{"type":"Feature","geometry":{"type":"Point","coordinates":[-120.45461339629904,34.95874060038078]},"properties":{"city":"Santa Maria","population":251200,"capital":"","tier":1}},{"type":"Feature","geometry":{"type":"Point","coordinates":[139.64912646860768,35.87440130888828]},"properties":{"city":"Saitama","population":1158000,"capital":"","tier":2}},{"type":"Feature","geometry":{"type":"Point","coordinates":[36.17010214729737,36.49760090715826]},"properties":{"city":"Hatay","population":320000,"capital":"","tier":1}},{"type":"Feature","geometry":{"type":"Point","coordinates":[144.25126201074025,-36.74025602959511]},"properties":{"city":"Bendigo","population":244700,"capital":"","tier":1}},{"type":"Feature","geometry":{"type":"Point","coordinates":[-45.414840347294586,61.1536787941111]},"properties":{"city":"Narsarsuaq","population":4000,"capital":"","tier":1}},{"type":"Feature","geometry":{"type":"Point","coordinates":[102.11144803206854,19.916507299784314]},"properties":{"city":"Luang Prabang","population":100300,"capital":"","tier":1}},{"type":"Feature","geometry":{"type":"Point","coordinates":[9.122945132942961,39.22492913668066]},"properties":{"city":"Cagliari","population":320000,"capital":"","tier":1}},{"type":"Feature","geometry":{"type":"Point","coordinates":[109.1800306981065,55.69243789575131]},"properties":{"city":"Severpbaikalsk","population":191200,"capital":"","tier":1}},{"type":"Feature","geometry":{"type":"Point","coordinates":[-73.68493902105834,3.701941233119655]},"properties":{"city":"San Martin","population":320000,"capital":"","tier":1}},{"type":"Feature","geometry":{"type":"Point","coordinates":[-3.7255916370151017,40.42502223754863]},"properties":{"city":"Madrid","population":3040600,"capital":"primary","tier":3}},{"type":"Feature","geometry":{"type":"Point","coordinates":[-61.835195799042374,17.124497807526623]},"properties":{"city":"Antigua and Barbuda","population":21200,"capital":"primary","tier":3}},{"type":"Feature","geometry":{"type":"Point","coordinates":[73.0664966537053,31.469405495364867]},"properties":{"city":"Faisalabad","population":320000,"capital":"","tier":1}},{"type":"Feature","geometry":{"type":"Point","coordinates":[33.61284014805311,34.92091480874814]},"properties":{"city":"Larnaca","population":23200,"capital":"","tier":1}},{"type":"Feature","geometry":{"type":"Point","coordinates":[32.47330603849507,37.943047893024726]},"properties":{"city":"Konya","population":320000,"capital":"","tier":1}},{"type":"Feature","geometry":{"type":"Point","coordinates":[103.38568458617587,4.241019160953883]},"properties":{"city":"Chukai","population":305700,"capital":"","tier":1}},{"type":"Feature","geometry":{"type":"Point","coordinates":[135.06857891538542,48.5009065375871]},"properties":{"city":"Khabarovsk","population":242000,"capital":"","tier":1}},{"type":"Feature","geometry":{"type":"Point","coordinates":[79.97582245562954,14.456933793875322]},"properties":{"city":"Nellore","population":320000,"capital":"","tier":1}},{"type":"Feature","geometry":{"type":"Point","coordinates":[124.64282925654585,8.468634706241303]},"properties":{"city":"Cagayan de Oro","population":2200000,"capital":"","tier":2}},{"type":"Feature","geometry":{"type":"Point","coordinates":[128.1903525188753,37.150361495379585]},"properties":{"city":"Jecheon","population":233100,"capital":"","tier":1}},{"type":"Feature","geometry":{"type":"Point","coordinates":[134.60399781368818,7.504223859769382]},"properties":{"city":"Ngerulmud","population":18000,"capital":"primary","tier":3}},{"type":"Feature","geometry":{"type":"Point","coordinates":[147.19700872091255,-9.4303295076122]},"properties":{"city":"Port Moresby","population":957900,"capital":"primary","tier":3}},{"type":"Feature","geometry":{"type":"Point","coordinates":[5.0080754266819225,47.32232236264937]},"properties":{"city":"Dijon","population":274200,"capital":"","tier":1}},{"type":"Feature","geometry":{"type":"Point","coordinates":[36.25085252971182,54.53082632041051]},"properties":{"city":"Kaluga","population":204000,"capital":"","tier":1}},{"type":"Feature","geometry":{"type":"Point","coordinates":[10.069531991203707,-2.734595896007704]},"properties":{"city":"Gamba","population":81000,"capital":"","tier":1}},{"type":"Feature","geometry":{"type":"Point","coordinates":[110.80998622133197,19.55750677982087]},"properties":{"city":"Wenchang","population":320000,"capital":"","tier":1}},{"type":"Feature","geometry":{"type":"Point","coordinates":[51.378163928750666,51.26745736668576]},"properties":{"city":"Oral","population":170100,"capital":"","tier":1}},{"type":"Feature","geometry":{"type":"Point","coordinates":[-72.84763457193039,-39.868434599053884]},"properties":{"city":"Los Lagos","population":222000,"capital":"","tier":1}},{"type":"Feature","geometry":{"type":"Point","coordinates":[119.54200005023051,26.684707065464153]},"properties":{"city":"Ningde","population":320000,"capital":"","tier":1}},{"type":"Feature","geometry":{"type":"Point","coordinates":[35.18434610437014,31.704677158560102]},"properties":{"city":"Bethlehem","population":20700,"capital":"","tier":1}},{"type":"Feature","geometry":{"type":"Point","coordinates":[102.74769223979757,17.45883348629289]},"properties":{"city":"Udon Thani","population":298200,"capital":"","tier":1}},{"type":"Feature","geometry":{"type":"Point","coordinates":[34.639589970824034,31.818449069729624]},"properties":{"city":"Ashdod","population":73800,"capital":"","tier":1}},{"type":"Feature","geometry":{"type":"Point","coordinates":[-86.20323623382828,39.83101632226018]},"properties":{"city":"Indianapolis","population":1086800,"capital":"","tier":2}},{"type":"Feature","geometry":{"type":"Point","coordinates":[11.042273712667228,-1.8187071925049025]},"properties":{"city":"Mouila","population":67700,"capital":"","tier":1}},{"type":"Feature","geometry":{"type":"Point","coordinates":[147.1161427732905,-41.4147057277651]},"properties":{"city":"Launceston","population":211400,"capital":"","tier":1}},{"type":"Feature","geometry":{"type":"Point","coordinates":[18.066918533405175,42.68640392052373]},"properties":{"city":"Dubrovnik","population":96800,"capital":"","tier":1}},{"type":"Feature","geometry":{"type":"Point","coordinates":[141.3441465831713,43.12660736260494]},"properties":{"city":"Sapporo","population":1206400,"capital":"","tier":2}},{"type":"Feature","geometry":{"type":"Point","coordinates":[-111.85703290035644,40.763810595363054]},"properties":{"city":"Salt Lake City","population":305500,"capital":"","tier":1}},{"type":"Feature","geometry":{"type":"Point","coordinates":[-75.99445942975814,36.84026655128953]},"properties":{"city":"Virginia Beach","population":1159700,"capital":"","tier":2}},{"type":"Feature","geometry":{"type":"Point","coordinates":[17.367497793530063,6.502132891400763]},"properties":{"city":"Bossangoa","population":68200,"capital":"","tier":1}},{"type":"Feature","geometry":{"type":"Point","coordinates":[-8.611311321462436,41.130664480397]},"properties":{"city":"Porto","population":1182000,"capital":"","tier":2}},{"type":"Feature","geometry":{"type":"Point","coordinates":[119.37539245230482,36.04247967826285]},"properties":{"city":"Zucheng","population":320000,"capital":"","tier":1}},{"type":"Feature","geometry":{"type":"Point","coordinates":[15.315878773917323,14.193232487719783]},"properties":{"city":"Mao","population":155900,"capital":"","tier":1}},{"type":"Feature","geometry":{"type":"Point","coordinates":[84.86541794970789,27.071991980767976]},"properties":{"city":"Birgunj","population":320000,"capital":"","tier":1}},{"type":"Feature","geometry":{"type":"Point","coordinates":[99.61584166205684,7.595958018155571]},"properties":{"city":"Trang","population":320000,"capital":"","tier":1}},{"type":"Feature","geometry":{"type":"Point","coordinates":[-79.4525911423742,21.928122761655047]},"properties":{"city":"Sancti Spiritus","population":143400,"capital":"","tier":1}},{"type":"Feature","geometry":{"type":"Point","coordinates":[37.0048625589624,39.769195070390566]},"properties":{"city":"Sivas","population":320000,"capital":"","tier":1}},{"type":"Feature","geometry":{"type":"Point","coordinates":[104.21998718349936,23.442170570494383]},"properties":{"city":"Wenshan","population":320000,"capital":"","tier":1}},{"type":"Feature","geometry":{"type":"Point","coordinates":[105.81910061382123,15.152350444460595]},"properties":{"city":"Pakse","population":73100,"capital":"","tier":1}},{"type":"Feature","geometry":{"type":"Point","coordinates":[122.08910675773647,37.52886408937103]},"properties":{"city":"Weihai","population":320000,"capital":"","tier":1}},{"type":"Feature","geometry":{"type":"Point","coordinates":[47.70129136389556,40.63125574946628]},"properties":{"city":"Goychay","population":92100,"capital":"","tier":1}},{"type":"Feature","geometry":{"type":"Point","coordinates":[-89.54487081565385,14.006157253147506]},"properties":{"city":"Santa Ana","population":320000,"capital":"","tier":1}},{"type":"Feature","geometry":{"type":"Point","coordinates":[20.87052814084773,14.616023405607052]},"properties":{"city":"Biltine","population":157200,"capital":"","tier":1}},{"type":"Feature","geometry":{"type":"Point","coordinates":[143.19514985457172,42.966681206090016]},"properties":{"city":"Obihiro","population":320000,"capital":"","tier":1}},{"type":"Feature","geometry":{"type":"Point","coordinates":[-65.23133163829148,-19.03644932607932]},"properties":{"city":"Sucre","population":966600,"capital":"primary","tier":3}},{"type":"Feature","geometry":{"type":"Point","coordinates":[125.20698754926474,39.706370767580296]},"properties":{"city":"Jongju","population":99500,"capital":"","tier":1}},{"type":"Feature","geometry":{"type":"Point","coordinates":[171.0321624651603,-42.74382100907054]},"properties":{"city":"Hokitika","population":47700,"capital":"","tier":1}},{"type":"Feature","geometry":{"type":"Point","coordinates":[125.92078472290792,41.70009415539485]},"properties":{"city":"Dongchang","population":2200000,"capital":"","tier":2}},{"type":"Feature","geometry":{"type":"Point","coordinates":[14.139228832326117,42.47204122239958]},"properties":{"city":"Pescara","population":320000,"capital":"","tier":1}},{"type":"Feature","geometry":{"type":"Point","coordinates":[13.197492008005188,46.07420061924469]},"properties":{"city":"Udine/Udin","population":320000,"capital":"","tier":1}},{"type":"Feature","geometry":{"type":"Point","coordinates":[1.4352878939442528,43.5814032484771]},"properties":{"city":"Toulouse","population":277000,"capital":"","tier":1}},{"type":"Feature","geometry":{"type":"Point","coordinates":[-7.463757708055348,33.5452128249938]},"properties":{"city":"Casablanca","population":1157700,"capital":"","tier":2}},{"type":"Feature","geometry":{"type":"Point","coordinates":[26.503881893757526,55.89718688447775]},"properties":{"city":"Daugavpils","population":96700,"capital":"","tier":1}},{"type":"Feature","geometry":{"type":"Point","coordinates":[118.2668546785899,25.34816904038054]},"properties":{"city":"Yongchun","population":320000,"capital":"","tier":1}},{"type":"Feature","geometry":{"type":"Point","coordinates":[140.7514608066145,41.82874245960096]},"properties":{"city":"Hakodate","population":320000,"capital":"","tier":1}},{"type":"Feature","geometry":{"type":"Point","coordinates":[113.5493129779705,22.312438287409364]},"properties":{"city":"Zhuhai","population":320000,"capital":"","tier":1}},{"type":"Feature","geometry":{"type":"Point","coordinates":[-0.648007734564948,35.687571561573066]},"properties":{"city":"Oran","population":2200000,"capital":"","tier":2}},{"type":"Feature","geometry":{"type":"Point","coordinates":[27.857549061478153,47.79062188518583]},"properties":{"city":"Balti","population":320000,"capital":"","tier":1}},{"type":"Feature","geometry":{"type":"Point","coordinates":[-76.549540653355,37.41617995154755]},"properties":{"city":"Gloucester VA","population":269400,"capital":"","tier":1}},{"type":"Feature","geometry":{"type":"Point","coordinates":[-121.58073537238857,73.0637503510415]},"properties":{"city":"Banks Island","population":320000,"capital":"","tier":1}},{"type":"Feature","geometry":{"type":"Point","coordinates":[-104.67818902647433,23.99942491002855]},"properties":{"city":"Durango City","population":320000,"capital":"","tier":1}},{"type":"Feature","geometry":{"type":"Point","coordinates":[119.31989320166039,26.11169233647668]},"properties":{"city":"Fuzhou","population":2200000,"capital":"","tier":2}},{"type":"Feature","geometry":{"type":"Point","coordinates":[25.98211732218987,48.309966197958914]},"properties":{"city":"Chernivtsi","population":106100,"capital":"","tier":1}},{"type":"Feature","geometry":{"type":"Point","coordinates":[63.03550829109472,26.041832940574693]},"properties":{"city":"Turbat","population":320000,"capital":"","tier":1}},{"type":"Feature","geometry":{"type":"Point","coordinates":[-74.52654789884537,-8.363123362359772]},"properties":{"city":"Pucallpa","population":320000,"capital":"","tier":1}},{"type":"Feature","geometry":{"type":"Point","coordinates":[-88.18808126762123,13.455854972366751]},"properties":{"city":"San Miguel (El Salvador)","population":320000,"capital":"","tier":1}},{"type":"Feature","geometry":{"type":"Point","coordinates":[110.11747489067916,45.05643552097462]},"properties":{"city":"Sainshand","population":40700,"capital":"","tier":1}},{"type":"Feature","geometry":{"type":"Point","coordinates":[168.35476610513302,-46.389791037743365]},"properties":{"city":"Invercargill","population":34900,"capital":"","tier":1}},{"type":"Feature","geometry":{"type":"Point","coordinates":[32.63203363561373,-13.643893400937259]},"properties":{"city":"Chipata","population":258100,"capital":"","tier":1}},{"type":"Feature","geometry":{"type":"Point","coordinates":[120.3228022731935,14.83236808112288]},"properties":{"city":"Olongapo","population":320000,"capital":"","tier":1}},{"type":"Feature","geometry":{"type":"Point","coordinates":[-67.83916448486693,-9.988666142553]},"properties":{"city":"Rio Branco","population":320000,"capital":"","tier":1}},{"type":"Feature","geometry":{"type":"Point","coordinates":[143.0596052698804,49.25441160818235]},"properties":{"city":"Poronaysk","population":190600,"capital":"","tier":1}},{"type":"Feature","geometry":{"type":"Point","coordinates":[42.02624076768644,44.272935918854245]},"properties":{"city":"Cherkessk","population":166600,"capital":"","tier":1}},{"type":"Feature","geometry":{"type":"Point","coordinates":[-9.36453292424227,10.440495055731063]},"properties":{"city":"Kankan","population":258900,"capital":"","tier":1}},{"type":"Feature","geometry":{"type":"Point","coordinates":[-90.83172275811776,13.95186417273446]},"properties":{"city":"Puerto San Jose","population":320000,"capital":"","tier":1}},{"type":"Feature","geometry":{"type":"Point","coordinates":[13.492529498768576,-14.929638930930153]},"properties":{"city":"Lubango","population":261900,"capital":"","tier":1}},{"type":"Feature","geometry":{"type":"Point","coordinates":[48.678065509422375,31.37520586460316]},"properties":{"city":"Ahwaz","population":320000,"capital":"","tier":1}},{"type":"Feature","geometry":{"type":"Point","coordinates":[49.3164176576811,39.38749640362482]},"properties":{"city":"Neftchala","population":115600,"capital":"","tier":1}},{"type":"Feature","geometry":{"type":"Point","coordinates":[0.0931772950979803,43.25692607076269]},"properties":{"city":"Tarbes","population":267300,"capital":"","tier":1}},{"type":"Feature","geometry":{"type":"Point","coordinates":[128.5731663275619,38.20993895570771]},"properties":{"city":"Sokcho","population":150300,"capital":"","tier":1}},{"type":"Feature","geometry":{"type":"Point","coordinates":[22.85837434402006,47.78837730675278]},"properties":{"city":"Satu Mare","population":255800,"capital":"","tier":1}},{"type":"Feature","geometry":{"type":"Point","coordinates":[38.87196422823666,15.445601332266975]},"properties":{"city":"Asmara","population":896500,"capital":"primary","tier":3}},{"type":"Feature","geometry":{"type":"Point","coordinates":[-70.2140011150865,-18.00249762076629]},"properties":{"city":"Tacna","population":320000,"capital":"","tier":1}},{"type":"Feature","geometry":{"type":"Point","coordinates":[-72.56389740155875,44.26088280154434]},"properties":{"city":"Montpelier","population":320000,"capital":"","tier":1}},{"type":"Feature","geometry":{"type":"Point","coordinates":[38.242845148302536,46.69476601051622]},"properties":{"city":"Yeysk","population":165200,"capital":"","tier":1}},{"type":"Feature","geometry":{"type":"Point","coordinates":[44.04797387331019,39.916416772355916]},"properties":{"city":"Igdir","population":320000,"capital":"","tier":1}},{"type":"Feature","geometry":{"type":"Point","coordinates":[80.59890104208112,28.74907309620106]},"properties":{"city":"Dhangadhi","population":320000,"capital":"","tier":1}},{"type":"Feature","geometry":{"type":"Point","coordinates":[25.907807884367003,-24.64510519276699]},"properties":{"city":"Gaborone","population":352300,"capital":"primary","tier":3}},{"type":"Feature","geometry":{"type":"Point","coordinates":[2.6385025682839545,9.356415551235102]},"properties":{"city":"Parakou","population":320000,"capital":"","tier":1}},{"type":"Feature","geometry":{"type":"Point","coordinates":[75.77477572753035,41.20667014403887]},"properties":{"city":"At-Bashy","population":172400,"capital":"","tier":1}},{"type":"Feature","geometry":{"type":"Point","coordinates":[18.319309497588495,-1.898990717420105]},"properties":{"city":"Inongo","population":320000,"capital":"","tier":1}},{"type":"Feature","geometry":{"type":"Point","coordinates":[9.655716009245143,54.30971687817694]},"properties":{"city":"Rendsburg","population":320000,"capital":"","tier":1}},{"type":"Feature","geometry":{"type":"Point","coordinates":[-104.9469550150361,21.53131244934464]},"properties":{"city":"Tepic","population":320000,"capital":"","tier":1}},{"type":"Feature","geometry":{"type":"Point","coordinates":[47.46477808501355,55.55435801834835]},"properties":{"city":"Kanash","population":212800,"capital":"","tier":1}},{"type":"Feature","geometry":{"type":"Point","coordinates":[-73.04665479100228,41.55175511751685]},"properties":{"city":"Waterbury","population":238700,"capital":"","tier":1}},{"type":"Feature","geometry":{"type":"Point","coordinates":[80.39072504266178,8.352248052657131]},"properties":{"city":"Anuradhapura","population":320000,"capital":"","tier":1}},{"type":"Feature","geometry":{"type":"Point","coordinates":[121.59143375664048,23.990742216828608]},"properties":{"city":"Hualien","population":320000,"capital":"","tier":1}},{"type":"Feature","geometry":{"type":"Point","coordinates":[88.60231054801193,27.341140949726864]},"properties":{"city":"Gangtok","population":320000,"capital":"","tier":1}},{"type":"Feature","geometry":{"type":"Point","coordinates":[34.09611472001314,44.97367245853599]},"properties":{"city":"Simferopol","population":142200,"capital":"","tier":1}},{"type":"Feature","geometry":{"type":"Point","coordinates":[133.7310592750368,45.95673833140751]},"properties":{"city":"Dalneretschensk","population":228300,"capital":"","tier":1}},{"type":"Feature","geometry":{"type":"Point","coordinates":[35.193956506158734,31.904778091564623]},"properties":{"city":"Ramallah","population":25300,"capital":"","tier":1}},{"type":"Feature","geometry":{"type":"Point","coordinates":[100.18831967522074,26.945183119808462]},"properties":{"city":"Lijiang","population":320000,"capital":"","tier":1}},{"type":"Feature","geometry":{"type":"Point","coordinates":[23.79828132521364,44.32363398009963]},"properties":{"city":"Craiova","population":199300,"capital":"","tier":1}},{"type":"Feature","geometry":{"type":"Point","coordinates":[-61.19682474810113,13.219791322378285]},"properties":{"city":"Saint Vincent and the Grenadines","population":34500,"capital":"primary","tier":3}},{"type":"Feature","geometry":{"type":"Point","coordinates":[-66.91266914610503,10.530198561410202]},"properties":{"city":"Caracas","population":2192800,"capital":"primary","tier":3}},{"type":"Feature","geometry":{"type":"Point","coordinates":[119.78897864105207,49.24799194347199]},"properties":{"city":"Hailar District","population":320000,"capital":"","tier":1}},{"type":"Feature","geometry":{"type":"Point","coordinates":[14.802721850847863,-0.8543416868719333]},"properties":{"city":"Ewo","population":92300,"capital":"","tier":1}},{"type":"Feature","geometry":{"type":"Point","coordinates":[77.72204827793423,8.736220648008668]},"properties":{"city":"Tirunelveli","population":320000,"capital":"","tier":1}},{"type":"Feature","geometry":{"type":"Point","coordinates":[15.639825065137087,46.55919724516403]},"properties":{"city":"Maribor","population":304700,"capital":"","tier":1}},{"type":"Feature","geometry":{"type":"Point","coordinates":[126.53368934239221,33.478277146422386]},"properties":{"city":"Jeju","population":673100,"capital":"","tier":2}},{"type":"Feature","geometry":{"type":"Point","coordinates":[125.89771689384764,39.711268269216504]},"properties":{"city":"Kaechon","population":103300,"capital":"","tier":1}},{"type":"Feature","geometry":{"type":"Point","coordinates":[-64.93493962363884,-14.86693414523208]},"properties":{"city":"Trinidad (Bolivia)","population":320000,"capital":"","tier":1}},{"type":"Feature","geometry":{"type":"Point","coordinates":[48.79265882919846,38.75649172133046]},"properties":{"city":"Lankaran","population":120800,"capital":"","tier":1}},{"type":"Feature","geometry":{"type":"Point","coordinates":[-4.447705425638276,36.72323534238741]},"properties":{"city":"Malaga","population":320000,"capital":"","tier":1}},{"type":"Feature","geometry":{"type":"Point","coordinates":[-59.017610457929,-27.451709530885473]},"properties":{"city":"Resistencia","population":320000,"capital":"","tier":1}},{"type":"Feature","geometry":{"type":"Point","coordinates":[63.60985516004316,39.07049805675098]},"properties":{"city":"Turkmenabat","population":320000,"capital":"","tier":1}},{"type":"Feature","geometry":{"type":"Point","coordinates":[5.695873086691735,58.95205792405329]},"properties":{"city":"Stavanger","population":187000,"capital":"","tier":1}},{"type":"Feature","geometry":{"type":"Point","coordinates":[141.2800353192822,-2.7404495981226944]},"properties":{"city":"Vanimo","population":146800,"capital":"","tier":1}},{"type":"Feature","geometry":{"type":"Point","coordinates":[100.24644695892904,16.863121645245897]},"properties":{"city":"Phitsanulok","population":320000,"capital":"","tier":1}},{"type":"Feature","geometry":{"type":"Point","coordinates":[134.22626617401366,35.50229730156997]},"properties":{"city":"Tottori","population":320000,"capital":"","tier":1}},{"type":"Feature","geometry":{"type":"Point","coordinates":[137.24089684570376,36.14613240492274]},"properties":{"city":"Takayama","population":320000,"capital":"","tier":1}},{"type":"Feature","geometry":{"type":"Point","coordinates":[42.97627251579143,14.86581565132522]},"properties":{"city":"Hodeidah","population":320000,"capital":"","tier":1}},{"type":"Feature","geometry":{"type":"Point","coordinates":[68.8497728237089,36.79208622138424]},"properties":{"city":"Kunduz","population":270200,"capital":"","tier":1}},{"type":"Feature","geometry":{"type":"Point","coordinates":[-5.459376755256463,36.12869646063264]},"properties":{"city":"Algeciras","population":1011300,"capital":"","tier":2}},{"type":"Feature","geometry":{"type":"Point","coordinates":[27.488628158221278,-29.322803759939795]},"properties":{"city":"Maseru","population":463500,"capital":"primary","tier":3}},{"type":"Feature","geometry":{"type":"Point","coordinates":[6.018533932743791,47.21539128855679]},"properties":{"city":"Besancon","population":197500,"capital":"","tier":1}},{"type":"Feature","geometry":{"type":"Point","coordinates":[39.70355085410893,-9.998233110309855]},"properties":{"city":"Lindi","population":320000,"capital":"","tier":1}},{"type":"Feature","geometry":{"type":"Point","coordinates":[125.13779034734323,46.61654328195212]},"properties":{"city":"Daqing","population":2200000,"capital":"","tier":2}},{"type":"Feature","geometry":{"type":"Point","coordinates":[-9.188221618468097,38.73911579413789]},"properties":{"city":"Lisbon","population":1272800,"capital":"primary","tier":3}},{"type":"Feature","geometry":{"type":"Point","coordinates":[-88.80353219662572,14.778417733137147]},"properties":{"city":"Santa Rosa de Copan","population":290500,"capital":"","tier":1}},{"type":"Feature","geometry":{"type":"Point","coordinates":[103.63589531828713,-1.5933889336017302]},"properties":{"city":"Jambi","population":320000,"capital":"","tier":1}},{"type":"Feature","geometry":{"type":"Point","coordinates":[23.532417827830262,58.92716471807893]},"properties":{"city":"Haapsalu","population":65800,"capital":"","tier":1}},{"type":"Feature","geometry":{"type":"Point","coordinates":[14.220823291792795,32.64442278973871]},"properties":{"city":"Khoms (Libya)","population":48800,"capital":"","tier":1}},{"type":"Feature","geometry":{"type":"Point","coordinates":[16.83276730437572,8.665482006184476]},"properties":{"city":"Doba","population":135900,"capital":"","tier":1}},{"type":"Feature","geometry":{"type":"Point","coordinates":[69.14307946950888,54.92440230771979]},"properties":{"city":"Petropavl","population":192900,"capital":"","tier":1}},{"type":"Feature","geometry":{"type":"Point","coordinates":[34.381433983727504,35.59357091928446]},"properties":{"city":"Dipkarpaz","population":97500,"capital":"","tier":1}},{"type":"Feature","geometry":{"type":"Point","coordinates":[21.04609075225851,56.49880974799831]},"properties":{"city":"Liepaja","population":132000,"capital":"","tier":1}},{"type":"Feature","geometry":{"type":"Point","coordinates":[-74.17930387210113,-13.203175869392027]},"properties":{"city":"Ayacucho","population":320000,"capital":"","tier":1}},{"type":"Feature","geometry":{"type":"Point","coordinates":[7.6911937982149485,45.050901607421594]},"properties":{"city":"Turin","population":320000,"capital":"","tier":1}},{"type":"Feature","geometry":{"type":"Point","coordinates":[13.576108119453487,-12.35110619139617]},"properties":{"city":"Lobito","population":319600,"capital":"","tier":1}},{"type":"Feature","geometry":{"type":"Point","coordinates":[22.46065419788668,2.232197247756119]},"properties":{"city":"Bumba","population":320000,"capital":"","tier":1}},{"type":"Feature","geometry":{"type":"Point","coordinates":[20.40866036044515,-9.67483141664519]},"properties":{"city":"Saurimo","population":306400,"capital":"","tier":1}},{"type":"Feature","geometry":{"type":"Point","coordinates":[70.82028417447098,22.32912835298933]},"properties":{"city":"Rajkot","population":320000,"capital":"","tier":1}},{"type":"Feature","geometry":{"type":"Point","coordinates":[45.3922672216675,41.10747592154337]},"properties":{"city":"Gazakh","population":162200,"capital":"","tier":1}},{"type":"Feature","geometry":{"type":"Point","coordinates":[117.43029445817149,23.712650986196138]},"properties":{"city":"Dongshan","population":320000,"capital":"","tier":1}},{"type":"Feature","geometry":{"type":"Point","coordinates":[24.038565987560585,49.86606583908349]},"properties":{"city":"Lviv","population":2200000,"capital":"","tier":2}},{"type":"Feature","geometry":{"type":"Point","coordinates":[31.20147855200501,27.22687136523672]},"properties":{"city":"Asyut","population":320000,"capital":"","tier":1}},{"type":"Feature","geometry":{"type":"Point","coordinates":[-72.690011066783,41.76738899505392]},"properties":{"city":"Hartford","population":301500,"capital":"","tier":1}},{"type":"Feature","geometry":{"type":"Point","coordinates":[104.17988319879191,15.839001262722263]},"properties":{"city":"Yasothan","population":320000,"capital":"","tier":1}},{"type":"Feature","geometry":{"type":"Point","coordinates":[115.40694576464807,4.8601364403129]},"properties":{"city":"Lawas","population":245400,"capital":"","tier":1}},{"type":"Feature","geometry":{"type":"Point","coordinates":[4.075387147825449,48.30044626455657]},"properties":{"city":"Troyes","population":283600,"capital":"","tier":1}},{"type":"Feature","geometry":{"type":"Point","coordinates":[-113.1720419488485,37.68619653987966]},"properties":{"city":"Cedar City","population":314200,"capital":"","tier":1}},{"type":"Feature","geometry":{"type":"Point","coordinates":[120.83326818404497,40.74933452658806]},"properties":{"city":"Huludao","population":320000,"capital":"","tier":1}},{"type":"Feature","geometry":{"type":"Point","coordinates":[-2.1454292459527653,57.165582252704496]},"properties":{"city":"Aberdeen","population":320000,"capital":"","tier":1}},{"type":"Feature","geometry":{"type":"Point","coordinates":[115.8234065557452,-31.931697628919785]},"properties":{"city":"Perth","population":542300,"capital":"","tier":2}},{"type":"Feature","geometry":{"type":"Point","coordinates":[-5.057759613552872,56.82833132553091]},"properties":{"city":"Fort William","population":320000,"capital":"","tier":1}},{"type":"Feature","geometry":{"type":"Point","coordinates":[74.5645522798318,42.90236234102932]},"properties":{"city":"Bishkek","population":988000,"capital":"primary","tier":3}},{"type":"Feature","geometry":{"type":"Point","coordinates":[135.76024867177517,35.006791457810536]},"properties":{"city":"Kyoto","population":686900,"capital":"","tier":2}},{"type":"Feature","geometry":{"type":"Point","coordinates":[26.980029411796465,-16.808734818802407]},"properties":{"city":"Choma","population":230100,"capital":"","tier":1}},{"type":"Feature","geometry":{"type":"Point","coordinates":[-9.557774953156253,30.547264996235356]},"properties":{"city":"Agadir","population":320000,"capital":"","tier":1}},{"type":"Feature","geometry":{"type":"Point","coordinates":[120.30166079321134,22.625886901528716]},"properties":{"city":"Kaohsiung","population":881600,"capital":"","tier":2}},{"type":"Feature","geometry":{"type":"Point","coordinates":[-71.77978174209474,42.26019128578193]},"properties":{"city":"Worcester MA","population":320000,"capital":"","tier":1}},{"type":"Feature","geometry":{"type":"Point","coordinates":[20.81596380521972,13.896807201458373]},"properties":{"city":"Abeche","population":121500,"capital":"","tier":1}},{"type":"Feature","geometry":{"type":"Point","coordinates":[126.39204935762605,34.81127625084321]},"properties":{"city":"Mokpo","population":206800,"capital":"","tier":1}},{"type":"Feature","geometry":{"type":"Point","coordinates":[-8.237301008536836,4.685315512955597]},"properties":{"city":"Barclayville","population":123100,"capital":"","tier":1}},{"type":"Feature","geometry":{"type":"Point","coordinates":[-0.5640937083037582,32.73900746491479]},"properties":{"city":"Ain Sefra","population":144400,"capital":"","tier":1}},{"type":"Feature","geometry":{"type":"Point","coordinates":[22.70388981794846,4.764574755298483]},"properties":{"city":"Bangassou","population":69500,"capital":"","tier":1}},{"type":"Feature","geometry":{"type":"Point","coordinates":[122.23157356413634,40.70004567954675]},"properties":{"city":"Yingkou","population":320000,"capital":"","tier":1}},{"type":"Feature","geometry":{"type":"Point","coordinates":[46.56158597085561,39.350854105130736]},"properties":{"city":"Gubadly","population":320000,"capital":"","tier":1}},{"type":"Feature","geometry":{"type":"Point","coordinates":[59.16107402403075,32.95908480170644]},"properties":{"city":"Birjand","population":320000,"capital":"","tier":1}},{"type":"Feature","geometry":{"type":"Point","coordinates":[-1.5349491742098518,43.48000711309771]},"properties":{"city":"Biarritz","population":303700,"capital":"","tier":1}},{"type":"Feature","geometry":{"type":"Point","coordinates":[19.867751263283324,60.3602761066623]},"properties":{"city":"Geta","population":90700,"capital":"","tier":1}},{"type":"Feature","geometry":{"type":"Point","coordinates":[16.03505735326515,1.5952440981904203]},"properties":{"city":"Ouesso","population":109900,"capital":"","tier":1}},{"type":"Feature","geometry":{"type":"Point","coordinates":[35.282852722703225,31.70263307995218]},"properties":{"city":"Al Ubeidiya","population":21300,"capital":"","tier":1}},{"type":"Feature","geometry":{"type":"Point","coordinates":[120.06071439626548,15.164413438933721]},"properties":{"city":"Cabangan","population":320000,"capital":"","tier":1}},{"type":"Feature","geometry":{"type":"Point","coordinates":[-6.763741940270709,41.81177819397874]},"properties":{"city":"Braganca","population":224000,"capital":"","tier":1}},{"type":"Feature","geometry":{"type":"Point","coordinates":[22.565686282373974,43.16358222347378]},"properties":{"city":"Pirot","population":130700,"capital":"","tier":1}},{"type":"Feature","geometry":{"type":"Point","coordinates":[34.372455126389355,47.61851355549271]},"properties":{"city":"Nikopol","population":107400,"capital":"","tier":1}},{"type":"Feature","geometry":{"type":"Point","coordinates":[33.054771424028885,34.693859432230894]},"properties":{"city":"Yermasoyia","population":21700,"capital":"","tier":1}},{"type":"Feature","geometry":{"type":"Point","coordinates":[149.0894070308076,-35.28564263079373]},"properties":{"city":"Canberra","population":400000,"capital":"","tier":2}},{"type":"Feature","geometry":{"type":"Point","coordinates":[-76.3547081181081,37.04028492357622]},"properties":{"city":"Hampton","population":272400,"capital":"","tier":1}},{"type":"Feature","geometry":{"type":"Point","coordinates":[1.2726505085145414,35.47064150268537]},"properties":{"city":"Tiaret","population":187100,"capital":"","tier":1}},{"type":"Feature","geometry":{"type":"Point","coordinates":[174.32150379319123,-35.72790459364917]},"properties":{"city":"Whangarei","population":47700,"capital":"","tier":1}},{"type":"Feature","geometry":{"type":"Point","coordinates":[118.99329072604958,33.622779448151874]},"properties":{"city":"Huai'an","population":320000,"capital":"","tier":1}},{"type":"Feature","geometry":{"type":"Point","coordinates":[127.73011629678753,37.88923792818399]},"properties":{"city":"Chuncheon","population":237600,"capital":"","tier":1}},{"type":"Feature","geometry":{"type":"Point","coordinates":[44.49513818335488,48.73657743410638]},"properties":{"city":"Volgograd","population":202800,"capital":"","tier":1}},{"type":"Feature","geometry":{"type":"Point","coordinates":[20.787420952870814,48.10306723185133]},"properties":{"city":"Miskolc","population":293400,"capital":"","tier":1}},{"type":"Feature","geometry":{"type":"Point","coordinates":[4.833937391212043,45.76348093898207]},"properties":{"city":"Lyon","population":2200000,"capital":"","tier":2}},{"type":"Feature","geometry":{"type":"Point","coordinates":[-115.1955894235534,36.17815800802073]},"properties":{"city":"Las Vegas","population":976500,"capital":"","tier":2}},{"type":"Feature","geometry":{"type":"Point","coordinates":[55.936816891124856,54.75993254975418]},"properties":{"city":"Ufa","population":185600,"capital":"","tier":1}},{"type":"Feature","geometry":{"type":"Point","coordinates":[-56.467133510650875,-25.782976172947357]},"properties":{"city":"Villarrica","population":107800,"capital":"","tier":1}},{"type":"Feature","geometry":{"type":"Point","coordinates":[9.410706371442966,42.69433641368332]},"properties":{"city":"Bastia","population":241000,"capital":"","tier":1}},{"type":"Feature","geometry":{"type":"Point","coordinates":[18.66954757301761,44.54490401544382]},"properties":{"city":"Tuzla","population":186700,"capital":"","tier":1}},{"type":"Feature","geometry":{"type":"Point","coordinates":[-104.88571568569236,38.78532307234306]},"properties":{"city":"Colorado Springs","population":277200,"capital":"","tier":1}},{"type":"Feature","geometry":{"type":"Point","coordinates":[-90.23263530092554,32.318871601611775]},"properties":{"city":"Jackson","population":320000,"capital":"","tier":1}},{"type":"Feature","geometry":{"type":"Point","coordinates":[121.44099702809835,31.293285085911435]},"properties":{"city":"Shanghai","population":22611500,"capital":"","tier":2}},{"type":"Feature","geometry":{"type":"Point","coordinates":[30.890783143042746,-29.838295875913403]},"properties":{"city":"Durban","population":2200000,"capital":"","tier":2}},{"type":"Feature","geometry":{"type":"Point","coordinates":[29.525868127066126,3.0859110350858714]},"properties":{"city":"Watsa","population":320000,"capital":"","tier":1}},{"type":"Feature","geometry":{"type":"Point","coordinates":[71.59349848564594,34.08356051300656]},"properties":{"city":"Peshawar","population":2200000,"capital":"","tier":2}},{"type":"Feature","geometry":{"type":"Point","coordinates":[140.11848435932544,35.6120989115406]},"properties":{"city":"Chiba","population":1214800,"capital":"","tier":2}},{"type":"Feature","geometry":{"type":"Point","coordinates":[35.7635769958849,-7.805233770562836]},"properties":{"city":"Iringa","population":320000,"capital":"","tier":1}},{"type":"Feature","geometry":{"type":"Point","coordinates":[-102.36680152484301,21.900854771653158]},"properties":{"city":"Aguascalientes City","population":320000,"capital":"","tier":1}},{"type":"Feature","geometry":{"type":"Point","coordinates":[25.672309998531617,-25.20669122026932]},"properties":{"city":"Lobatse","population":34300,"capital":"","tier":1}},{"type":"Feature","geometry":{"type":"Point","coordinates":[134.28891997214993,46.45266313912464]},"properties":{"city":"Luchegorsk","population":211900,"capital":"","tier":1}},{"type":"Feature","geometry":{"type":"Point","coordinates":[59.45584329407154,22.597823821462057]},"properties":{"city":"Sur","population":65000,"capital":"","tier":1}},{"type":"Feature","geometry":{"type":"Point","coordinates":[24.725046262454104,59.43460984160592]},"properties":{"city":"Tallinn","population":259800,"capital":"primary","tier":3}},{"type":"Feature","geometry":{"type":"Point","coordinates":[129.77777133463377,42.440032243882]},"properties":{"city":"Hoeryong","population":120800,"capital":"","tier":1}},{"type":"Feature","geometry":{"type":"Point","coordinates":[107.17402589059303,12.501809182263145]},"properties":{"city":"Senmonorom","population":277900,"capital":"","tier":1}},{"type":"Feature","geometry":{"type":"Point","coordinates":[-1.9773644438496853,32.57706438321448]},"properties":{"city":"Bouarfa","population":320000,"capital":"","tier":1}},{"type":"Feature","geometry":{"type":"Point","coordinates":[133.0662631534778,35.49269193023582]},"properties":{"city":"Matsue","population":320000,"capital":"","tier":1}},{"type":"Feature","geometry":{"type":"Point","coordinates":[131.85377703978344,45.57163143861462]},"properties":{"city":"Mishan","population":320000,"capital":"","tier":1}},{"type":"Feature","geometry":{"type":"Point","coordinates":[66.97467033245962,39.679246225442284]},"properties":{"city":"Samarkand","population":320000,"capital":"","tier":1}},{"type":"Feature","geometry":{"type":"Point","coordinates":[-3.361345521772783,34.284540121566636]},"properties":{"city":"Guercif","population":305900,"capital":"","tier":1}},{"type":"Feature","geometry":{"type":"Point","coordinates":[47.39248866630406,6.783922289064364]},"properties":{"city":"Galkayo","population":320000,"capital":"","tier":1}},{"type":"Feature","geometry":{"type":"Point","coordinates":[46.04632832578205,38.91390906606813]},"properties":{"city":"Ordubad","population":145100,"capital":"","tier":1}},{"type":"Feature","geometry":{"type":"Point","coordinates":[26.49065471053166,5.373302381521128]},"properties":{"city":"Obo","population":56900,"capital":"","tier":1}},{"type":"Feature","geometry":{"type":"Point","coordinates":[113.87992770924805,27.702721783961465]},"properties":{"city":"Pingxiang","population":320000,"capital":"","tier":1}},{"type":"Feature","geometry":{"type":"Point","coordinates":[35.01205334817972,40.577738783418454]},"properties":{"city":"Corum","population":320000,"capital":"","tier":1}},{"type":"Feature","geometry":{"type":"Point","coordinates":[-92.12136609788672,32.52354934138812]},"properties":{"city":"Monroe","population":310900,"capital":"","tier":1}},{"type":"Feature","geometry":{"type":"Point","coordinates":[35.736155984806366,-6.174847735965486]},"properties":{"city":"Dodoma","population":3390900,"capital":"primary","tier":3}},{"type":"Feature","geometry":{"type":"Point","coordinates":[26.52051194170035,40.124284735167436]},"properties":{"city":"Canakkale","population":320000,"capital":"","tier":1}},{"type":"Feature","geometry":{"type":"Point","coordinates":[116.06927427280323,44.00909194114547]},"properties":{"city":"Xilinhot","population":320000,"capital":"","tier":1}},{"type":"Feature","geometry":{"type":"Point","coordinates":[-15.922503328581925,18.154931528049588]},"properties":{"city":"Nouakchott","population":1126400,"capital":"primary","tier":3}},{"type":"Feature","geometry":{"type":"Point","coordinates":[136.89426651468,-4.54719610850276]},"properties":{"city":"Timika","population":320000,"capital":"","tier":1}},{"type":"Feature","geometry":{"type":"Point","coordinates":[-99.99537173975378,37.74110298941656]},"properties":{"city":"Dodge City","population":253600,"capital":"","tier":1}},{"type":"Feature","geometry":{"type":"Point","coordinates":[24.97504205163916,-8.724528401509488]},"properties":{"city":"Kamina","population":320000,"capital":"","tier":1}},{"type":"Feature","geometry":{"type":"Point","coordinates":[-73.63402664682143,40.70727002132901]},"properties":{"city":"Hempstead","population":247900,"capital":"","tier":1}},{"type":"Feature","geometry":{"type":"Point","coordinates":[-0.3657154161757552,11.792548109977943]},"properties":{"city":"Tenkodogo","population":222500,"capital":"","tier":1}},{"type":"Feature","geometry":{"type":"Point","coordinates":[29.08865453296213,-5.928391724850684]},"properties":{"city":"Kalemie","population":320000,"capital":"","tier":1}},{"type":"Feature","geometry":{"type":"Point","coordinates":[31.672074312646185,9.523059851487744]},"properties":{"city":"Malakal","population":170700,"capital":"","tier":1}},{"type":"Feature","geometry":{"type":"Point","coordinates":[18.513348841718063,4.427364161450015]},"properties":{"city":"Bangui","population":827800,"capital":"primary","tier":3}},{"type":"Feature","geometry":{"type":"Point","coordinates":[33.79106174915168,31.123992558580326]},"properties":{"city":"El Arish","population":320000,"capital":"","tier":1}},{"type":"Feature","geometry":{"type":"Point","coordinates":[35.36751897868821,32.33307417232848]},"properties":{"city":"Tubas","population":24900,"capital":"","tier":1}},{"type":"Feature","geometry":{"type":"Point","coordinates":[-9.145317010939408,32.41410568047722]},"properties":{"city":"Safi","population":287700,"capital":"","tier":1}},{"type":"Feature","geometry":{"type":"Point","coordinates":[28.464636673985275,49.256939731538324]},"properties":{"city":"Vinnytsia","population":113000,"capital":"","tier":1}},{"type":"Feature","geometry":{"type":"Point","coordinates":[6.064709026100244,33.088995072334285]},"properties":{"city":"Touggourt","population":202300,"capital":"","tier":1}},{"type":"Feature","geometry":{"type":"Point","coordinates":[-96.74889351321987,17.04772153156803]},"properties":{"city":"Oaxaca City","population":320000,"capital":"","tier":1}},{"type":"Feature","geometry":{"type":"Point","coordinates":[36.69815357139012,-3.3596626976890462]},"properties":{"city":"Arusha","population":320000,"capital":"","tier":1}},{"type":"Feature","geometry":{"type":"Point","coordinates":[89.54645371792078,22.891804311288496]},"properties":{"city":"Khulna","population":320000,"capital":"","tier":1}},{"type":"Feature","geometry":{"type":"Point","coordinates":[-90.01431321283005,35.12451423895341]},"properties":{"city":"Memphis","population":311100,"capital":"","tier":1}},{"type":"Feature","geometry":{"type":"Point","coordinates":[-92.4884618225308,31.2960981594844]},"properties":{"city":"Alexandria Louisiana","population":212000,"capital":"","tier":1}},{"type":"Feature","geometry":{"type":"Point","coordinates":[-80.6312740543521,-5.2038821136029725]},"properties":{"city":"Piura","population":320000,"capital":"","tier":1}},{"type":"Feature","geometry":{"type":"Point","coordinates":[31.596920842116223,40.73319023313596]},"properties":{"city":"Bolu","population":320000,"capital":"","tier":1}},{"type":"Feature","geometry":{"type":"Point","coordinates":[27.53884879737505,-21.174089608589767]},"properties":{"city":"Francistown","population":230400,"capital":"","tier":2}},{"type":"Feature","geometry":{"type":"Point","coordinates":[17.2574791395273,40.47625772427958]},"properties":{"city":"Taranto","population":318500,"capital":"","tier":1}},{"type":"Feature","geometry":{"type":"Point","coordinates":[126.83202603373395,37.66575323061055]},"properties":{"city":"Goyang","population":160800,"capital":"","tier":1}},{"type":"Feature","geometry":{"type":"Point","coordinates":[-1.8641027902591352,38.98103995812616]},"properties":{"city":"Albacete","population":320000,"capital":"","tier":1}},{"type":"Feature","geometry":{"type":"Point","coordinates":[9.92524688388973,54.683172468713394]},"properties":{"city":"Kappeln","population":320000,"capital":"","tier":1}},{"type":"Feature","geometry":{"type":"Point","coordinates":[28.89189035996386,-11.205663330155332]},"properties":{"city":"Mansa","population":282400,"capital":"","tier":1}},{"type":"Feature","geometry":{"type":"Point","coordinates":[-66.18678355822112,-10.971515756029234]},"properties":{"city":"Riberalta","population":320000,"capital":"","tier":1}},{"type":"Feature","geometry":{"type":"Point","coordinates":[27.798559090133526,11.39493333375654]},"properties":{"city":"Babanusah","population":320000,"capital":"","tier":1}},{"type":"Feature","geometry":{"type":"Point","coordinates":[-56.20875694398674,-34.81740879496955]},"properties":{"city":"Montevideo","population":1367200,"capital":"primary","tier":3}},{"type":"Feature","geometry":{"type":"Point","coordinates":[33.769462465843944,-1.523028511329457]},"properties":{"city":"Musoma","population":320000,"capital":"","tier":1}},{"type":"Feature","geometry":{"type":"Point","coordinates":[35.59330978851249,3.111579540249238]},"properties":{"city":"Lodwar","population":320000,"capital":"","tier":1}},{"type":"Feature","geometry":{"type":"Point","coordinates":[103.81796360791266,13.43605009780444]},"properties":{"city":"Siem Reap","population":282100,"capital":"","tier":1}},{"type":"Feature","geometry":{"type":"Point","coordinates":[8.936297747338863,44.42466031805674]},"properties":{"city":"Geona","population":320000,"capital":"","tier":1}},{"type":"Feature","geometry":{"type":"Point","coordinates":[35.77273347665393,33.642818210569615]},"properties":{"city":"Joub Jannine","population":254400,"capital":"","tier":1}},{"type":"Feature","geometry":{"type":"Point","coordinates":[31.696641461611943,-0.34686046242305224]},"properties":{"city":"Masaka","population":320000,"capital":"","tier":1}},{"type":"Feature","geometry":{"type":"Point","coordinates":[97.75404056600172,22.967873577528124]},"properties":{"city":"Lashio","population":30600,"capital":"","tier":1}},{"type":"Feature","geometry":{"type":"Point","coordinates":[51.502839529998326,25.70377094014617]},"properties":{"city":"Al Khor","population":189400,"capital":"","tier":1}},{"type":"Feature","geometry":{"type":"Point","coordinates":[125.70468050441073,38.06145328623367]},"properties":{"city":"Haeju","population":114000,"capital":"","tier":1}},{"type":"Feature","geometry":{"type":"Point","coordinates":[9.172417073107356,36.74233590070733]},"properties":{"city":"Beja (Tunisia)","population":121300,"capital":"","tier":1}},{"type":"Feature","geometry":{"type":"Point","coordinates":[117.62842714195483,24.549761820877066]},"properties":{"city":"Zhangzhou","population":2200000,"capital":"","tier":2}},{"type":"Feature","geometry":{"type":"Point","coordinates":[69.45674188383147,31.376296432936712]},"properties":{"city":"Zhob","population":320000,"capital":"","tier":1}},{"type":"Feature","geometry":{"type":"Point","coordinates":[48.075001308548906,46.3948377854727]},"properties":{"city":"Astrakhan","population":171900,"capital":"","tier":1}},{"type":"Feature","geometry":{"type":"Point","coordinates":[37.56567078974051,48.770322124562085]},"properties":{"city":"Kramatorsk","population":175300,"capital":"","tier":1}},{"type":"Feature","geometry":{"type":"Point","coordinates":[-68.55310378043738,-31.53782630384091]},"properties":{"city":"San Juan","population":320000,"capital":"","tier":1}},{"type":"Feature","geometry":{"type":"Point","coordinates":[18.677041848602123,12.28120612213796]},"properties":{"city":"Mongo","population":119500,"capital":"","tier":1}},{"type":"Feature","geometry":{"type":"Point","coordinates":[-12.29061994776552,11.376121018294072]},"properties":{"city":"Labe","population":320000,"capital":"","tier":1}},{"type":"Feature","geometry":{"type":"Point","coordinates":[19.04807933087246,5.775168241442316]},"properties":{"city":"Sibut","population":88500,"capital":"","tier":1}},{"type":"Feature","geometry":{"type":"Point","coordinates":[11.117163049531063,46.06883538179147]},"properties":{"city":"Trento","population":297800,"capital":"","tier":1}},{"type":"Feature","geometry":{"type":"Point","coordinates":[-96.72364368553886,40.80675683320945]},"properties":{"city":"Lincoln Nebraska","population":269600,"capital":"","tier":1}},{"type":"Feature","geometry":{"type":"Point","coordinates":[116.79352368760337,38.34726996193183]},"properties":{"city":"Cangzhou","population":320000,"capital":"","tier":1}},{"type":"Feature","geometry":{"type":"Point","coordinates":[-77.5523900786433,24.0967274413196]},"properties":{"city":"Kemps Bay","population":13400,"capital":"","tier":1}},{"type":"Feature","geometry":{"type":"Point","coordinates":[46.132627073681675,39.16982991578095]},"properties":{"city":"Kajaran","population":81500,"capital":"","tier":1}},{"type":"Feature","geometry":{"type":"Point","coordinates":[7.0679348582148185,4.744808197324815]},"properties":{"city":"Port Harcourt","population":2200000,"capital":"","tier":2}},{"type":"Feature","geometry":{"type":"Point","coordinates":[-2.8120403828307774,48.50673560121555]},"properties":{"city":"Lambelle","population":273100,"capital":"","tier":1}},{"type":"Feature","geometry":{"type":"Point","coordinates":[21.96181485340766,6.5455017030263605]},"properties":{"city":"Bria","population":92300,"capital":"","tier":1}},{"type":"Feature","geometry":{"type":"Point","coordinates":[43.71097903755552,34.71235001601782]},"properties":{"city":"Tikrit","population":320000,"capital":"","tier":1}},{"type":"Feature","geometry":{"type":"Point","coordinates":[-72.92191758014627,11.524688054368639]},"properties":{"city":"Riohacha","population":320000,"capital":"","tier":1}},{"type":"Feature","geometry":{"type":"Point","coordinates":[144.3251252746177,-38.1403650254499]},"properties":{"city":"Geelong","population":182300,"capital":"","tier":1}},{"type":"Feature","geometry":{"type":"Point","coordinates":[-79.87638286456578,9.356409057472462]},"properties":{"city":"Colon","population":76800,"capital":"","tier":1}},{"type":"Feature","geometry":{"type":"Point","coordinates":[118.71559977566996,31.033348367951362]},"properties":{"city":"Xuancheng","population":320000,"capital":"","tier":1}},{"type":"Feature","geometry":{"type":"Point","coordinates":[12.877372383197454,56.701109441430134]},"properties":{"city":"Halmstad","population":187000,"capital":"","tier":1}},{"type":"Feature","geometry":{"type":"Point","coordinates":[36.58785414446794,50.634567755616274]},"properties":{"city":"Belgorod","population":213500,"capital":"","tier":1}},{"type":"Feature","geometry":{"type":"Point","coordinates":[126.67970401086161,38.094503766130174]},"properties":{"city":"Jangpung-eup","population":113400,"capital":"","tier":1}},{"type":"Feature","geometry":{"type":"Point","coordinates":[32.065761475525484,54.83452152341843]},"properties":{"city":"Smolensk","population":202800,"capital":"","tier":1}},{"type":"Feature","geometry":{"type":"Point","coordinates":[1.1696265170963374,41.13511979678529]},"properties":{"city":"Tarragona","population":320000,"capital":"","tier":1}},{"type":"Feature","geometry":{"type":"Point","coordinates":[126.60895773426742,40.98195570843603]},"properties":{"city":"Kanggye","population":90900,"capital":"","tier":1}},{"type":"Feature","geometry":{"type":"Point","coordinates":[-72.03983261054802,-13.48654862442666]},"properties":{"city":"Cuzco","population":320000,"capital":"","tier":1}},{"type":"Feature","geometry":{"type":"Point","coordinates":[101.48212523226078,0.5396113970654426]},"properties":{"city":"Pekanbaru","population":320000,"capital":"","tier":1}},{"type":"Feature","geometry":{"type":"Point","coordinates":[170.53532602721708,-45.83488256659199]},"properties":{"city":"Dunedin","population":50700,"capital":"","tier":1}},{"type":"Feature","geometry":{"type":"Point","coordinates":[-3.1932858787330938,10.352096257935756]},"properties":{"city":"Gaoua (Burkina Faso)","population":247100,"capital":"","tier":1}},{"type":"Feature","geometry":{"type":"Point","coordinates":[30.681180465684065,4.091496038937208]},"properties":{"city":"Yei","population":197600,"capital":"","tier":1}},{"type":"Feature","geometry":{"type":"Point","coordinates":[-74.0941036527884,11.193570173395628]},"properties":{"city":"Santa Marta","population":320000,"capital":"","tier":1}},{"type":"Feature","geometry":{"type":"Point","coordinates":[-7.263455115980474,55.01963307375195]},"properties":{"city":"Derry","population":320000,"capital":"","tier":1}},{"type":"Feature","geometry":{"type":"Point","coordinates":[-64.73806801445424,-21.54772256892828]},"properties":{"city":"Tarija","population":320000,"capital":"","tier":1}},{"type":"Feature","geometry":{"type":"Point","coordinates":[-89.75468363235993,13.72097650797808]},"properties":{"city":"Sonsonate","population":251100,"capital":"","tier":1}},{"type":"Feature","geometry":{"type":"Point","coordinates":[14.448292027755153,45.34886542331094]},"properties":{"city":"Rijeka","population":104400,"capital":"","tier":1}},{"type":"Feature","geometry":{"type":"Point","coordinates":[-112.04830486059342,33.446151876668594]},"properties":{"city":"Phoenix","population":856200,"capital":"","tier":2}},{"type":"Feature","geometry":{"type":"Point","coordinates":[114.88495979867285,40.90158364108953]},"properties":{"city":"Zhangjiakou","population":2200000,"capital":"","tier":2}},{"type":"Feature","geometry":{"type":"Point","coordinates":[-63.25827714294255,-17.799629516961375]},"properties":{"city":"Santa Cruz de la Sierra","population":710100,"capital":"","tier":2}},{"type":"Feature","geometry":{"type":"Point","coordinates":[118.64110530351387,24.893045254906227]},"properties":{"city":"Quanzhou","population":2200000,"capital":"","tier":2}},{"type":"Feature","geometry":{"type":"Point","coordinates":[18.393307303336524,9.21527418683361]},"properties":{"city":"Sarh","population":170800,"capital":"","tier":1}},{"type":"Feature","geometry":{"type":"Point","coordinates":[-85.5964636165278,11.035375409922594]},"properties":{"city":"La Cruz","population":154300,"capital":"","tier":1}},{"type":"Feature","geometry":{"type":"Point","coordinates":[44.37557711225837,35.487672150591564]},"properties":{"city":"Kirkuk","population":320000,"capital":"","tier":1}},{"type":"Feature","geometry":{"type":"Point","coordinates":[47.119698214890974,-21.472828229942834]},"properties":{"city":"Fianarantsoa","population":320000,"capital":"","tier":1}},{"type":"Feature","geometry":{"type":"Point","coordinates":[124.23100774153338,7.249251705347618]},"properties":{"city":"Cotabato City","population":320000,"capital":"","tier":1}},{"type":"Feature","geometry":{"type":"Point","coordinates":[22.924290420868466,39.38681141715867]},"properties":{"city":"Volos","population":117900,"capital":"","tier":1}},{"type":"Feature","geometry":{"type":"Point","coordinates":[-51.104418439610065,-30.048502837277006]},"properties":{"city":"Porto Alegre","population":2200000,"capital":"","tier":2}},{"type":"Feature","geometry":{"type":"Point","coordinates":[36.30260379994261,41.26990213694211]},"properties":{"city":"Samsun","population":320000,"capital":"","tier":1}},{"type":"Feature","geometry":{"type":"Point","coordinates":[14.322409745741293,10.626261268625527]},"properties":{"city":"Maroua","population":320000,"capital":"","tier":1}},{"type":"Feature","geometry":{"type":"Point","coordinates":[85.11654742580201,25.63049349613857]},"properties":{"city":"Patna","population":320000,"capital":"","tier":1}},{"type":"Feature","geometry":{"type":"Point","coordinates":[146.28250176737126,-36.35455327650765]},"properties":{"city":"Wangaratta","population":186400,"capital":"","tier":1}},{"type":"Feature","geometry":{"type":"Point","coordinates":[124.07563024748517,42.789853435989215]},"properties":{"city":"Changtu","population":320000,"capital":"","tier":1}},{"type":"Feature","geometry":{"type":"Point","coordinates":[-3.248177336604526,55.96039535383855]},"properties":{"city":"Edinburgh","population":900200,"capital":"primary","tier":3}},{"type":"Feature","geometry":{"type":"Point","coordinates":[46.13553127304556,31.06529053782532]},"properties":{"city":"Nasiriyah","population":320000,"capital":"","tier":1}},{"type":"Feature","geometry":{"type":"Point","coordinates":[-73.24680713107493,42.44897711149977]},"properties":{"city":"Pittsfield","population":306800,"capital":"","tier":1}},{"type":"Feature","geometry":{"type":"Point","coordinates":[33.319383848247035,35.32785383952046]},"properties":{"city":"Girne","population":76700,"capital":"","tier":1}},{"type":"Feature","geometry":{"type":"Point","coordinates":[75.83963098283873,30.917342305866853]},"properties":{"city":"Ludhiana","population":320000,"capital":"","tier":1}},{"type":"Feature","geometry":{"type":"Point","coordinates":[120.73575463266619,30.799456885168922]},"properties":{"city":"Jiaxing","population":320000,"capital":"","tier":1}},{"type":"Feature","geometry":{"type":"Point","coordinates":[27.14518492302167,38.44142046101467]},"properties":{"city":"Izmir","population":2200000,"capital":"","tier":2}},{"type":"Feature","geometry":{"type":"Point","coordinates":[-100.3653650596582,20.601202284861102]},"properties":{"city":"Queretaro City","population":320000,"capital":"","tier":1}},{"type":"Feature","geometry":{"type":"Point","coordinates":[-116.9003093610572,46.4145909067974]},"properties":{"city":"Lewiston","population":293200,"capital":"","tier":1}},{"type":"Feature","geometry":{"type":"Point","coordinates":[-121.90397291247108,37.33028692715999]},"properties":{"city":"San Jose","population":320000,"capital":"","tier":1}},{"type":"Feature","geometry":{"type":"Point","coordinates":[19.94376522574963,60.11063848287952]},"properties":{"city":"Mariehamn","population":94700,"capital":"","tier":1}},{"type":"Feature","geometry":{"type":"Point","coordinates":[78.08627255918988,9.929600000202655]},"properties":{"city":"Madurai","population":2200000,"capital":"","tier":2}},{"type":"Feature","geometry":{"type":"Point","coordinates":[98.64384422097189,3.611940238017695]},"properties":{"city":"Medan","population":2200000,"capital":"","tier":2}},{"type":"Feature","geometry":{"type":"Point","coordinates":[-86.84441279011567,33.52839799063999]},"properties":{"city":"Birmingham Alabama","population":835000,"capital":"","tier":2}},{"type":"Feature","geometry":{"type":"Point","coordinates":[75.82929090844107,22.75861967045425]},"properties":{"city":"Indore","population":320000,"capital":"","tier":1}},{"type":"Feature","geometry":{"type":"Point","coordinates":[-0.12071144016593346,51.523244712710124]},"properties":{"city":"London","population":8380700,"capital":"primary","tier":3}},{"type":"Feature","geometry":{"type":"Point","coordinates":[100.80139573125389,22.08664545373165]},"properties":{"city":"Jinghong","population":320000,"capital":"","tier":1}},{"type":"Feature","geometry":{"type":"Point","coordinates":[27.88158800445511,39.65841111247002]},"properties":{"city":"Balikesir","population":320000,"capital":"","tier":1}},{"type":"Feature","geometry":{"type":"Point","coordinates":[-73.02469601541436,-36.84006532873713]},"properties":{"city":"Concepcion","population":198200,"capital":"","tier":1}},{"type":"Feature","geometry":{"type":"Point","coordinates":[140.11318381647638,39.75807810355809]},"properties":{"city":"Akita","population":320000,"capital":"","tier":1}},{"type":"Feature","geometry":{"type":"Point","coordinates":[34.27745708199398,54.10274056652477]},"properties":{"city":"Kirov","population":235000,"capital":"","tier":1}},{"type":"Feature","geometry":{"type":"Point","coordinates":[62.31249983167665,25.15693992093425]},"properties":{"city":"Gwadar","population":320000,"capital":"","tier":1}},{"type":"Feature","geometry":{"type":"Point","coordinates":[15.0596286366107,-7.598850335868093]},"properties":{"city":"Uige","population":293000,"capital":"","tier":1}},{"type":"Feature","geometry":{"type":"Point","coordinates":[-46.056670880261855,60.72858305145641]},"properties":{"city":"Qaqortoq","population":4000,"capital":"","tier":1}},{"type":"Feature","geometry":{"type":"Point","coordinates":[114.6560000776995,23.783514310246602]},"properties":{"city":"Heyuan","population":320000,"capital":"","tier":1}},{"type":"Feature","geometry":{"type":"Point","coordinates":[21.390997158924883,38.649748607339376]},"properties":{"city":"Astakos","population":82300,"capital":"","tier":1}},{"type":"Feature","geometry":{"type":"Point","coordinates":[139.06230120292054,36.41149549628075]},"properties":{"city":"Maebashi","population":320000,"capital":"","tier":1}},{"type":"Feature","geometry":{"type":"Point","coordinates":[-4.051396825357374,52.76143548444736]},"properties":{"city":"Barmouth","population":320000,"capital":"","tier":1}},{"type":"Feature","geometry":{"type":"Point","coordinates":[17.04546484037089,51.109040364752815]},"properties":{"city":"Wroclaw","population":320000,"capital":"","tier":1}},{"type":"Feature","geometry":{"type":"Point","coordinates":[-69.94590801982551,18.48060565277038]},"properties":{"city":"Santo Domingo","population":1166200,"capital":"primary","tier":3}},{"type":"Feature","geometry":{"type":"Point","coordinates":[175.59901785776384,-40.343296098044725]},"properties":{"city":"Palmerston North","population":33300,"capital":"","tier":1}},{"type":"Feature","geometry":{"type":"Point","coordinates":[11.627370058102382,52.13023154380414]},"properties":{"city":"Magdeburg","population":320000,"capital":"","tier":1}},{"type":"Feature","geometry":{"type":"Point","coordinates":[43.75473188866848,-23.30923467177999]},"properties":{"city":"Toliara","population":2200000,"capital":"","tier":2}},{"type":"Feature","geometry":{"type":"Point","coordinates":[-109.93525176274281,22.944309241476574]},"properties":{"city":"Cabo San Lucas","population":320000,"capital":"","tier":1}},{"type":"Feature","geometry":{"type":"Point","coordinates":[15.068556259661564,37.51642191134479]},"properties":{"city":"Catania","population":320000,"capital":"","tier":1}},{"type":"Feature","geometry":{"type":"Point","coordinates":[-73.86987356431592,40.847595076474676]},"properties":{"city":"Bronx","population":320000,"capital":"","tier":1}},{"type":"Feature","geometry":{"type":"Point","coordinates":[49.31627345561958,-18.153753879515577]},"properties":{"city":"Toamasina","population":320000,"capital":"","tier":1}},{"type":"Feature","geometry":{"type":"Point","coordinates":[136.2023436134061,36.09097057856444]},"properties":{"city":"Fukui","population":320000,"capital":"","tier":1}},{"type":"Feature","geometry":{"type":"Point","coordinates":[58.486153796307235,51.28502261609265]},"properties":{"city":"Orsk","population":234200,"capital":"","tier":1}},{"type":"Feature","geometry":{"type":"Point","coordinates":[106.57891930206122,21.678690401719393]},"properties":{"city":"Dong Mo","population":320000,"capital":"","tier":1}},{"type":"Feature","geometry":{"type":"Point","coordinates":[117.95048847678422,37.40894481336606]},"properties":{"city":"Binzhou","population":320000,"capital":"","tier":1}},{"type":"Feature","geometry":{"type":"Point","coordinates":[-7.5033377834173605,40.293312399138586]},"properties":{"city":"Covilha","population":223800,"capital":"","tier":1}},{"type":"Feature","geometry":{"type":"Point","coordinates":[21.247423491496843,48.70639653863984]},"properties":{"city":"Kosice","population":194600,"capital":"","tier":1}},{"type":"Feature","geometry":{"type":"Point","coordinates":[-71.45243912965529,41.81705854658412]},"properties":{"city":"Providence","population":289500,"capital":"","tier":1}},{"type":"Feature","geometry":{"type":"Point","coordinates":[-10.729042048397147,6.351244117943793]},"properties":{"city":"Monrovia","population":1086000,"capital":"primary","tier":3}},{"type":"Feature","geometry":{"type":"Point","coordinates":[12.06657295007382,48.99854391072114]},"properties":{"city":"Regensburg","population":320000,"capital":"","tier":1}},{"type":"Feature","geometry":{"type":"Point","coordinates":[51.64662221991799,32.78002155800252]},"properties":{"city":"Isfahan","population":2200000,"capital":"","tier":2}},{"type":"Feature","geometry":{"type":"Point","coordinates":[2.873353285116937,33.90865080638363]},"properties":{"city":"Laghouat","population":128800,"capital":"","tier":1}},{"type":"Feature","geometry":{"type":"Point","coordinates":[-83.94179140875538,9.855447812522598]},"properties":{"city":"Cartago","population":138300,"capital":"","tier":1}},{"type":"Feature","geometry":{"type":"Point","coordinates":[41.55003238092875,46.49947783844598]},"properties":{"city":"Salsk","population":177800,"capital":"","tier":1}},{"type":"Feature","geometry":{"type":"Point","coordinates":[110.90424550056959,21.68790265355264]},"properties":{"city":"Maoming","population":320000,"capital":"","tier":1}},{"type":"Feature","geometry":{"type":"Point","coordinates":[102.99179554050708,13.63275815922097]},"properties":{"city":"Sisophon","population":180200,"capital":"","tier":1}},{"type":"Feature","geometry":{"type":"Point","coordinates":[29.493893243648373,4.928025843790607]},"properties":{"city":"Maridi","population":122700,"capital":"","tier":1}},{"type":"Feature","geometry":{"type":"Point","coordinates":[124.07063575416373,40.48721361812551]},"properties":{"city":"Fengcheng","population":320000,"capital":"","tier":1}},{"type":"Feature","geometry":{"type":"Point","coordinates":[49.13355422426484,41.08140359832922]},"properties":{"city":"Siazan","population":144500,"capital":"","tier":1}},{"type":"Feature","geometry":{"type":"Point","coordinates":[-89.9117618299739,16.94962410828593]},"properties":{"city":"Flores Guatemala","population":316300,"capital":"","tier":1}},{"type":"Feature","geometry":{"type":"Point","coordinates":[20.733345653882125,42.217396876163576]},"properties":{"city":"Prizren","population":247700,"capital":"","tier":1}},{"type":"Feature","geometry":{"type":"Point","coordinates":[-86.89828881700731,12.434226702285372]},"properties":{"city":"Leon (Nicaragua)","population":110800,"capital":"","tier":1}},{"type":"Feature","geometry":{"type":"Point","coordinates":[27.552387082714887,41.03167422975562]},"properties":{"city":"Tekirdag","population":320000,"capital":"","tier":1}},{"type":"Feature","geometry":{"type":"Point","coordinates":[-119.299117075889,46.30489015384367]},"properties":{"city":"Richland","population":280400,"capital":"","tier":1}},{"type":"Feature","geometry":{"type":"Point","coordinates":[8.554919050209,47.39242335956618]},"properties":{"city":"Zurich","population":976500,"capital":"","tier":2}},{"type":"Feature","geometry":{"type":"Point","coordinates":[102.26255055184227,2.2274172620762585]},"properties":{"city":"Malacca","population":320000,"capital":"","tier":1}},{"type":"Feature","geometry":{"type":"Point","coordinates":[32.74857680028507,39.916665424622664]},"properties":{"city":"Ankara","population":5286900,"capital":"primary","tier":3}},{"type":"Feature","geometry":{"type":"Point","coordinates":[31.620812151855144,-21.02861768900202]},"properties":{"city":"Chiredzi","population":320000,"capital":"","tier":1}},{"type":"Feature","geometry":{"type":"Point","coordinates":[41.71544601762996,3.907885970983216]},"properties":{"city":"Mandera","population":320000,"capital":"","tier":1}},{"type":"Feature","geometry":{"type":"Point","coordinates":[106.24770160762141,45.907750167363076]},"properties":{"city":"Mandalgobi","population":46800,"capital":"","tier":1}},{"type":"Feature","geometry":{"type":"Point","coordinates":[136.2880182676471,35.39926430225567]},"properties":{"city":"Nagahama","population":320000,"capital":"","tier":1}},{"type":"Feature","geometry":{"type":"Point","coordinates":[145.3434989806428,-6.080623873099569]},"properties":{"city":"Goroka","population":147800,"capital":"","tier":1}},{"type":"Feature","geometry":{"type":"Point","coordinates":[14.534294313150383,53.43470959778128]},"properties":{"city":"Szczecin","population":320000,"capital":"","tier":1}},{"type":"Feature","geometry":{"type":"Point","coordinates":[36.520859051220285,28.478577141632798]},"properties":{"city":"Tabuk","population":320000,"capital":"","tier":1}},{"type":"Feature","geometry":{"type":"Point","coordinates":[1.30320626055315,36.25870002781389]},"properties":{"city":"Chlef","population":190300,"capital":"","tier":1}},{"type":"Feature","geometry":{"type":"Point","coordinates":[114.17302102317737,22.260584909394595]},"properties":{"city":"Hong Kong","population":11838300,"capital":"primary","tier":3}},{"type":"Feature","geometry":{"type":"Point","coordinates":[-1.401350917992932,48.709545487619664]},"properties":{"city":"Avranches","population":284300,"capital":"","tier":1}},{"type":"Feature","geometry":{"type":"Point","coordinates":[32.51947380931172,29.989032471039536]},"properties":{"city":"Suez","population":2200000,"capital":"","tier":2}},{"type":"Feature","geometry":{"type":"Point","coordinates":[10.168907014800281,36.810374070650255]},"properties":{"city":"Tunis","population":638800,"capital":"primary","tier":3}},{"type":"Feature","geometry":{"type":"Point","coordinates":[114.49789593597325,48.192308079505835]},"properties":{"city":"Choibalsan","population":34800,"capital":"","tier":1}},{"type":"Feature","geometry":{"type":"Point","coordinates":[-86.30375914885616,12.116808153912586]},"properties":{"city":"Managua","population":982400,"capital":"primary","tier":3}},{"type":"Feature","geometry":{"type":"Point","coordinates":[89.4956441773157,-68.02392392334701]},"properties":{"city":"East Antarctica","population":1050300,"capital":"primary","tier":3}},{"type":"Feature","geometry":{"type":"Point","coordinates":[0.46906432511616925,10.370126776365183]},"properties":{"city":"Mango","population":320000,"capital":"","tier":1}},{"type":"Feature","geometry":{"type":"Point","coordinates":[50.868435986974255,28.93770032378761]},"properties":{"city":"Bushehr","population":320000,"capital":"","tier":1}},{"type":"Feature","geometry":{"type":"Point","coordinates":[127.04852266347643,37.79108090179919]},"properties":{"city":"Yangju","population":140500,"capital":"","tier":1}},{"type":"Feature","geometry":{"type":"Point","coordinates":[6.6051360775512915,0.2816230277875036]},"properties":{"city":"Sao Tome and Principe","population":69000,"capital":"primary","tier":3}},{"type":"Feature","geometry":{"type":"Point","coordinates":[129.0025157328494,42.57633941678512]},"properties":{"city":"Helong","population":320000,"capital":"","tier":1}},{"type":"Feature","geometry":{"type":"Point","coordinates":[33.628382156049426,28.259026271695717]},"properties":{"city":"At Tur","population":320000,"capital":"","tier":1}},{"type":"Feature","geometry":{"type":"Point","coordinates":[-70.3523988593768,-53.28889162399532]},"properties":{"city":"Porvenir","population":167800,"capital":"","tier":1}},{"type":"Feature","geometry":{"type":"Point","coordinates":[-60.073141088036486,-3.0544362685490967]},"properties":{"city":"Manaus","population":320000,"capital":"","tier":1}},{"type":"Feature","geometry":{"type":"Point","coordinates":[9.541219686896525,40.87995022419412]},"properties":{"city":"Terranoa","population":320000,"capital":"","tier":1}},{"type":"Feature","geometry":{"type":"Point","coordinates":[-95.76565401415922,39.073481872302466]},"properties":{"city":"Topeka","population":320000,"capital":"","tier":1}},{"type":"Feature","geometry":{"type":"Point","coordinates":[25.312490391771377,50.799102472290144]},"properties":{"city":"Lutsk","population":163300,"capital":"","tier":1}},{"type":"Feature","geometry":{"type":"Point","coordinates":[43.970902615406764,26.320023949545757]},"properties":{"city":"Buraydah","population":320000,"capital":"","tier":1}},{"type":"Feature","geometry":{"type":"Point","coordinates":[107.35822355744176,22.408671113962967]},"properties":{"city":"Chongzuo City","population":320000,"capital":"","tier":1}},{"type":"Feature","geometry":{"type":"Point","coordinates":[68.83095662266962,27.732475978415422]},"properties":{"city":"Sukkur","population":320000,"capital":"","tier":1}},{"type":"Feature","geometry":{"type":"Point","coordinates":[168.347730118918,-17.705364512441434]},"properties":{"city":"Port Vila","population":92700,"capital":"primary","tier":3}},{"type":"Feature","geometry":{"type":"Point","coordinates":[16.24466220217204,56.69439759094729]},"properties":{"city":"Kalmar","population":205600,"capital":"","tier":1}},{"type":"Feature","geometry":{"type":"Point","coordinates":[21.777840169523476,38.23790795526307]},"properties":{"city":"Patras","population":120200,"capital":"","tier":1}},{"type":"Feature","geometry":{"type":"Point","coordinates":[178.4444398513375,-18.10852686384699]},"properties":{"city":"Suva","population":277100,"capital":"primary","tier":3}},{"type":"Feature","geometry":{"type":"Point","coordinates":[13.313718870619162,-8.861225224100806]},"properties":{"city":"Luanda","population":2394200,"capital":"primary","tier":3}},{"type":"Feature","geometry":{"type":"Point","coordinates":[17.578904198084324,48.38170216543094]},"properties":{"city":"Trnava","population":194600,"capital":"","tier":1}},{"type":"Feature","geometry":{"type":"Point","coordinates":[55.49550129319239,25.409116020505678]},"properties":{"city":"Sharjah","population":316200,"capital":"","tier":1}},{"type":"Feature","geometry":{"type":"Point","coordinates":[-0.04948911515363771,39.9593940071629]},"properties":{"city":"Castello de la Plana","population":320000,"capital":"","tier":1}},{"type":"Feature","geometry":{"type":"Point","coordinates":[44.20903722551166,67.8756589626652]},"properties":{"city":"Shoyna","population":155000,"capital":"","tier":1}},{"type":"Feature","geometry":{"type":"Point","coordinates":[-0.5229509205304942,38.3507820190743]},"properties":{"city":"Alicante","population":320000,"capital":"","tier":1}},{"type":"Feature","geometry":{"type":"Point","coordinates":[31.992427331799767,49.443130528648226]},"properties":{"city":"Cherkasy","population":120600,"capital":"","tier":1}},{"type":"Feature","geometry":{"type":"Point","coordinates":[132.31586241560342,-2.9242480508128352]},"properties":{"city":"Fakfak","population":320000,"capital":"","tier":1}},{"type":"Feature","geometry":{"type":"Point","coordinates":[-57.46659141438745,6.191935591959563]},"properties":{"city":"New Amsterdam","population":30300,"capital":"","tier":1}},{"type":"Feature","geometry":{"type":"Point","coordinates":[118.2044795744359,26.190737050604668]},"properties":{"city":"Youxi","population":320000,"capital":"","tier":1}},{"type":"Feature","geometry":{"type":"Point","coordinates":[-88.55875057713531,15.729782919260018]},"properties":{"city":"Puerto Barrios","population":320000,"capital":"","tier":1}},{"type":"Feature","geometry":{"type":"Point","coordinates":[3.227727315722097,51.21664098427101]},"properties":{"city":"Bruges","population":320000,"capital":"","tier":1}},{"type":"Feature","geometry":{"type":"Point","coordinates":[-5.925495816032949,54.23063907784146]},"properties":{"city":"Newcastle","population":320000,"capital":"","tier":1}},{"type":"Feature","geometry":{"type":"Point","coordinates":[129.16882018677725,37.45542644922874]},"properties":{"city":"Samcheok","population":196100,"capital":"","tier":1}},{"type":"Feature","geometry":{"type":"Point","coordinates":[8.58673465214619,53.558447372912724]},"properties":{"city":"Bremerhaven","population":320000,"capital":"","tier":1}},{"type":"Feature","geometry":{"type":"Point","coordinates":[-8.80182388125703,7.744056996266735]},"properties":{"city":"N'Zerekore","population":245300,"capital":"","tier":1}},{"type":"Feature","geometry":{"type":"Point","coordinates":[0.19838267929691372,48.00870719145843]},"properties":{"city":"Le Mans","population":191600,"capital":"","tier":1}},{"type":"Feature","geometry":{"type":"Point","coordinates":[-7.8616585693495,38.01485308167045]},"properties":{"city":"Beja","population":258900,"capital":"","tier":1}},{"type":"Feature","geometry":{"type":"Point","coordinates":[-73.25378365739152,40.78749206363281]},"properties":{"city":"Brentwood","population":300400,"capital":"","tier":1}},{"type":"Feature","geometry":{"type":"Point","coordinates":[126.69485847118646,37.467510991726044]},"properties":{"city":"Incheon","population":658000,"capital":"","tier":2}},{"type":"Feature","geometry":{"type":"Point","coordinates":[28.365754806492532,37.260705957420996]},"properties":{"city":"Mugla","population":320000,"capital":"","tier":1}},{"type":"Feature","geometry":{"type":"Point","coordinates":[125.38418749768731,41.30268139562537]},"properties":{"city":"Huanren","population":320000,"capital":"","tier":1}},{"type":"Feature","geometry":{"type":"Point","coordinates":[-87.2881273366892,30.420036935209694]},"properties":{"city":"Pensacola","population":219600,"capital":"","tier":1}},{"type":"Feature","geometry":{"type":"Point","coordinates":[124.87776818162341,38.15386227436741]},"properties":{"city":"Ryongyon-up","population":85500,"capital":"","tier":1}},{"type":"Feature","geometry":{"type":"Point","coordinates":[40.32126673862574,-13.013610445225567]},"properties":{"city":"Pemba","population":320000,"capital":"","tier":1}},{"type":"Feature","geometry":{"type":"Point","coordinates":[-121.5444220764217,38.57814128532118]},"properties":{"city":"Sacramento","population":1008600,"capital":"","tier":2}},{"type":"Feature","geometry":{"type":"Point","coordinates":[34.87104184772845,32.31798052745039]},"properties":{"city":"Netanya","population":64700,"capital":"","tier":1}},{"type":"Feature","geometry":{"type":"Point","coordinates":[129.943737665101,33.44854875805014]},"properties":{"city":"Karatsu","population":320000,"capital":"","tier":1}},{"type":"Feature","geometry":{"type":"Point","coordinates":[51.16067473203953,15.305494034225234]},"properties":{"city":"Sayhut","population":320000,"capital":"","tier":1}},{"type":"Feature","geometry":{"type":"Point","coordinates":[35.914383643415015,31.966200574406315]},"properties":{"city":"Amman","population":3735800,"capital":"primary","tier":3}},{"type":"Feature","geometry":{"type":"Point","coordinates":[-104.6049699508508,50.447385859864625]},"properties":{"city":"Regina","population":320000,"capital":"","tier":1}},{"type":"Feature","geometry":{"type":"Point","coordinates":[80.1917420684357,13.077257437426724]},"properties":{"city":"Chennai","population":320000,"capital":"","tier":1}},{"type":"Feature","geometry":{"type":"Point","coordinates":[33.45759350519777,35.20354350608801]},"properties":{"city":"Lefkosa","population":581400,"capital":"primary","tier":3}},{"type":"Feature","geometry":{"type":"Point","coordinates":[125.93867886809252,39.43114144864927]},"properties":{"city":"Sunchon","population":100900,"capital":"","tier":1}},{"type":"Feature","geometry":{"type":"Point","coordinates":[130.36316836505398,46.81557596073827]},"properties":{"city":"Jiamusi","population":2200000,"capital":"","tier":2}},{"type":"Feature","geometry":{"type":"Point","coordinates":[38.31461278250169,6.378030505426494]},"properties":{"city":"Dilla","population":320000,"capital":"","tier":1}},{"type":"Feature","geometry":{"type":"Point","coordinates":[31.294483977120024,58.0238140639851]},"properties":{"city":"Staraya Russa","population":194800,"capital":"","tier":1}},{"type":"Feature","geometry":{"type":"Point","coordinates":[36.7946246408453,46.79517872831596]},"properties":{"city":"Berdiansk","population":127100,"capital":"","tier":1}},{"type":"Feature","geometry":{"type":"Point","coordinates":[89.62587136840767,27.502285382343814]},"properties":{"city":"Thimphu","population":187300,"capital":"primary","tier":3}},{"type":"Feature","geometry":{"type":"Point","coordinates":[4.069061234678335,36.779999014779165]},"properties":{"city":"Tizi Ouzou","population":129600,"capital":"","tier":1}},{"type":"Feature","geometry":{"type":"Point","coordinates":[29.57445606155437,45.43201056861412]},"properties":{"city":"Vylkove","population":148800,"capital":"","tier":1}},{"type":"Feature","geometry":{"type":"Point","coordinates":[-71.94699920637606,41.038469516358816]},"properties":{"city":"Montauk","population":253800,"capital":"","tier":1}},{"type":"Feature","geometry":{"type":"Point","coordinates":[16.359547784439478,61.34633244441926]},"properties":{"city":"Bollnas","population":273100,"capital":"","tier":1}},{"type":"Feature","geometry":{"type":"Point","coordinates":[-5.830183448436018,35.73970298027652]},"properties":{"city":"Tangier","population":320000,"capital":"","tier":1}},{"type":"Feature","geometry":{"type":"Point","coordinates":[26.180480267439272,41.773283015999425]},"properties":{"city":"Svilengrad","population":146900,"capital":"","tier":1}},{"type":"Feature","geometry":{"type":"Point","coordinates":[122.48762852161997,-4.028156450377011]},"properties":{"city":"Kendari","population":320000,"capital":"","tier":1}},{"type":"Feature","geometry":{"type":"Point","coordinates":[125.2466128532492,6.163762703829491]},"properties":{"city":"General Santos","population":320000,"capital":"","tier":1}},{"type":"Feature","geometry":{"type":"Point","coordinates":[130.69880783662208,32.814040877268525]},"properties":{"city":"Kumamoto","population":320000,"capital":"","tier":1}},{"type":"Feature","geometry":{"type":"Point","coordinates":[-78.01721477164185,25.13527584507773]},"properties":{"city":"Nicholl's Town","population":9200,"capital":"","tier":1}},{"type":"Feature","geometry":{"type":"Point","coordinates":[18.040597978142525,59.295963295201375]},"properties":{"city":"Stockholm","population":900400,"capital":"primary","tier":3}},{"type":"Feature","geometry":{"type":"Point","coordinates":[140.4779135251267,36.4000705879951]},"properties":{"city":"Mito","population":320000,"capital":"","tier":1}},{"type":"Feature","geometry":{"type":"Point","coordinates":[120.68869616555077,37.016994698569604]},"properties":{"city":"Laiyang","population":320000,"capital":"","tier":1}},{"type":"Feature","geometry":{"type":"Point","coordinates":[-83.56064828656993,41.63462491611941]},"properties":{"city":"Toledo Ohio","population":320000,"capital":"","tier":1}},{"type":"Feature","geometry":{"type":"Point","coordinates":[7.424112612591423,46.95973572934082]},"properties":{"city":"Bern","population":1159300,"capital":"primary","tier":3}},{"type":"Feature","geometry":{"type":"Point","coordinates":[-119.05067572816078,35.40331503934053]},"properties":{"city":"Bakersfield","population":283000,"capital":"","tier":1}},{"type":"Feature","geometry":{"type":"Point","coordinates":[6.091108997386597,46.203113051543994]},"properties":{"city":"Geneva","population":320000,"capital":"","tier":1}},{"type":"Feature","geometry":{"type":"Point","coordinates":[45.67014139368824,39.848233221864064]},"properties":{"city":"Jermuk","population":83000,"capital":"","tier":1}},{"type":"Feature","geometry":{"type":"Point","coordinates":[116.97746012329377,32.65827486811085]},"properties":{"city":"Huainan","population":2200000,"capital":"","tier":2}},{"type":"Feature","geometry":{"type":"Point","coordinates":[21.89200202436183,42.570383486101036]},"properties":{"city":"Vranje","population":109300,"capital":"","tier":1}},{"type":"Feature","geometry":{"type":"Point","coordinates":[151.7167208203823,-32.93576261321982]},"properties":{"city":"Newcastle AU","population":391600,"capital":"","tier":2}},{"type":"Feature","geometry":{"type":"Point","coordinates":[-79.50813174525324,43.685305924645235]},"properties":{"city":"Toronto","population":926700,"capital":"","tier":2}},{"type":"Feature","geometry":{"type":"Point","coordinates":[31.842810382552777,41.433354625957065]},"properties":{"city":"Zonguldak","population":320000,"capital":"","tier":1}},{"type":"Feature","geometry":{"type":"Point","coordinates":[28.887061505552264,41.045696340886764]},"properties":{"city":"Istanbul","population":13453300,"capital":"","tier":2}},{"type":"Feature","geometry":{"type":"Point","coordinates":[130.30860587348616,42.2648328810329]},"properties":{"city":"Rason","population":78600,"capital":"","tier":1}},{"type":"Feature","geometry":{"type":"Point","coordinates":[121.53531167850215,15.760728087432781]},"properties":{"city":"Baler","population":320000,"capital":"","tier":1}},{"type":"Feature","geometry":{"type":"Point","coordinates":[-105.97143731325586,32.920428513670345]},"properties":{"city":"Alamogordo","population":314700,"capital":"","tier":1}},{"type":"Feature","geometry":{"type":"Point","coordinates":[106.15791226125788,20.415853438400077]},"properties":{"city":"Nam Dinh","population":320000,"capital":"","tier":1}},{"type":"Feature","geometry":{"type":"Point","coordinates":[128.75196339748118,35.51472317204208]},"properties":{"city":"Miryang","population":139800,"capital":"","tier":1}},{"type":"Feature","geometry":{"type":"Point","coordinates":[114.43965762339988,23.106878412524722]},"properties":{"city":"Huizhou","population":320000,"capital":"","tier":1}},{"type":"Feature","geometry":{"type":"Point","coordinates":[-1.531966935897791,12.34626462697787]},"properties":{"city":"Ouagadougou","population":2311400,"capital":"primary","tier":3}},{"type":"Feature","geometry":{"type":"Point","coordinates":[-84.21080881327633,39.75850163731894]},"properties":{"city":"Dayton","population":228700,"capital":"","tier":1}},{"type":"Feature","geometry":{"type":"Point","coordinates":[35.027184947800286,31.08748880888001]},"properties":{"city":"Dimona","population":64600,"capital":"","tier":1}},{"type":"Feature","geometry":{"type":"Point","coordinates":[102.65554988667431,37.95037216042415]},"properties":{"city":"Wuwei","population":320000,"capital":"","tier":1}},{"type":"Feature","geometry":{"type":"Point","coordinates":[-83.64781973828546,32.83585994851714]},"properties":{"city":"Macon","population":320000,"capital":"","tier":1}},{"type":"Feature","geometry":{"type":"Point","coordinates":[110.6628969663578,47.459951350256944]},"properties":{"city":"Chinggis City","population":30900,"capital":"","tier":1}},{"type":"Feature","geometry":{"type":"Point","coordinates":[23.127837929560396,42.26524388388586]},"properties":{"city":"Dupnista","population":114900,"capital":"","tier":1}},{"type":"Feature","geometry":{"type":"Point","coordinates":[125.30459352736042,43.933030832636604]},"properties":{"city":"Changchun","population":2200000,"capital":"","tier":2}},{"type":"Feature","geometry":{"type":"Point","coordinates":[15.068157346671066,32.341302906286984]},"properties":{"city":"Misrata","population":45100,"capital":"","tier":1}},{"type":"Feature","geometry":{"type":"Point","coordinates":[76.94458585018872,52.32604126401699]},"properties":{"city":"Pavlodar","population":234200,"capital":"","tier":1}},{"type":"Feature","geometry":{"type":"Point","coordinates":[110.18842085983583,20.020800898411466]},"properties":{"city":"Haikou","population":2200000,"capital":"","tier":2}},{"type":"Feature","geometry":{"type":"Point","coordinates":[125.48031691622936,38.35575761779123]},"properties":{"city":"Sincheon-eup","population":123700,"capital":"","tier":1}},{"type":"Feature","geometry":{"type":"Point","coordinates":[5.021461989241366,36.747531874965006]},"properties":{"city":"Bejaia","population":157400,"capital":"","tier":1}},{"type":"Feature","geometry":{"type":"Point","coordinates":[-83.77445539563429,10.939146258896685]},"properties":{"city":"Grey Town","population":130100,"capital":"","tier":1}},{"type":"Feature","geometry":{"type":"Point","coordinates":[-88.879895676075,30.434101371613465]},"properties":{"city":"Hattiesburg","population":230500,"capital":"","tier":1}},{"type":"Feature","geometry":{"type":"Point","coordinates":[140.8791162046421,38.3276178721934]},"properties":{"city":"Sendai","population":848300,"capital":"","tier":2}},{"type":"Feature","geometry":{"type":"Point","coordinates":[-75.85098516319124,8.754811683951488]},"properties":{"city":"Monteria","population":320000,"capital":"","tier":1}},{"type":"Feature","geometry":{"type":"Point","coordinates":[-55.76193779738092,-22.55966361867489]},"properties":{"city":"Pedro Juan Caballero","population":77400,"capital":"","tier":1}},{"type":"Feature","geometry":{"type":"Point","coordinates":[60.584850339462506,56.86462425492081]},"properties":{"city":"Yekaterinburg","population":996900,"capital":"","tier":2}},{"type":"Feature","geometry":{"type":"Point","coordinates":[20.119737444554726,46.263282584992936]},"properties":{"city":"Szeged","population":297100,"capital":"","tier":1}},{"type":"Feature","geometry":{"type":"Point","coordinates":[35.136869335761965,32.37163756784865]},"properties":{"city":"Arabah","population":19800,"capital":"","tier":1}},{"type":"Feature","geometry":{"type":"Point","coordinates":[25.853380059477033,40.879932778056855]},"properties":{"city":"Alexandroupolis","population":118000,"capital":"","tier":1}},{"type":"Feature","geometry":{"type":"Point","coordinates":[16.82945946205591,46.16823401169202]},"properties":{"city":"Koprivnica","population":120300,"capital":"","tier":1}},{"type":"Feature","geometry":{"type":"Point","coordinates":[110.33508223308435,21.311503639463083]},"properties":{"city":"Zhanjiang","population":2200000,"capital":"","tier":2}},{"type":"Feature","geometry":{"type":"Point","coordinates":[120.68190043572973,23.914854433949387]},"properties":{"city":"Nantou City","population":309900,"capital":"","tier":1}},{"type":"Feature","geometry":{"type":"Point","coordinates":[-53.705386357303645,66.9461313310727]},"properties":{"city":"Sisimiut","population":4000,"capital":"","tier":1}},{"type":"Feature","geometry":{"type":"Point","coordinates":[2.6199073833425137,6.495866541253719]},"properties":{"city":"Porto-Novo","population":992500,"capital":"primary","tier":3}},{"type":"Feature","geometry":{"type":"Point","coordinates":[126.80124167819343,42.40053015837418]},"properties":{"city":"Jingyu","population":320000,"capital":"","tier":1}},{"type":"Feature","geometry":{"type":"Point","coordinates":[101.09389641744666,4.631359271354469]},"properties":{"city":"Ipoh","population":264500,"capital":"","tier":1}},{"type":"Feature","geometry":{"type":"Point","coordinates":[-75.47112688476722,-0.9546679816031514]},"properties":{"city":"Nuevo Rocafuerte","population":320000,"capital":"","tier":1}},{"type":"Feature","geometry":{"type":"Point","coordinates":[-6.452368220192888,52.37951946762678]},"properties":{"city":"Wexford","population":243800,"capital":"","tier":1}},{"type":"Feature","geometry":{"type":"Point","coordinates":[22.51422429044249,44.242437553579975]},"properties":{"city":"Negotin","population":100100,"capital":"","tier":1}},{"type":"Feature","geometry":{"type":"Point","coordinates":[48.470256665942145,36.73495575603833]},"properties":{"city":"Zanjan","population":320000,"capital":"","tier":1}},{"type":"Feature","geometry":{"type":"Point","coordinates":[25.14203766906734,35.29351532661569]},"properties":{"city":"Heraklion","population":109500,"capital":"","tier":1}},{"type":"Feature","geometry":{"type":"Point","coordinates":[31.306468037224718,51.541518642141256]},"properties":{"city":"Chernihiv","population":113500,"capital":"","tier":1}},{"type":"Feature","geometry":{"type":"Point","coordinates":[67.1030949701647,36.773557302507356]},"properties":{"city":"Mazar-i Sharif","population":320000,"capital":"","tier":1}},{"type":"Feature","geometry":{"type":"Point","coordinates":[-73.25659922926523,10.433051559249137]},"properties":{"city":"Valledupar","population":320000,"capital":"","tier":1}},{"type":"Feature","geometry":{"type":"Point","coordinates":[14.45368363664508,-9.664532519615108]},"properties":{"city":"Dondo","population":228700,"capital":"","tier":1}},{"type":"Feature","geometry":{"type":"Point","coordinates":[122.51235383789249,42.407498293450715]},"properties":{"city":"Zhangwu","population":320000,"capital":"","tier":1}},{"type":"Feature","geometry":{"type":"Point","coordinates":[-85.94464070787667,15.873528143802716]},"properties":{"city":"Trujillo","population":289900,"capital":"","tier":1}},{"type":"Feature","geometry":{"type":"Point","coordinates":[129.79838626818145,41.82085850848142]},"properties":{"city":"Chongjin","population":619900,"capital":"","tier":2}},{"type":"Feature","geometry":{"type":"Point","coordinates":[10.716173060050936,34.77295384162986]},"properties":{"city":"Sfax","population":91800,"capital":"","tier":1}},{"type":"Feature","geometry":{"type":"Point","coordinates":[120.59334991820393,31.368585411976596]},"properties":{"city":"Suzhou","population":2200000,"capital":"","tier":2}},{"type":"Feature","geometry":{"type":"Point","coordinates":[120.56181946841616,16.438540299769173]},"properties":{"city":"Baguio","population":320000,"capital":"","tier":1}},{"type":"Feature","geometry":{"type":"Point","coordinates":[105.92454268389959,49.61505390377724]},"properties":{"city":"Darkhan","population":225600,"capital":"","tier":2}},{"type":"Feature","geometry":{"type":"Point","coordinates":[-71.64945499832915,-33.07123405694332]},"properties":{"city":"Valparaiso","population":961300,"capital":"","tier":2}},{"type":"Feature","geometry":{"type":"Point","coordinates":[43.220031661069115,50.11136805506041]},"properties":{"city":"Mikhaylovka","population":247700,"capital":"","tier":1}},{"type":"Feature","geometry":{"type":"Point","coordinates":[128.91476719500503,43.12608841120979]},"properties":{"city":"Antu","population":320000,"capital":"","tier":1}},{"type":"Feature","geometry":{"type":"Point","coordinates":[61.48589848102529,31.1034273207012]},"properties":{"city":"Zabol","population":320000,"capital":"","tier":1}},{"type":"Feature","geometry":{"type":"Point","coordinates":[20.82910417429959,39.669135543662804]},"properties":{"city":"Ioannina","population":71400,"capital":"","tier":1}},{"type":"Feature","geometry":{"type":"Point","coordinates":[126.17755990819543,41.13340895818615]},"properties":{"city":"Ji'an","population":320000,"capital":"","tier":1}},{"type":"Feature","geometry":{"type":"Point","coordinates":[24.853611212905232,41.165085685118584]},"properties":{"city":"Xanthi","population":79100,"capital":"","tier":1}},{"type":"Feature","geometry":{"type":"Point","coordinates":[-15.948958600575427,23.717136841589564]},"properties":{"city":"Dakha","population":1466700,"capital":"","tier":2}},{"type":"Feature","geometry":{"type":"Point","coordinates":[14.31077948606919,6.533132780559114]},"properties":{"city":"Meiganga","population":320000,"capital":"","tier":1}},{"type":"Feature","geometry":{"type":"Point","coordinates":[-106.14027600425045,28.68928470366282]},"properties":{"city":"Chihuahua City","population":320000,"capital":"","tier":1}},{"type":"Feature","geometry":{"type":"Point","coordinates":[25.437245701226004,-10.73796385792214]},"properties":{"city":"Kolwezi","population":320000,"capital":"","tier":1}},{"type":"Feature","geometry":{"type":"Point","coordinates":[108.0714059011032,10.960592850045487]},"properties":{"city":"Phan Thiet","population":320000,"capital":"","tier":1}},{"type":"Feature","geometry":{"type":"Point","coordinates":[72.77196566933094,40.53234172768401]},"properties":{"city":"Osh","population":217200,"capital":"","tier":1}},{"type":"Feature","geometry":{"type":"Point","coordinates":[9.4730769574704,24.568759845398603]},"properties":{"city":"Djanet","population":160900,"capital":"","tier":1}},{"type":"Feature","geometry":{"type":"Point","coordinates":[-1.0036930414422534,37.62387830824167]},"properties":{"city":"Cartagena","population":282600,"capital":"","tier":1}},{"type":"Feature","geometry":{"type":"Point","coordinates":[-59.73065499322696,8.178021899959774]},"properties":{"city":"Mabaruma","population":28200,"capital":"","tier":1}},{"type":"Feature","geometry":{"type":"Point","coordinates":[136.26565782022416,44.78099454117739]},"properties":{"city":"Plastun","population":222900,"capital":"","tier":1}},{"type":"Feature","geometry":{"type":"Point","coordinates":[39.697931484649025,47.2576494339923]},"properties":{"city":"Rostov-on-Don","population":897500,"capital":"","tier":2}},{"type":"Feature","geometry":{"type":"Point","coordinates":[24.717003708262666,2.809287178218213]},"properties":{"city":"Buta","population":320000,"capital":"","tier":1}},{"type":"Feature","geometry":{"type":"Point","coordinates":[-83.83616610340191,15.236672144797907]},"properties":{"city":"Puerto Lempira","population":258100,"capital":"","tier":1}},{"type":"Feature","geometry":{"type":"Point","coordinates":[109.65292661008566,19.925738966327827]},"properties":{"city":"Lingao County","population":320000,"capital":"","tier":1}},{"type":"Feature","geometry":{"type":"Point","coordinates":[-79.80710008145977,36.071197647986864]},"properties":{"city":"Greensboro","population":246000,"capital":"","tier":1}},{"type":"Feature","geometry":{"type":"Point","coordinates":[35.003636138202076,29.54021403782022]},"properties":{"city":"Aqaba","population":188900,"capital":"","tier":1}},{"type":"Feature","geometry":{"type":"Point","coordinates":[7.419724069275752,43.7318999231272]},"properties":{"city":"Monaco","population":1998600,"capital":"primary","tier":3}},{"type":"Feature","geometry":{"type":"Point","coordinates":[132.46486372811563,34.38991494212276]},"properties":{"city":"Hiroshima","population":1202700,"capital":"","tier":2}},{"type":"Feature","geometry":{"type":"Point","coordinates":[23.421996867215665,-19.97474540129096]},"properties":{"city":"Maun","population":51500,"capital":"","tier":1}},{"type":"Feature","geometry":{"type":"Point","coordinates":[-43.29230835538201,-22.88985219502554]},"properties":{"city":"Rio de Janeiro","population":2200000,"capital":"","tier":2}},{"type":"Feature","geometry":{"type":"Point","coordinates":[39.16014392546403,21.66420110021413]},"properties":{"city":"Jeddah","population":320000,"capital":"","tier":1}},{"type":"Feature","geometry":{"type":"Point","coordinates":[19.776918138897564,-17.942802242707685]},"properties":{"city":"Rundu","population":36400,"capital":"","tier":1}},{"type":"Feature","geometry":{"type":"Point","coordinates":[-89.20893885630093,37.722466909768485]},"properties":{"city":"Carbondale","population":231800,"capital":"","tier":1}},{"type":"Feature","geometry":{"type":"Point","coordinates":[55.07416248381563,51.81344299760843]},"properties":{"city":"Orenburg","population":180400,"capital":"","tier":1}},{"type":"Feature","geometry":{"type":"Point","coordinates":[40.17539933411427,47.74864000762733]},"properties":{"city":"Shakhty","population":243300,"capital":"","tier":1}},{"type":"Feature","geometry":{"type":"Point","coordinates":[21.317255651034205,41.0621267441029]},"properties":{"city":"Bitola","population":199700,"capital":"","tier":1}},{"type":"Feature","geometry":{"type":"Point","coordinates":[45.12612595762578,40.376880073559846]},"properties":{"city":"Gavar","population":71400,"capital":"","tier":1}},{"type":"Feature","geometry":{"type":"Point","coordinates":[18.266033781888417,49.83564877461106]},"properties":{"city":"Ostrava","population":320000,"capital":"","tier":1}},{"type":"Feature","geometry":{"type":"Point","coordinates":[-104.21739222406379,19.063200782244536]},"properties":{"city":"Manzanillo","population":320000,"capital":"","tier":1}},{"type":"Feature","geometry":{"type":"Point","coordinates":[35.18194350392298,32.051514466885706]},"properties":{"city":"Salfit","population":19800,"capital":"","tier":1}},{"type":"Feature","geometry":{"type":"Point","coordinates":[128.9771010257719,37.1773015633989]},"properties":{"city":"Taebaek","population":237500,"capital":"","tier":1}},{"type":"Feature","geometry":{"type":"Point","coordinates":[30.09506610756675,-4.566835953847516]},"properties":{"city":"Kasulu","population":320000,"capital":"","tier":1}},{"type":"Feature","geometry":{"type":"Point","coordinates":[-21.854998028294723,64.10658718294454]},"properties":{"city":"Reykjavik","population":69600,"capital":"primary","tier":3}},{"type":"Feature","geometry":{"type":"Point","coordinates":[17.417776277415044,68.43334168588967]},"properties":{"city":"Narvik","population":164400,"capital":"","tier":1}},{"type":"Feature","geometry":{"type":"Point","coordinates":[14.704758214883723,13.54696165976965]},"properties":{"city":"Bol","population":142100,"capital":"","tier":1}},{"type":"Feature","geometry":{"type":"Point","coordinates":[-72.23375038302174,7.7893471118433695]},"properties":{"city":"San Cristobal","population":320000,"capital":"","tier":1}},{"type":"Feature","geometry":{"type":"Point","coordinates":[-100.85967028343369,41.132715937522704]},"properties":{"city":"North Platte","population":239700,"capital":"","tier":1}},{"type":"Feature","geometry":{"type":"Point","coordinates":[-106.38023697312003,42.816051874872386]},"properties":{"city":"Casper","population":320000,"capital":"","tier":1}},{"type":"Feature","geometry":{"type":"Point","coordinates":[23.329597059109965,-1.0765526403554446]},"properties":{"city":"Ikela","population":320000,"capital":"","tier":1}},{"type":"Feature","geometry":{"type":"Point","coordinates":[14.405265517911221,27.083695905693816]},"properties":{"city":"Sabha","population":71300,"capital":"","tier":1}},{"type":"Feature","geometry":{"type":"Point","coordinates":[56.248720164568454,25.65896867270429]},"properties":{"city":"Dibba","population":73000,"capital":"","tier":1}},{"type":"Feature","geometry":{"type":"Point","coordinates":[158.151906971899,6.922950822844186]},"properties":{"city":"Palikir","population":29700,"capital":"primary","tier":3}},{"type":"Feature","geometry":{"type":"Point","coordinates":[12.284931349641077,45.43207463520636]},"properties":{"city":"Venice","population":1475500,"capital":"","tier":2}},{"type":"Feature","geometry":{"type":"Point","coordinates":[136.75413843250175,35.438559992665134]},"properties":{"city":"Gifu","population":320000,"capital":"","tier":1}},{"type":"Feature","geometry":{"type":"Point","coordinates":[174.06162733358568,-39.06445550737546]},"properties":{"city":"New Plymouth","population":33600,"capital":"","tier":1}},{"type":"Feature","geometry":{"type":"Point","coordinates":[-86.80891562638975,36.16439089685842]},"properties":{"city":"Nashville","population":298000,"capital":"","tier":1}},{"type":"Feature","geometry":{"type":"Point","coordinates":[116.3795638089056,39.91971898816141]},"properties":{"city":"Beijing","population":20839600,"capital":"primary","tier":3}},{"type":"Feature","geometry":{"type":"Point","coordinates":[-81.64613247160689,38.3446124810676]},"properties":{"city":"Charleston","population":320000,"capital":"","tier":1}},{"type":"Feature","geometry":{"type":"Point","coordinates":[-106.91964629832778,38.565840756694655]},"properties":{"city":"Gunnison","population":226200,"capital":"","tier":1}},{"type":"Feature","geometry":{"type":"Point","coordinates":[86.10294326132811,55.36937138576502]},"properties":{"city":"Kemerovo","population":152600,"capital":"","tier":1}},{"type":"Feature","geometry":{"type":"Point","coordinates":[15.95814845436542,45.79336193210494]},"properties":{"city":"Zagreb","population":708300,"capital":"primary","tier":3}},{"type":"Feature","geometry":{"type":"Point","coordinates":[45.69215624699702,43.37056822633522]},"properties":{"city":"Grozny","population":188000,"capital":"","tier":1}},{"type":"Feature","geometry":{"type":"Point","coordinates":[110.3646022338181,-7.818404173620863]},"properties":{"city":"Yogyakarta","population":320000,"capital":"","tier":1}},{"type":"Feature","geometry":{"type":"Point","coordinates":[34.54194621025498,31.664672936301315]},"properties":{"city":"Ashkelon","population":67500,"capital":"","tier":1}},{"type":"Feature","geometry":{"type":"Point","coordinates":[-4.625285556948841,13.966412925155808]},"properties":{"city":"Djenne","population":320000,"capital":"","tier":1}},{"type":"Feature","geometry":{"type":"Point","coordinates":[16.141304414008427,41.8813912168049]},"properties":{"city":"Vieste","population":296600,"capital":"","tier":1}},{"type":"Feature","geometry":{"type":"Point","coordinates":[96.1212680329494,21.96278655518178]},"properties":{"city":"Mandalay","population":110700,"capital":"","tier":2}},{"type":"Feature","geometry":{"type":"Point","coordinates":[-82.36963238908163,23.128421561500502]},"properties":{"city":"Havana","population":1984900,"capital":"primary","tier":3}},{"type":"Feature","geometry":{"type":"Point","coordinates":[45.05674355877275,37.62661067628558]},"properties":{"city":"Urmia","population":320000,"capital":"","tier":1}},{"type":"Feature","geometry":{"type":"Point","coordinates":[-2.2719741088144443,53.481622951062064]},"properties":{"city":"Manchester","population":2200000,"capital":"","tier":2}},{"type":"Feature","geometry":{"type":"Point","coordinates":[12.252271669097816,-5.569686814254297]},"properties":{"city":"Cabinda","population":190900,"capital":"","tier":1}},{"type":"Feature","geometry":{"type":"Point","coordinates":[-5.068893277262454,7.708155502613948]},"properties":{"city":"Bouake","population":320000,"capital":"","tier":1}},{"type":"Feature","geometry":{"type":"Point","coordinates":[18.5078174190669,-34.0094176163489]},"properties":{"city":"Cape Town","population":4479600,"capital":"primary","tier":3}},{"type":"Feature","geometry":{"type":"Point","coordinates":[-81.31084416942134,7.994594165780498]},"properties":{"city":"Sona","population":67400,"capital":"","tier":1}},{"type":"Feature","geometry":{"type":"Point","coordinates":[71.49348009151839,30.196832658899353]},"properties":{"city":"Multan","population":320000,"capital":"","tier":1}},{"type":"Feature","geometry":{"type":"Point","coordinates":[94.88017589396779,20.260233286748175]},"properties":{"city":"Magway","population":31900,"capital":"","tier":1}},{"type":"Feature","geometry":{"type":"Point","coordinates":[-94.80306200541204,39.77317417200899]},"properties":{"city":"Saint Joseph","population":260100,"capital":"","tier":1}},{"type":"Feature","geometry":{"type":"Point","coordinates":[104.07362775380584,17.22586154057032]},"properties":{"city":"Sakon Nakhon","population":266100,"capital":"","tier":1}},{"type":"Feature","geometry":{"type":"Point","coordinates":[13.881536025411963,44.87929652621804]},"properties":{"city":"Pula","population":82000,"capital":"","tier":1}},{"type":"Feature","geometry":{"type":"Point","coordinates":[-119.74708719130939,39.16351494715494]},"properties":{"city":"Carson City","population":320000,"capital":"","tier":1}},{"type":"Feature","geometry":{"type":"Point","coordinates":[131.46705580828257,34.20509923471475]},"properties":{"city":"Yamaguchi","population":320000,"capital":"","tier":1}},{"type":"Feature","geometry":{"type":"Point","coordinates":[109.51328029315187,18.282019266455606]},"properties":{"city":"Sanya","population":320000,"capital":"","tier":1}},{"type":"Feature","geometry":{"type":"Point","coordinates":[126.82807179433364,37.33901290120514]},"properties":{"city":"Ansan","population":188100,"capital":"","tier":1}},{"type":"Feature","geometry":{"type":"Point","coordinates":[40.28952969001121,33.119160199934186]},"properties":{"city":"Ar Rutbah","population":320000,"capital":"","tier":1}},{"type":"Feature","geometry":{"type":"Point","coordinates":[36.802620648585076,-1.3041210592264036]},"properties":{"city":"Nairobi","population":4142500,"capital":"primary","tier":3}},{"type":"Feature","geometry":{"type":"Point","coordinates":[5.4237501288863035,43.292638977929386]},"properties":{"city":"Marseille","population":2200000,"capital":"","tier":2}},{"type":"Feature","geometry":{"type":"Point","coordinates":[-1.24153736836936,51.75324482821557]},"properties":{"city":"Oxford","population":320000,"capital":"","tier":1}},{"type":"Feature","geometry":{"type":"Point","coordinates":[-72.25589317761478,18.554676730991858]},"properties":{"city":"Port-au-Prince","population":975600,"capital":"primary","tier":3}},{"type":"Feature","geometry":{"type":"Point","coordinates":[75.8018399677739,26.90485330306481]},"properties":{"city":"Jaipur","population":2200000,"capital":"","tier":2}},{"type":"Feature","geometry":{"type":"Point","coordinates":[25.506885002183683,-33.95067417291593]},"properties":{"city":"Gqeberha","population":2198400,"capital":"","tier":2}},{"type":"Feature","geometry":{"type":"Point","coordinates":[14.728783155921194,40.69954966441105]},"properties":{"city":"Salerno","population":320000,"capital":"","tier":1}},{"type":"Feature","geometry":{"type":"Point","coordinates":[35.234322525496296,-14.466777077835857]},"properties":{"city":"Mangochi","population":320000,"capital":"","tier":1}},{"type":"Feature","geometry":{"type":"Point","coordinates":[124.11564199121287,-9.840662180016153]},"properties":{"city":"Timor","population":320000,"capital":"","tier":1}},{"type":"Feature","geometry":{"type":"Point","coordinates":[134.5231686600433,34.07968452482562]},"properties":{"city":"Tokushima","population":320000,"capital":"","tier":1}},{"type":"Feature","geometry":{"type":"Point","coordinates":[40.96268143290688,57.03315422141222]},"properties":{"city":"Ivanovo","population":153600,"capital":"","tier":1}},{"type":"Feature","geometry":{"type":"Point","coordinates":[120.18120417477357,23.021714516766224]},"properties":{"city":"Tainan","population":1138000,"capital":"","tier":2}},{"type":"Feature","geometry":{"type":"Point","coordinates":[-15.271282414985823,11.302608440439656]},"properties":{"city":"Catio","population":58800,"capital":"","tier":1}},{"type":"Feature","geometry":{"type":"Point","coordinates":[12.738931069691205,-2.9688007370832423]},"properties":{"city":"Mossendjo","population":101600,"capital":"","tier":1}},{"type":"Feature","geometry":{"type":"Point","coordinates":[27.30233652371757,56.51554189638128]},"properties":{"city":"Rezekne","population":132700,"capital":"","tier":1}},{"type":"Feature","geometry":{"type":"Point","coordinates":[29.079268576728055,40.23442346325703]},"properties":{"city":"Bursa","population":320000,"capital":"","tier":1}},{"type":"Feature","geometry":{"type":"Point","coordinates":[56.30480873303841,25.14526347630661]},"properties":{"city":"Fujairah","population":224400,"capital":"","tier":1}},{"type":"Feature","geometry":{"type":"Point","coordinates":[6.885735806683893,36.84489204744001]},"properties":{"city":"Skikda","population":211300,"capital":"","tier":1}},{"type":"Feature","geometry":{"type":"Point","coordinates":[131.75370618147792,34.48744285949972]},"properties":{"city":"Tsuwano","population":320000,"capital":"","tier":1}},{"type":"Feature","geometry":{"type":"Point","coordinates":[44.222605743631746,17.575527449780424]},"properties":{"city":"Najran","population":320000,"capital":"","tier":1}},{"type":"Feature","geometry":{"type":"Point","coordinates":[0.9755886058889717,20.198690821201197]},"properties":{"city":"Tessalit","population":320000,"capital":"","tier":1}},{"type":"Feature","geometry":{"type":"Point","coordinates":[35.82124112374346,35.57127033066436]},"properties":{"city":"Latakia","population":320000,"capital":"","tier":1}},{"type":"Feature","geometry":{"type":"Point","coordinates":[11.08005568503027,49.45745412509294]},"properties":{"city":"Nuremberg","population":320000,"capital":"","tier":1}},{"type":"Feature","geometry":{"type":"Point","coordinates":[45.01929622691501,12.870510975655591]},"properties":{"city":"Aden","population":2200000,"capital":"","tier":2}},{"type":"Feature","geometry":{"type":"Point","coordinates":[-114.0650866408041,51.04867981432784]},"properties":{"city":"Calgary","population":977600,"capital":"","tier":2}},{"type":"Feature","geometry":{"type":"Point","coordinates":[84.26159159525338,49.758037130549354]},"properties":{"city":"Altai","population":168200,"capital":"","tier":1}},{"type":"Feature","geometry":{"type":"Point","coordinates":[132.91736890730652,48.83468618757257]},"properties":{"city":"Birobidzhan","population":155400,"capital":"","tier":1}},{"type":"Feature","geometry":{"type":"Point","coordinates":[-57.54694903810938,-25.318590852119087]},"properties":{"city":"Asuncion","population":653100,"capital":"primary","tier":3}},{"type":"Feature","geometry":{"type":"Point","coordinates":[35.347189364022896,46.89558179867686]},"properties":{"city":"Melitopol","population":121800,"capital":"","tier":1}},{"type":"Feature","geometry":{"type":"Point","coordinates":[46.86265217608231,-24.95125074828192]},"properties":{"city":"Tolanaro","population":320000,"capital":"","tier":1}},{"type":"Feature","geometry":{"type":"Point","coordinates":[19.022175513076228,47.52571926355961]},"properties":{"city":"Budapest","population":1551500,"capital":"primary","tier":3}},{"type":"Feature","geometry":{"type":"Point","coordinates":[145.6897590420119,-5.1887608735160455]},"properties":{"city":"Madang (Papua New Guinea)","population":191700,"capital":"","tier":1}},{"type":"Feature","geometry":{"type":"Point","coordinates":[-108.50448235914581,45.753081642103155]},"properties":{"city":"Billings","population":304900,"capital":"","tier":1}},{"type":"Feature","geometry":{"type":"Point","coordinates":[123.26395664059905,40.31286219342945]},"properties":{"city":"Xiuyan","population":320000,"capital":"","tier":1}},{"type":"Feature","geometry":{"type":"Point","coordinates":[-85.15459022301148,41.067853376873416]},"properties":{"city":"Fort Wayne","population":320000,"capital":"","tier":1}},{"type":"Feature","geometry":{"type":"Point","coordinates":[44.015097361450344,32.61995654264027]},"properties":{"city":"Karbala","population":320000,"capital":"","tier":1}},{"type":"Feature","geometry":{"type":"Point","coordinates":[-90.75346136318431,35.806284986063986]},"properties":{"city":"Jonesboro","population":214700,"capital":"","tier":1}},{"type":"Feature","geometry":{"type":"Point","coordinates":[-104.80907651198201,41.11541964265621]},"properties":{"city":"Cheyenne","population":211600,"capital":"","tier":1}},{"type":"Feature","geometry":{"type":"Point","coordinates":[-98.40423994747829,34.60382221071163]},"properties":{"city":"Lawton","population":320000,"capital":"","tier":1}},{"type":"Feature","geometry":{"type":"Point","coordinates":[126.54767410592262,37.98766824368043]},"properties":{"city":"Kaesong","population":103000,"capital":"","tier":1}},{"type":"Feature","geometry":{"type":"Point","coordinates":[-112.04489133585535,41.27082578013923]},"properties":{"city":"Ogden","population":318200,"capital":"","tier":1}},{"type":"Feature","geometry":{"type":"Point","coordinates":[59.5826277447449,47.917309735153225]},"properties":{"city":"Salqar","population":212800,"capital":"","tier":1}},{"type":"Feature","geometry":{"type":"Point","coordinates":[108.94005104965856,34.32777735267187]},"properties":{"city":"Xi'an","population":2200000,"capital":"","tier":2}},{"type":"Feature","geometry":{"type":"Point","coordinates":[176.0694142182112,-38.672361818664356]},"properties":{"city":"Taupo","population":53100,"capital":"","tier":1}},{"type":"Feature","geometry":{"type":"Point","coordinates":[104.79146777226464,16.55648664236645]},"properties":{"city":"Savannakhet","population":98200,"capital":"","tier":1}},{"type":"Feature","geometry":{"type":"Point","coordinates":[123.4163330164874,41.84164094028509]},"properties":{"city":"Shenyang","population":2200000,"capital":"","tier":2}},{"type":"Feature","geometry":{"type":"Point","coordinates":[7.056298249254855,13.46196197576991]},"properties":{"city":"Maradi","population":320000,"capital":"","tier":1}},{"type":"Feature","geometry":{"type":"Point","coordinates":[8.066448149349252,52.27930551582256]},"properties":{"city":"Osnabruck","population":320000,"capital":"","tier":1}},{"type":"Feature","geometry":{"type":"Point","coordinates":[39.18796429620397,-6.834713892810626]},"properties":{"city":"Dar es-Salaam","population":2200000,"capital":"","tier":2}},{"type":"Feature","geometry":{"type":"Point","coordinates":[-3.559210077090508,18.98449688896953]},"properties":{"city":"Araouane","population":320000,"capital":"","tier":1}},{"type":"Feature","geometry":{"type":"Point","coordinates":[35.89643971760609,56.903912859681895]},"properties":{"city":"Tver","population":194500,"capital":"","tier":1}},{"type":"Feature","geometry":{"type":"Point","coordinates":[33.614082428661455,-25.007350954412786]},"properties":{"city":"Xai-Xai","population":320000,"capital":"","tier":1}},{"type":"Feature","geometry":{"type":"Point","coordinates":[121.61592747963492,29.943252746557093]},"properties":{"city":"Ningbo","population":320000,"capital":"","tier":1}},{"type":"Feature","geometry":{"type":"Point","coordinates":[141.15266348612982,39.74405734808224]},"properties":{"city":"Morioka","population":320000,"capital":"","tier":1}},{"type":"Feature","geometry":{"type":"Point","coordinates":[-99.3991709278376,36.45651835338441]},"properties":{"city":"Woodward","population":320000,"capital":"","tier":1}},{"type":"Feature","geometry":{"type":"Point","coordinates":[9.367909480856488,56.44569172567853]},"properties":{"city":"Viborg","population":4000,"capital":"","tier":1}},{"type":"Feature","geometry":{"type":"Point","coordinates":[-57.146357198750856,-26.68399908705512]},"properties":{"city":"San Juan Bautista","population":83100,"capital":"","tier":1}},{"type":"Feature","geometry":{"type":"Point","coordinates":[135.7757207106524,-34.708643820951]},"properties":{"city":"Port Lincoln","population":212000,"capital":"","tier":1}},{"type":"Feature","geometry":{"type":"Point","coordinates":[121.15932329090283,36.707511113047886]},"properties":{"city":"Haiyang","population":320000,"capital":"","tier":1}},{"type":"Feature","geometry":{"type":"Point","coordinates":[121.64325805705133,42.03857658715319]},"properties":{"city":"Fuxin","population":320000,"capital":"","tier":1}},{"type":"Feature","geometry":{"type":"Point","coordinates":[129.1060196201507,37.52337659094286]},"properties":{"city":"Donghae","population":200000,"capital":"","tier":1}},{"type":"Feature","geometry":{"type":"Point","coordinates":[34.52403181926994,49.64830926014281]},"properties":{"city":"Poltava","population":121800,"capital":"","tier":1}},{"type":"Feature","geometry":{"type":"Point","coordinates":[24.371300540319943,55.738191755213194]},"properties":{"city":"Panevezys","population":155500,"capital":"","tier":1}},{"type":"Feature","geometry":{"type":"Point","coordinates":[-12.193688651688369,12.529505194926514]},"properties":{"city":"Kedougou","population":320000,"capital":"","tier":1}},{"type":"Feature","geometry":{"type":"Point","coordinates":[127.68897858728526,34.95681557594992]},"properties":{"city":"Gwangyang","population":155000,"capital":"","tier":1}},{"type":"Feature","geometry":{"type":"Point","coordinates":[13.728786971996534,51.04718427781623]},"properties":{"city":"Dresden","population":320000,"capital":"","tier":1}},{"type":"Feature","geometry":{"type":"Point","coordinates":[9.69274442520614,4.043873111529834]},"properties":{"city":"Douala","population":2200000,"capital":"","tier":2}},{"type":"Feature","geometry":{"type":"Point","coordinates":[-85.7639184748657,38.23344976210319]},"properties":{"city":"Louisville","population":855000,"capital":"","tier":2}},{"type":"Feature","geometry":{"type":"Point","coordinates":[8.566737903947816,55.474059670688405]},"properties":{"city":"Esbjerg","population":4000,"capital":"","tier":1}},{"type":"Feature","geometry":{"type":"Point","coordinates":[100.44922395872983,5.42701210482241]},"properties":{"city":"George Town","population":1263500,"capital":"","tier":2}},{"type":"Feature","geometry":{"type":"Point","coordinates":[6.137598860909418,49.61617132406852]},"properties":{"city":"Luxembourg","population":133500,"capital":"primary","tier":3}},{"type":"Feature","geometry":{"type":"Point","coordinates":[38.79134228839225,14.97890847907945]},"properties":{"city":"Mendefera","population":310800,"capital":"","tier":1}},{"type":"Feature","geometry":{"type":"Point","coordinates":[125.8671969545141,39.269125882935555]},"properties":{"city":"Pyongsong","population":122400,"capital":"","tier":1}},{"type":"Feature","geometry":{"type":"Point","coordinates":[-3.645759340839543,37.16124948312948]},"properties":{"city":"Granada","population":304200,"capital":"","tier":1}},{"type":"Feature","geometry":{"type":"Point","coordinates":[103.78491515023181,36.136012825965324]},"properties":{"city":"Lanzhou","population":2200000,"capital":"","tier":2}},{"type":"Feature","geometry":{"type":"Point","coordinates":[-61.35371254875617,15.405557965323723]},"properties":{"city":"Dominica","population":26400,"capital":"primary","tier":3}},{"type":"Feature","geometry":{"type":"Point","coordinates":[106.51796850544623,29.577030206229367]},"properties":{"city":"Chongqing","population":320000,"capital":"","tier":1}},{"type":"Feature","geometry":{"type":"Point","coordinates":[34.595708994818786,31.54100866156776]},"properties":{"city":"Sderot","population":90200,"capital":"","tier":1}},{"type":"Feature","geometry":{"type":"Point","coordinates":[-10.76755413808547,10.04918795343076]},"properties":{"city":"Faranah","population":320000,"capital":"","tier":1}},{"type":"Feature","geometry":{"type":"Point","coordinates":[44.081881392606775,-18.042695365150834]},"properties":{"city":"Maintirano","population":320000,"capital":"","tier":1}},{"type":"Feature","geometry":{"type":"Point","coordinates":[113.52175051856953,34.78804275646665]},"properties":{"city":"Zhengzhou","population":2200000,"capital":"","tier":2}},{"type":"Feature","geometry":{"type":"Point","coordinates":[76.90448827896667,43.297811701396796]},"properties":{"city":"Almaty","population":2200000,"capital":"","tier":2}},{"type":"Feature","geometry":{"type":"Point","coordinates":[8.464608543319688,26.537984313334334]},"properties":{"city":"Illizi","population":212100,"capital":"","tier":1}},{"type":"Feature","geometry":{"type":"Point","coordinates":[-4.784281331698246,37.884993940432665]},"properties":{"city":"Cordoba","population":320000,"capital":"","tier":1}},{"type":"Feature","geometry":{"type":"Point","coordinates":[57.559109943254796,-20.293664743950643]},"properties":{"city":"Mauritius","population":303100,"capital":"primary","tier":3}},{"type":"Feature","geometry":{"type":"Point","coordinates":[20.630445064084462,8.449654688440319]},"properties":{"city":"Ndele","population":60500,"capital":"","tier":1}},{"type":"Feature","geometry":{"type":"Point","coordinates":[35.7795930126435,31.737213994843287]},"properties":{"city":"Madaba","population":149900,"capital":"","tier":1}},{"type":"Feature","geometry":{"type":"Point","coordinates":[17.070637726587076,-22.556292556277484]},"properties":{"city":"Windhoek","population":327300,"capital":"primary","tier":3}},{"type":"Feature","geometry":{"type":"Point","coordinates":[-95.3762845879708,29.76415474654324]},"properties":{"city":"Houston","population":1100900,"capital":"","tier":2}},{"type":"Feature","geometry":{"type":"Point","coordinates":[-103.2507466465377,44.05809828148665]},"properties":{"city":"Rapid City","population":320000,"capital":"","tier":1}},{"type":"Feature","geometry":{"type":"Point","coordinates":[-54.71576833263978,-25.99212914279157]},"properties":{"city":"Nacunday","population":71900,"capital":"","tier":1}},{"type":"Feature","geometry":{"type":"Point","coordinates":[3.074101216672469,50.64353824326136]},"properties":{"city":"Lille","population":2200000,"capital":"","tier":2}},{"type":"Feature","geometry":{"type":"Point","coordinates":[-47.862600938148304,-15.785016387633988]},"properties":{"city":"Brasilia","population":10051700,"capital":"primary","tier":3}},{"type":"Feature","geometry":{"type":"Point","coordinates":[26.906328720863467,46.565960376186354]},"properties":{"city":"Bacau","population":198100,"capital":"","tier":1}},{"type":"Feature","geometry":{"type":"Point","coordinates":[-67.75170213223741,5.661987964368635]},"properties":{"city":"Puerto Carreno","population":320000,"capital":"","tier":1}},{"type":"Feature","geometry":{"type":"Point","coordinates":[140.653314971547,-2.5712707171046674]},"properties":{"city":"Jayapura","population":320000,"capital":"","tier":1}},{"type":"Feature","geometry":{"type":"Point","coordinates":[110.27998225209336,25.321915536305255]},"properties":{"city":"Guilin","population":320000,"capital":"","tier":1}},{"type":"Feature","geometry":{"type":"Point","coordinates":[49.10534364916219,14.65159207436723]},"properties":{"city":"Mukalla","population":320000,"capital":"","tier":1}},{"type":"Feature","geometry":{"type":"Point","coordinates":[101.98196433282921,2.687405125272093]},"properties":{"city":"Seremban","population":314100,"capital":"","tier":1}},{"type":"Feature","geometry":{"type":"Point","coordinates":[11.922323206643604,-4.7833722441156254]},"properties":{"city":"Pointe-Noire","population":620200,"capital":"","tier":2}},{"type":"Feature","geometry":{"type":"Point","coordinates":[-82.42203645626142,8.440867428170534]},"properties":{"city":"David","population":66900,"capital":"","tier":1}},{"type":"Feature","geometry":{"type":"Point","coordinates":[8.88303543596313,9.921115882981724]},"properties":{"city":"Jos","population":320000,"capital":"","tier":1}},{"type":"Feature","geometry":{"type":"Point","coordinates":[14.394475676378654,4.416464607778337]},"properties":{"city":"Batouri","population":320000,"capital":"","tier":1}},{"type":"Feature","geometry":{"type":"Point","coordinates":[37.755415092175895,6.897055285697064]},"properties":{"city":"Wolaita Sodo","population":320000,"capital":"","tier":1}},{"type":"Feature","geometry":{"type":"Point","coordinates":[-62.745134959197905,17.326449123418342]},"properties":{"city":"Saint Kitts and Nevis","population":21700,"capital":"primary","tier":3}},{"type":"Feature","geometry":{"type":"Point","coordinates":[28.223261394484556,-12.809947167463292]},"properties":{"city":"Kitwe","population":304900,"capital":"","tier":1}},{"type":"Feature","geometry":{"type":"Point","coordinates":[-0.2653341405792789,52.59028661322412]},"properties":{"city":"Peterborough","population":320000,"capital":"","tier":1}},{"type":"Feature","geometry":{"type":"Point","coordinates":[124.03067980759273,42.5695502580424]},"properties":{"city":"Kaiyuan","population":320000,"capital":"","tier":1}},{"type":"Feature","geometry":{"type":"Point","coordinates":[4.321750024999092,43.86888742644291]},"properties":{"city":"Nimes","population":273800,"capital":"","tier":1}},{"type":"Feature","geometry":{"type":"Point","coordinates":[-83.78660226823723,12.010496888886522]},"properties":{"city":"Bluefields","population":124500,"capital":"","tier":1}},{"type":"Feature","geometry":{"type":"Point","coordinates":[39.56159034695761,52.63847251023935]},"properties":{"city":"Lipetsk","population":247800,"capital":"","tier":1}},{"type":"Feature","geometry":{"type":"Point","coordinates":[37.52682963180276,47.11287901850119]},"properties":{"city":"Mariupol","population":125000,"capital":"","tier":1}},{"type":"Feature","geometry":{"type":"Point","coordinates":[140.9885351172372,42.36998386155301]},"properties":{"city":"Muroran","population":320000,"capital":"","tier":1}},{"type":"Feature","geometry":{"type":"Point","coordinates":[32.434549915556275,34.77236529288443]},"properties":{"city":"Paphos","population":26700,"capital":"","tier":1}},{"type":"Feature","geometry":{"type":"Point","coordinates":[114.26256106766083,30.698228747929804]},"properties":{"city":"Wuhan","population":2200000,"capital":"","tier":2}},{"type":"Feature","geometry":{"type":"Point","coordinates":[126.21946616049738,39.254557791206224]},"properties":{"city":"Seongcheon-eup","population":133500,"capital":"","tier":1}},{"type":"Feature","geometry":{"type":"Point","coordinates":[33.34784264399818,35.113815566790606]},"properties":{"city":"Nicosia","population":228300,"capital":"primary","tier":3}},{"type":"Feature","geometry":{"type":"Point","coordinates":[10.393789384778685,32.325277339985234]},"properties":{"city":"Remada","population":103200,"capital":"","tier":1}},{"type":"Feature","geometry":{"type":"Point","coordinates":[-70.30776016718374,-23.648046693240005]},"properties":{"city":"Antofagasta","population":1215600,"capital":"","tier":2}},{"type":"Feature","geometry":{"type":"Point","coordinates":[112.60913187512288,-7.301883804795068]},"properties":{"city":"Surabaya","population":2200000,"capital":"","tier":2}},{"type":"Feature","geometry":{"type":"Point","coordinates":[48.95857962509565,39.95207573738347]},"properties":{"city":"Shirvan","population":109400,"capital":"","tier":1}},{"type":"Feature","geometry":{"type":"Point","coordinates":[125.47358855081896,9.776442943527172]},"properties":{"city":"Surigao City","population":320000,"capital":"","tier":1}},{"type":"Feature","geometry":{"type":"Point","coordinates":[-111.64027316708847,35.26970300764728]},"properties":{"city":"Flagstaff","population":262900,"capital":"","tier":1}},{"type":"Feature","geometry":{"type":"Point","coordinates":[117.30187512608977,24.39280432213627]},"properties":{"city":"Pinghe","population":320000,"capital":"","tier":1}},{"type":"Feature","geometry":{"type":"Point","coordinates":[-84.3618189542557,33.76508554296619]},"properties":{"city":"Atlanta","population":819200,"capital":"","tier":2}},{"type":"Feature","geometry":{"type":"Point","coordinates":[-65.51899203178255,3.1805626806972356]},"properties":{"city":"La Esmeralda","population":320000,"capital":"","tier":1}},{"type":"Feature","geometry":{"type":"Point","coordinates":[2.7519112549635043,36.250707928143456]},"properties":{"city":"Medea","population":194700,"capital":"","tier":1}},{"type":"Feature","geometry":{"type":"Point","coordinates":[95.0991921537881,22.2108287228571]},"properties":{"city":"Monywa","population":35400,"capital":"","tier":1}},{"type":"Feature","geometry":{"type":"Point","coordinates":[108.80007375776253,15.137877991815472]},"properties":{"city":"Quang Ngai","population":320000,"capital":"","tier":1}},{"type":"Feature","geometry":{"type":"Point","coordinates":[25.096648499822873,-17.8792472920654]},"properties":{"city":"Kasane","population":50300,"capital":"","tier":1}},{"type":"Feature","geometry":{"type":"Point","coordinates":[13.785242940510887,45.64873967270293]},"properties":{"city":"Trieste","population":320000,"capital":"","tier":1}},{"type":"Feature","geometry":{"type":"Point","coordinates":[129.75117815640542,43.32923506770152]},"properties":{"city":"Wangqing","population":320000,"capital":"","tier":1}},{"type":"Feature","geometry":{"type":"Point","coordinates":[21.651401651490325,-21.670378089857252]},"properties":{"city":"Ghanzi","population":36400,"capital":"","tier":1}},{"type":"Feature","geometry":{"type":"Point","coordinates":[-76.25352421371973,36.723427307754136]},"properties":{"city":"Chesapeake","population":320000,"capital":"","tier":1}},{"type":"Feature","geometry":{"type":"Point","coordinates":[102.79856241397276,16.498413863867853]},"properties":{"city":"Khon Kaen","population":320000,"capital":"","tier":1}},{"type":"Feature","geometry":{"type":"Point","coordinates":[94.6667230704379,40.23247826997266]},"properties":{"city":"Dunhuang","population":320000,"capital":"","tier":1}},{"type":"Feature","geometry":{"type":"Point","coordinates":[116.99951395189578,25.095033548080977]},"properties":{"city":"Longyan","population":320000,"capital":"","tier":1}},{"type":"Feature","geometry":{"type":"Point","coordinates":[-1.0743173710164287,50.80052982796539]},"properties":{"city":"Portsmouth","population":320000,"capital":"","tier":1}},{"type":"Feature","geometry":{"type":"Point","coordinates":[9.485411338795478,51.30558619409112]},"properties":{"city":"Kassel","population":320000,"capital":"","tier":1}},{"type":"Feature","geometry":{"type":"Point","coordinates":[-71.21200026832915,-29.89057876493478]},"properties":{"city":"La Serena","population":249600,"capital":"","tier":1}},{"type":"Feature","geometry":{"type":"Point","coordinates":[25.598306764510976,49.59157601465063]},"properties":{"city":"Ternopil","population":123000,"capital":"","tier":1}},{"type":"Feature","geometry":{"type":"Point","coordinates":[73.06888841192777,33.693412126565335]},"properties":{"city":"Islamabad","population":979200,"capital":"primary","tier":3}},{"type":"Feature","geometry":{"type":"Point","coordinates":[3.573705506530998,47.782397631944434]},"properties":{"city":"Auxerre","population":206700,"capital":"","tier":1}},{"type":"Feature","geometry":{"type":"Point","coordinates":[-93.28268030412627,37.20165331763988]},"properties":{"city":"Springfield","population":222500,"capital":"","tier":1}},{"type":"Feature","geometry":{"type":"Point","coordinates":[76.93616645563513,11.018230359573138]},"properties":{"city":"Coimbatore","population":320000,"capital":"","tier":1}},{"type":"Feature","geometry":{"type":"Point","coordinates":[126.53503931175383,7.339975526783277]},"properties":{"city":"Caraga","population":320000,"capital":"","tier":1}},{"type":"Feature","geometry":{"type":"Point","coordinates":[131.9344258480444,43.80969088476115]},"properties":{"city":"Ussurijsk","population":143800,"capital":"","tier":1}},{"type":"Feature","geometry":{"type":"Point","coordinates":[-54.78792271508951,-22.168947109766364]},"properties":{"city":"Dourados","population":320000,"capital":"","tier":1}},{"type":"Feature","geometry":{"type":"Point","coordinates":[-0.6400212384438704,5.368429187917073]},"properties":{"city":"Winneba","population":320000,"capital":"","tier":1}},{"type":"Feature","geometry":{"type":"Point","coordinates":[7.382200029807176,36.46285869636192]},"properties":{"city":"Guelma","population":168300,"capital":"","tier":1}},{"type":"Feature","geometry":{"type":"Point","coordinates":[35.71766218228899,30.219335901073407]},"properties":{"city":"Maan","population":146100,"capital":"","tier":1}},{"type":"Feature","geometry":{"type":"Point","coordinates":[115.37925426863697,22.79573806869253]},"properties":{"city":"Shanwei","population":320000,"capital":"","tier":1}},{"type":"Feature","geometry":{"type":"Point","coordinates":[94.4752692352399,51.72315578652521]},"properties":{"city":"Kyzyl","population":146600,"capital":"","tier":1}},{"type":"Feature","geometry":{"type":"Point","coordinates":[-61.66748815006628,12.116660712017136]},"properties":{"city":"Grenada","population":27200,"capital":"primary","tier":3}},{"type":"Feature","geometry":{"type":"Point","coordinates":[48.272889801965945,38.29996335781448]},"properties":{"city":"Ardabil","population":320000,"capital":"","tier":1}},{"type":"Feature","geometry":{"type":"Point","coordinates":[21.600111772422263,47.53823525841935]},"properties":{"city":"Debrecen","population":320000,"capital":"","tier":1}},{"type":"Feature","geometry":{"type":"Point","coordinates":[20.889161789291386,3.358613928974478]},"properties":{"city":"Businga","population":320000,"capital":"","tier":1}},{"type":"Feature","geometry":{"type":"Point","coordinates":[81.36695788445589,21.217033087693267]},"properties":{"city":"Bhilai","population":320000,"capital":"","tier":1}},{"type":"Feature","geometry":{"type":"Point","coordinates":[39.00257450218893,45.647709864709384]},"properties":{"city":"Timashevsk","population":224600,"capital":"","tier":1}},{"type":"Feature","geometry":{"type":"Point","coordinates":[35.83059487293543,32.57608696415029]},"properties":{"city":"Irbid","population":588300,"capital":"","tier":2}},{"type":"Feature","geometry":{"type":"Point","coordinates":[38.401838420239706,6.783335937585193]},"properties":{"city":"Irgalem","population":320000,"capital":"","tier":1}},{"type":"Feature","geometry":{"type":"Point","coordinates":[104.70595914769646,-2.9972667198531866]},"properties":{"city":"Palembang","population":2200000,"capital":"","tier":2}},{"type":"Feature","geometry":{"type":"Point","coordinates":[96.43762485268982,18.55033561391666]},"properties":{"city":"Pyu","population":31700,"capital":"","tier":1}},{"type":"Feature","geometry":{"type":"Point","coordinates":[-78.48815264045884,38.011000091955566]},"properties":{"city":"Charlottesville","population":239100,"capital":"","tier":1}},{"type":"Feature","geometry":{"type":"Point","coordinates":[-112.62291729123656,45.99454827678963]},"properties":{"city":"Butte","population":312000,"capital":"","tier":1}},{"type":"Feature","geometry":{"type":"Point","coordinates":[105.13435614055386,10.006782015330884]},"properties":{"city":"Rach Gia","population":320000,"capital":"","tier":1}},{"type":"Feature","geometry":{"type":"Point","coordinates":[21.066488326808003,64.73352491077793]},"properties":{"city":"Skelleftea","population":258500,"capital":"","tier":1}},{"type":"Feature","geometry":{"type":"Point","coordinates":[40.698039578798344,36.50987102572252]},"properties":{"city":"Al-Hasaka","population":320000,"capital":"","tier":1}},{"type":"Feature","geometry":{"type":"Point","coordinates":[-79.04956266438283,-2.8682904026469345]},"properties":{"city":"Cuenca (Ecuador)","population":287400,"capital":"","tier":1}},{"type":"Feature","geometry":{"type":"Point","coordinates":[10.321685167652529,55.40372156353038]},"properties":{"city":"Odense","population":4000,"capital":"","tier":1}},{"type":"Feature","geometry":{"type":"Point","coordinates":[-101.20340568185091,19.718854877502153]},"properties":{"city":"Morelia","population":320000,"capital":"","tier":1}},{"type":"Feature","geometry":{"type":"Point","coordinates":[116.46321762259072,31.805697923711946]},"properties":{"city":"Lu'an","population":2200000,"capital":"","tier":2}},{"type":"Feature","geometry":{"type":"Point","coordinates":[69.17366010780982,34.60356552119269]},"properties":{"city":"Kabul","population":4233100,"capital":"primary","tier":3}},{"type":"Feature","geometry":{"type":"Point","coordinates":[126.05586950658525,42.955382030606984]},"properties":{"city":"Panshi","population":320000,"capital":"","tier":1}},{"type":"Feature","geometry":{"type":"Point","coordinates":[128.82793443891035,47.758470970832946]},"properties":{"city":"Yichun","population":320000,"capital":"","tier":1}},{"type":"Feature","geometry":{"type":"Point","coordinates":[72.22088659426383,34.69134144938131]},"properties":{"city":"Saidu Sharif","population":320000,"capital":"","tier":1}},{"type":"Feature","geometry":{"type":"Point","coordinates":[-79.97210581908008,22.403151807104607]},"properties":{"city":"Santa Clara","population":143700,"capital":"","tier":1}},{"type":"Feature","geometry":{"type":"Point","coordinates":[-86.88732633771775,21.164199846012096]},"properties":{"city":"Cancun","population":1335000,"capital":"","tier":2}},{"type":"Feature","geometry":{"type":"Point","coordinates":[123.42819608179606,7.872490232054631]},"properties":{"city":"Pagadian","population":320000,"capital":"","tier":1}},{"type":"Feature","geometry":{"type":"Point","coordinates":[18.034596169493895,-19.558111489337335]},"properties":{"city":"Grootfontein","population":37400,"capital":"","tier":1}},{"type":"Feature","geometry":{"type":"Point","coordinates":[67.65239209609807,47.88589218860304]},"properties":{"city":"Jezqazgan","population":182900,"capital":"","tier":1}},{"type":"Feature","geometry":{"type":"Point","coordinates":[2.3347812142404623,6.3665194001302865]},"properties":{"city":"Cotonou","population":1036300,"capital":"","tier":2}},{"type":"Feature","geometry":{"type":"Point","coordinates":[23.408823306578924,40.394199502552]},"properties":{"city":"Polygyros","population":73000,"capital":"","tier":1}},{"type":"Feature","geometry":{"type":"Point","coordinates":[43.10963652285647,11.556709231630009]},"properties":{"city":"Djibouti","population":618600,"capital":"primary","tier":3}},{"type":"Feature","geometry":{"type":"Point","coordinates":[34.77508403547026,31.275210674721066]},"properties":{"city":"Beersheba","population":73700,"capital":"","tier":1}},{"type":"Feature","geometry":{"type":"Point","coordinates":[-91.37030116516553,31.55356799793914]},"properties":{"city":"Natchez","population":320000,"capital":"","tier":1}},{"type":"Feature","geometry":{"type":"Point","coordinates":[65.28111242184885,34.55829958363407]},"properties":{"city":"Firozkoh","population":300500,"capital":"","tier":1}},{"type":"Feature","geometry":{"type":"Point","coordinates":[-71.32136831805735,42.64130930798643]},"properties":{"city":"Lowell MA","population":246800,"capital":"","tier":1}},{"type":"Feature","geometry":{"type":"Point","coordinates":[-11.49908566588615,14.52161682661442]},"properties":{"city":"Kayes","population":320000,"capital":"","tier":1}},{"type":"Feature","geometry":{"type":"Point","coordinates":[35.22333587131162,33.2767365254042]},"properties":{"city":"Tyre","population":188600,"capital":"","tier":1}},{"type":"Feature","geometry":{"type":"Point","coordinates":[47.04144222644927,34.395710386964595]},"properties":{"city":"Kermanshah","population":320000,"capital":"","tier":1}},{"type":"Feature","geometry":{"type":"Point","coordinates":[128.69743651746114,36.57006619848572]},"properties":{"city":"Andong","population":198900,"capital":"","tier":1}},{"type":"Feature","geometry":{"type":"Point","coordinates":[127.37094855886116,39.170750991988484]},"properties":{"city":"Wonsan","population":508800,"capital":"","tier":2}},{"type":"Feature","geometry":{"type":"Point","coordinates":[32.54845501492881,-25.94106708015586]},"properties":{"city":"Maputo","population":1047300,"capital":"primary","tier":3}},{"type":"Feature","geometry":{"type":"Point","coordinates":[-111.07669786059196,45.65216087353008]},"properties":{"city":"Bozeman","population":217700,"capital":"","tier":1}},{"type":"Feature","geometry":{"type":"Point","coordinates":[71.37808722737154,51.16478664230428]},"properties":{"city":"Astana","population":1341800,"capital":"primary","tier":3}},{"type":"Feature","geometry":{"type":"Point","coordinates":[37.595986128316625,49.765937840636894]},"properties":{"city":"Kupiansk","population":164200,"capital":"","tier":1}},{"type":"Feature","geometry":{"type":"Point","coordinates":[39.64114197292212,-0.48122479657776296]},"properties":{"city":"Garissa","population":320000,"capital":"","tier":1}},{"type":"Feature","geometry":{"type":"Point","coordinates":[176.89138676715112,-39.50325405009533]},"properties":{"city":"Napier","population":46100,"capital":"","tier":1}},{"type":"Feature","geometry":{"type":"Point","coordinates":[13.070656016324197,47.80650038001795]},"properties":{"city":"Salzburg","population":320000,"capital":"","tier":1}},{"type":"Feature","geometry":{"type":"Point","coordinates":[-80.84539212044179,35.23474675191174]},"properties":{"city":"Charlotte","population":305700,"capital":"","tier":1}},{"type":"Feature","geometry":{"type":"Point","coordinates":[104.29968069133916,15.149608607137523]},"properties":{"city":"Si Sa Ket","population":320000,"capital":"","tier":1}},{"type":"Feature","geometry":{"type":"Point","coordinates":[97.67487527074944,16.542152851075713]},"properties":{"city":"Mawlamyine","population":31800,"capital":"","tier":1}},{"type":"Feature","geometry":{"type":"Point","coordinates":[103.74697251719833,1.49232038633275]},"properties":{"city":"Johor Bahru","population":1093000,"capital":"","tier":2}},{"type":"Feature","geometry":{"type":"Point","coordinates":[118.7692133377111,32.07230152783865]},"properties":{"city":"Nanjing","population":2200000,"capital":"","tier":2}},{"type":"Feature","geometry":{"type":"Point","coordinates":[15.574779312476792,49.388351883467266]},"properties":{"city":"Jihlava","population":319900,"capital":"","tier":1}},{"type":"Feature","geometry":{"type":"Point","coordinates":[104.85569482486194,17.438711279085993]},"properties":{"city":"Thakhek","population":79400,"capital":"","tier":1}},{"type":"Feature","geometry":{"type":"Point","coordinates":[130.39377347489656,33.625975836833334]},"properties":{"city":"Fukuoka","population":1181100,"capital":"","tier":2}},{"type":"Feature","geometry":{"type":"Point","coordinates":[-1.523893764238553,47.23364954375751]},"properties":{"city":"Nantes","population":176500,"capital":"","tier":1}},{"type":"Feature","geometry":{"type":"Point","coordinates":[-2.4609371600377092,13.607003157715283]},"properties":{"city":"Ouahigouya","population":241400,"capital":"","tier":1}},{"type":"Feature","geometry":{"type":"Point","coordinates":[141.9154107831454,-12.558338374883732]},"properties":{"city":"Weipa","population":218500,"capital":"","tier":1}},{"type":"Feature","geometry":{"type":"Point","coordinates":[37.82515156088303,51.32028242654309]},"properties":{"city":"Stary Oskol","population":187400,"capital":"","tier":1}},{"type":"Feature","geometry":{"type":"Point","coordinates":[62.07447696199643,45.78560498199519]},"properties":{"city":"Kazaly","population":201200,"capital":"","tier":1}},{"type":"Feature","geometry":{"type":"Point","coordinates":[6.191861321169327,49.10752928541959]},"properties":{"city":"Metz","population":281000,"capital":"","tier":1}},{"type":"Feature","geometry":{"type":"Point","coordinates":[127.71899204679413,38.501488890257974]},"properties":{"city":"Hakbang Labor District","population":112700,"capital":"","tier":1}},{"type":"Feature","geometry":{"type":"Point","coordinates":[144.92236903091677,-37.812314311333054]},"properties":{"city":"Melbourne","population":475200,"capital":"","tier":2}},{"type":"Feature","geometry":{"type":"Point","coordinates":[-3.4414924776393043,47.73947102110924]},"properties":{"city":"Lorient","population":180300,"capital":"","tier":1}},{"type":"Feature","geometry":{"type":"Point","coordinates":[1.6281641864658123,9.723175431041383]},"properties":{"city":"Djougou","population":320000,"capital":"","tier":1}},{"type":"Feature","geometry":{"type":"Point","coordinates":[35.24386553201727,-13.318791143244994]},"properties":{"city":"Lichinga","population":320000,"capital":"","tier":1}},{"type":"Feature","geometry":{"type":"Point","coordinates":[-10.033687963406457,29.143827926595137]},"properties":{"city":"Guelmim","population":311600,"capital":"","tier":1}},{"type":"Feature","geometry":{"type":"Point","coordinates":[-41.54698911217364,-7.042237665665752]},"properties":{"city":"Picos","population":320000,"capital":"","tier":1}},{"type":"Feature","geometry":{"type":"Point","coordinates":[8.76934139088057,34.462858636433594]},"properties":{"city":"Gafsa","population":94700,"capital":"","tier":1}},{"type":"Feature","geometry":{"type":"Point","coordinates":[-76.9169974131061,40.267060977861206]},"properties":{"city":"Harrisburg","population":320000,"capital":"","tier":1}},{"type":"Feature","geometry":{"type":"Point","coordinates":[128.89262751356355,35.23655794364301]},"properties":{"city":"Gimhae","population":173000,"capital":"","tier":1}},{"type":"Feature","geometry":{"type":"Point","coordinates":[-90.61548613814725,41.55914429217643]},"properties":{"city":"Davenport","population":320000,"capital":"","tier":1}},{"type":"Feature","geometry":{"type":"Point","coordinates":[33.275641227988125,45.22695363360842]},"properties":{"city":"Yevpatoriya","population":140500,"capital":"","tier":1}},{"type":"Feature","geometry":{"type":"Point","coordinates":[119.90864237730096,31.875595291039346]},"properties":{"city":"Changzhou","population":320000,"capital":"","tier":1}},{"type":"Feature","geometry":{"type":"Point","coordinates":[29.64565176075068,6.837127569823821]},"properties":{"city":"Rumbek","population":188600,"capital":"","tier":1}},{"type":"Feature","geometry":{"type":"Point","coordinates":[-2.8398975614061093,8.062711277791962]},"properties":{"city":"Bondoukou","population":320000,"capital":"","tier":1}},{"type":"Feature","geometry":{"type":"Point","coordinates":[129.41827827127096,42.769716901298835]},"properties":{"city":"Longjing","population":320000,"capital":"","tier":1}},{"type":"Feature","geometry":{"type":"Point","coordinates":[-91.44633236322532,17.522852903639574]},"properties":{"city":"Tenosique","population":320000,"capital":"","tier":1}},{"type":"Feature","geometry":{"type":"Point","coordinates":[116.09412969469682,24.306417545632996]},"properties":{"city":"Meizhou","population":320000,"capital":"","tier":1}},{"type":"Feature","geometry":{"type":"Point","coordinates":[143.11564502794528,51.818084176927556]},"properties":{"city":"Nogliki","population":209100,"capital":"","tier":1}},{"type":"Feature","geometry":{"type":"Point","coordinates":[7.318802280455008,47.753156245022694]},"properties":{"city":"Mulhouse","population":287300,"capital":"","tier":1}},{"type":"Feature","geometry":{"type":"Point","coordinates":[32.93312488055435,-2.5182669096128336]},"properties":{"city":"Mwanza","population":320000,"capital":"","tier":1}},{"type":"Feature","geometry":{"type":"Point","coordinates":[-79.57802695400669,9.039847222644184]},"properties":{"city":"Panama City","population":976300,"capital":"primary","tier":3}},{"type":"Feature","geometry":{"type":"Point","coordinates":[96.07518631542487,19.80808570565874]},"properties":{"city":"Nay Pyi Taw","population":483800,"capital":"primary","tier":3}},{"type":"Feature","geometry":{"type":"Point","coordinates":[-6.2513323819375906,36.516323751105276]},"properties":{"city":"Cadiz","population":278300,"capital":"","tier":1}},{"type":"Feature","geometry":{"type":"Point","coordinates":[3.066070047028259,45.78590012313629]},"properties":{"city":"Clermont-Ferrand","population":179600,"capital":"","tier":1}},{"type":"Feature","geometry":{"type":"Point","coordinates":[100.07200501599279,6.5932729914296715]},"properties":{"city":"Satun","population":320000,"capital":"","tier":1}},{"type":"Feature","geometry":{"type":"Point","coordinates":[30.701015739773784,36.92994209161159]},"properties":{"city":"Antalya","population":2200000,"capital":"","tier":2}},{"type":"Feature","geometry":{"type":"Point","coordinates":[12.350365587963081,51.33092457701571]},"properties":{"city":"Leipzig","population":320000,"capital":"","tier":1}},{"type":"Feature","geometry":{"type":"Point","coordinates":[124.90471613883463,42.137713638579015]},"properties":{"city":"Beisanjia","population":320000,"capital":"","tier":1}},{"type":"Feature","geometry":{"type":"Point","coordinates":[36.863201307787456,-17.875763750629503]},"properties":{"city":"Quelimane","population":320000,"capital":"","tier":1}},{"type":"Feature","geometry":{"type":"Point","coordinates":[-94.21428400803262,45.57007983925641]},"properties":{"city":"Saint Cloud","population":272900,"capital":"","tier":1}},{"type":"Feature","geometry":{"type":"Point","coordinates":[103.12766287241789,21.992943478909382]},"properties":{"city":"Muong Lay","population":320000,"capital":"","tier":1}},{"type":"Feature","geometry":{"type":"Point","coordinates":[10.079191269677223,35.718110815905405]},"properties":{"city":"Kairouan","population":121000,"capital":"","tier":1}},{"type":"Feature","geometry":{"type":"Point","coordinates":[131.35544881823472,-0.8557871019134211]},"properties":{"city":"Sorong","population":320000,"capital":"","tier":1}},{"type":"Feature","geometry":{"type":"Point","coordinates":[-57.94778500795378,-31.41026006389172]},"properties":{"city":"Salto","population":102200,"capital":"","tier":1}},{"type":"Feature","geometry":{"type":"Point","coordinates":[24.25932268351926,-17.546902045236195]},"properties":{"city":"Katima Mulilo","population":27000,"capital":"","tier":1}},{"type":"Feature","geometry":{"type":"Point","coordinates":[26.632012145077905,40.405994168194354]},"properties":{"city":"Gelibolu","population":320000,"capital":"","tier":1}},{"type":"Feature","geometry":{"type":"Point","coordinates":[104.97901060698781,22.822349679391948]},"properties":{"city":"Ha Giang","population":320000,"capital":"","tier":1}},{"type":"Feature","geometry":{"type":"Point","coordinates":[-74.95789280026592,23.0884910378291]},"properties":{"city":"Clarence Town","population":13300,"capital":"","tier":1}},{"type":"Feature","geometry":{"type":"Point","coordinates":[2.9499458229005358,30.54019858298615]},"properties":{"city":"El Menia","population":147900,"capital":"","tier":1}},{"type":"Feature","geometry":{"type":"Point","coordinates":[126.7482235739368,42.98732925441459]},"properties":{"city":"Huadian","population":320000,"capital":"","tier":1}},{"type":"Feature","geometry":{"type":"Point","coordinates":[8.805227688929794,35.206601884573345]},"properties":{"city":"Kasserine","population":108300,"capital":"","tier":1}},{"type":"Feature","geometry":{"type":"Point","coordinates":[-66.8738007354531,-29.385336816192847]},"properties":{"city":"La Rioja","population":320000,"capital":"","tier":1}},{"type":"Feature","geometry":{"type":"Point","coordinates":[31.179351597076398,30.0996209573846]},"properties":{"city":"Cairo","population":9187200,"capital":"primary","tier":3}},{"type":"Feature","geometry":{"type":"Point","coordinates":[90.34982639348266,23.788746610282843]},"properties":{"city":"Dhaka","population":9230500,"capital":"primary","tier":3}},{"type":"Feature","geometry":{"type":"Point","coordinates":[5.769802857790588,45.16457617291553]},"properties":{"city":"Grenoble","population":282400,"capital":"","tier":1}},{"type":"Feature","geometry":{"type":"Point","coordinates":[-83.55753103823002,8.950265861045366]},"properties":{"city":"Puerto Cortes","population":171500,"capital":"","tier":1}},{"type":"Feature","geometry":{"type":"Point","coordinates":[129.30770640661402,35.55419181126058]},"properties":{"city":"Ulsan","population":588100,"capital":"","tier":2}},{"type":"Feature","geometry":{"type":"Point","coordinates":[99.19065736927173,10.519250957820077]},"properties":{"city":"Chumphon","population":275200,"capital":"","tier":1}},{"type":"Feature","geometry":{"type":"Point","coordinates":[123.67488637552913,13.138243942616256]},"properties":{"city":"Legazpi","population":320000,"capital":"","tier":1}},{"type":"Feature","geometry":{"type":"Point","coordinates":[-115.7298068014102,40.829448337638325]},"properties":{"city":"Elko","population":281200,"capital":"","tier":1}},{"type":"Feature","geometry":{"type":"Point","coordinates":[27.81765271005618,43.60272606441782]},"properties":{"city":"Dobrich","population":129400,"capital":"","tier":1}},{"type":"Feature","geometry":{"type":"Point","coordinates":[13.511541159459243,-1.6130272829362866]},"properties":{"city":"Franceville","population":80300,"capital":"","tier":1}},{"type":"Feature","geometry":{"type":"Point","coordinates":[-5.942205670812003,54.59320365547072]},"properties":{"city":"Belfast","population":828000,"capital":"primary","tier":3}},{"type":"Feature","geometry":{"type":"Point","coordinates":[-3.0219029457200923,35.25975047359563]},"properties":{"city":"Melilla","population":320000,"capital":"","tier":1}},{"type":"Feature","geometry":{"type":"Point","coordinates":[-6.05188244431307,35.169025595702934]},"properties":{"city":"Larache","population":320000,"capital":"","tier":1}},{"type":"Feature","geometry":{"type":"Point","coordinates":[126.17794007017179,37.929364423126145]},"properties":{"city":"Yeonan-eup","population":122100,"capital":"","tier":1}},{"type":"Feature","geometry":{"type":"Point","coordinates":[127.07634857774894,38.106253527295394]},"properties":{"city":"Yeoncheon","population":209800,"capital":"","tier":1}},{"type":"Feature","geometry":{"type":"Point","coordinates":[-12.118055841250047,10.35932023667604]},"properties":{"city":"Mamou","population":208000,"capital":"","tier":1}},{"type":"Feature","geometry":{"type":"Point","coordinates":[18.98881765843195,-22.457343953807268]},"properties":{"city":"Gobabis","population":40100,"capital":"","tier":1}},{"type":"Feature","geometry":{"type":"Point","coordinates":[91.60721319733523,48.146838409252666]},"properties":{"city":"Khovd","population":42800,"capital":"","tier":1}},{"type":"Feature","geometry":{"type":"Point","coordinates":[5.3881416090117735,36.21751533774018]},"properties":{"city":"Setif","population":141600,"capital":"","tier":1}},{"type":"Feature","geometry":{"type":"Point","coordinates":[-89.60731226679621,44.950275067522256]},"properties":{"city":"Wausau","population":320000,"capital":"","tier":1}},{"type":"Feature","geometry":{"type":"Point","coordinates":[139.85787302042112,38.91888598522246]},"properties":{"city":"Sakata","population":320000,"capital":"","tier":1}},{"type":"Feature","geometry":{"type":"Point","coordinates":[142.75449992041518,48.653364513863295]},"properties":{"city":"Makarov","population":176100,"capital":"","tier":1}},{"type":"Feature","geometry":{"type":"Point","coordinates":[105.73832654132369,10.026016021573483]},"properties":{"city":"Can Tho","population":2200000,"capital":"","tier":2}},{"type":"Feature","geometry":{"type":"Point","coordinates":[-3.8568810127958693,43.44480125875094]},"properties":{"city":"Santander","population":298800,"capital":"","tier":1}},{"type":"Feature","geometry":{"type":"Point","coordinates":[15.610526186308464,5.970568758403843]},"properties":{"city":"Bouar","population":66500,"capital":"","tier":1}},{"type":"Feature","geometry":{"type":"Point","coordinates":[60.71222862292604,25.349448366915666]},"properties":{"city":"Chabahar","population":320000,"capital":"","tier":1}},{"type":"Feature","geometry":{"type":"Point","coordinates":[34.31700734294957,31.358589700809702]},"properties":{"city":"Khan Yunis","population":24600,"capital":"","tier":1}},{"type":"Feature","geometry":{"type":"Point","coordinates":[-76.65798215654081,20.365190748094335]},"properties":{"city":"Bayamo","population":152000,"capital":"","tier":1}},{"type":"Feature","geometry":{"type":"Point","coordinates":[13.337020250215522,38.12547093234613]},"properties":{"city":"Palermo","population":1761600,"capital":"","tier":2}},{"type":"Feature","geometry":{"type":"Point","coordinates":[38.684141305595794,50.64431582490391]},"properties":{"city":"Alexeyevka","population":201200,"capital":"","tier":1}},{"type":"Feature","geometry":{"type":"Point","coordinates":[-83.07847848848418,9.971332285858452]},"properties":{"city":"Limon","population":185000,"capital":"","tier":1}},{"type":"Feature","geometry":{"type":"Point","coordinates":[-108.78154034930222,35.55983638326997]},"properties":{"city":"Gallup","population":320000,"capital":"","tier":1}},{"type":"Feature","geometry":{"type":"Point","coordinates":[127.4178673375879,38.25846254320609]},"properties":{"city":"Gimhwa","population":164700,"capital":"","tier":1}},{"type":"Feature","geometry":{"type":"Point","coordinates":[120.66693065468867,28.007642419310287]},"properties":{"city":"Wenzhou","population":2200000,"capital":"","tier":2}},{"type":"Feature","geometry":{"type":"Point","coordinates":[33.18800597398717,51.25432411742534]},"properties":{"city":"Konotop","population":143700,"capital":"","tier":1}},{"type":"Feature","geometry":{"type":"Point","coordinates":[-97.02432989083971,45.67532563506606]},"properties":{"city":"Sisseton","population":320000,"capital":"","tier":1}},{"type":"Feature","geometry":{"type":"Point","coordinates":[23.536842488152146,41.11458414684725]},"properties":{"city":"Serres","population":108900,"capital":"","tier":1}},{"type":"Feature","geometry":{"type":"Point","coordinates":[34.98739697838002,31.75885785159734]},"properties":{"city":"Beit Shemesh","population":65600,"capital":"","tier":1}},{"type":"Feature","geometry":{"type":"Point","coordinates":[127.92605419233973,37.358285012811436]},"properties":{"city":"Wonju","population":152500,"capital":"","tier":1}},{"type":"Feature","geometry":{"type":"Point","coordinates":[117.28974365979614,34.874773587281524]},"properties":{"city":"Zaozhuang","population":2200000,"capital":"","tier":2}},{"type":"Feature","geometry":{"type":"Point","coordinates":[114.94143906471756,4.9410224951074895]},"properties":{"city":"Bandar Seri Begawan","population":97600,"capital":"primary","tier":3}},{"type":"Feature","geometry":{"type":"Point","coordinates":[-78.14787295942611,8.328790375289358]},"properties":{"city":"La Palma (Panama)","population":88800,"capital":"","tier":1}},{"type":"Feature","geometry":{"type":"Point","coordinates":[-81.67308546709967,41.477683433751054]},"properties":{"city":"Cleveland","population":972900,"capital":"","tier":2}},{"type":"Feature","geometry":{"type":"Point","coordinates":[45.00881414479031,53.21850699126762]},"properties":{"city":"Penza","population":240200,"capital":"","tier":1}},{"type":"Feature","geometry":{"type":"Point","coordinates":[-81.6690219111677,30.333771030035905]},"properties":{"city":"Jacksonville","population":248600,"capital":"","tier":1}},{"type":"Feature","geometry":{"type":"Point","coordinates":[-96.19464500035576,19.154849662252232]},"properties":{"city":"Veracruz City","population":320000,"capital":"","tier":1}},{"type":"Feature","geometry":{"type":"Point","coordinates":[-13.158850064049473,27.29885767100336]},"properties":{"city":"Laayoune","population":282500,"capital":"","tier":1}},{"type":"Feature","geometry":{"type":"Point","coordinates":[5.24313593883172,14.90774841561327]},"properties":{"city":"Tahoua","population":320000,"capital":"","tier":1}},{"type":"Feature","geometry":{"type":"Point","coordinates":[47.54783225657134,-18.913198247975956]},"properties":{"city":"Antananarivo","population":1215800,"capital":"primary","tier":3}},{"type":"Feature","geometry":{"type":"Point","coordinates":[22.27096192279516,60.44979609782493]},"properties":{"city":"Turku","population":77100,"capital":"","tier":1}},{"type":"Feature","geometry":{"type":"Point","coordinates":[35.831856917051226,34.447605723213826]},"properties":{"city":"Tripoli (Lebanon)","population":172700,"capital":"","tier":1}},{"type":"Feature","geometry":{"type":"Point","coordinates":[50.531588461697226,26.163157787746513]},"properties":{"city":"Bahrain","population":243300,"capital":"primary","tier":3}},{"type":"Feature","geometry":{"type":"Point","coordinates":[33.31201938452606,47.960462071790204]},"properties":{"city":"Kryvyi Rih","population":170400,"capital":"","tier":1}},{"type":"Feature","geometry":{"type":"Point","coordinates":[15.66758861557014,44.19997499664018]},"properties":{"city":"Obrovac","population":101500,"capital":"","tier":1}},{"type":"Feature","geometry":{"type":"Point","coordinates":[8.544854165303533,49.47968947338276]},"properties":{"city":"Mannheim","population":320000,"capital":"","tier":1}},{"type":"Feature","geometry":{"type":"Point","coordinates":[123.341439729242,42.7568577579751]},"properties":{"city":"Kangping","population":320000,"capital":"","tier":1}},{"type":"Feature","geometry":{"type":"Point","coordinates":[57.873154392287255,23.67682258754951]},"properties":{"city":"Barka","population":66200,"capital":"","tier":1}},{"type":"Feature","geometry":{"type":"Point","coordinates":[121.73660107149769,24.76305209741433]},"properties":{"city":"Yilan City","population":320000,"capital":"","tier":1}},{"type":"Feature","geometry":{"type":"Point","coordinates":[10.483827034407858,57.434194687965885]},"properties":{"city":"Frederikshavn","population":4000,"capital":"","tier":1}},{"type":"Feature","geometry":{"type":"Point","coordinates":[36.6304284229526,35.97378371048757]},"properties":{"city":"Idlib","population":320000,"capital":"","tier":1}},{"type":"Feature","geometry":{"type":"Point","coordinates":[8.998205812489099,13.826870874493238]},"properties":{"city":"Zinder","population":320000,"capital":"","tier":1}},{"type":"Feature","geometry":{"type":"Point","coordinates":[-78.59180154759143,9.40561412586257]},"properties":{"city":"Nargana","population":69800,"capital":"","tier":1}},{"type":"Feature","geometry":{"type":"Point","coordinates":[44.36326974050462,33.304505644513924]},"properties":{"city":"Baghdad","population":7066700,"capital":"primary","tier":3}},{"type":"Feature","geometry":{"type":"Point","coordinates":[100.40335296214094,-0.8935749610890298]},"properties":{"city":"Padang","population":320000,"capital":"","tier":1}},{"type":"Feature","geometry":{"type":"Point","coordinates":[-108.5899424150262,39.03380544618068]},"properties":{"city":"Grand Junction","population":288200,"capital":"","tier":1}},{"type":"Feature","geometry":{"type":"Point","coordinates":[40.20305475739628,37.91230009752091]},"properties":{"city":"Diyarbakir","population":320000,"capital":"","tier":1}},{"type":"Feature","geometry":{"type":"Point","coordinates":[-122.4488141922149,37.71041484518932]},"properties":{"city":"San Francisco","population":908300,"capital":"","tier":2}},{"type":"Feature","geometry":{"type":"Point","coordinates":[48.2367328738126,42.047545134595964]},"properties":{"city":"Derbent","population":218800,"capital":"","tier":1}},{"type":"Feature","geometry":{"type":"Point","coordinates":[-100.2919280931461,25.67739929377703]},"properties":{"city":"Monterrey","population":1908300,"capital":"","tier":2}},{"type":"Feature","geometry":{"type":"Point","coordinates":[119.16841588607349,34.63967579454912]},"properties":{"city":"Lianyungang","population":320000,"capital":"","tier":1}},{"type":"Feature","geometry":{"type":"Point","coordinates":[-109.7038862165617,48.581556664287405]},"properties":{"city":"Havre","population":301300,"capital":"","tier":1}},{"type":"Feature","geometry":{"type":"Point","coordinates":[33.59137320541065,4.785707198125621]},"properties":{"city":"Kapoeta","population":144200,"capital":"","tier":1}},{"type":"Feature","geometry":{"type":"Point","coordinates":[1.7742910609598863,45.26546366703573]},"properties":{"city":"Tulle","population":276500,"capital":"","tier":1}},{"type":"Feature","geometry":{"type":"Point","coordinates":[34.344705830564756,61.76909685850566]},"properties":{"city":"Petrozavodsk","population":148500,"capital":"","tier":1}},{"type":"Feature","geometry":{"type":"Point","coordinates":[10.492199506545415,52.2669017830608]},"properties":{"city":"Brunswick","population":320000,"capital":"","tier":1}},{"type":"Feature","geometry":{"type":"Point","coordinates":[109.339800774182,-0.0117608713578079]},"properties":{"city":"Pontianak","population":320000,"capital":"","tier":1}},{"type":"Feature","geometry":{"type":"Point","coordinates":[74.75809034224034,34.08776803042841]},"properties":{"city":"Srinagar","population":320000,"capital":"","tier":1}},{"type":"Feature","geometry":{"type":"Point","coordinates":[-80.87644829923924,-2.228575385343916]},"properties":{"city":"Salinas","population":305700,"capital":"","tier":1}},{"type":"Feature","geometry":{"type":"Point","coordinates":[118.01119413602537,50.1611752333402]},"properties":{"city":"Krasnokamensk","population":224500,"capital":"","tier":1}},{"type":"Feature","geometry":{"type":"Point","coordinates":[35.24738895633079,32.227448230557684]},"properties":{"city":"Nablus","population":25200,"capital":"","tier":1}},{"type":"Feature","geometry":{"type":"Point","coordinates":[31.629116730475214,-7.938222463657851]},"properties":{"city":"Sumbawanga","population":320000,"capital":"","tier":1}},{"type":"Feature","geometry":{"type":"Point","coordinates":[24.60175019623394,46.567373112880205]},"properties":{"city":"Targu Mures","population":249000,"capital":"","tier":1}},{"type":"Feature","geometry":{"type":"Point","coordinates":[-103.3128578045805,25.54167629784638]},"properties":{"city":"Torreon","population":1423700,"capital":"","tier":2}},{"type":"Feature","geometry":{"type":"Point","coordinates":[11.580071285120832,48.16715370002541]},"properties":{"city":"Munich","population":1795700,"capital":"","tier":2}},{"type":"Feature","geometry":{"type":"Point","coordinates":[-101.24535493445006,48.24924355377195]},"properties":{"city":"Minot","population":272000,"capital":"","tier":1}},{"type":"Feature","geometry":{"type":"Point","coordinates":[20.865211378570823,32.56066806999736]},"properties":{"city":"Marj","population":72600,"capital":"","tier":1}},{"type":"Feature","geometry":{"type":"Point","coordinates":[-157.3982339007587,1.8972857433521568]},"properties":{"city":"Kiribati","population":518600,"capital":"primary","tier":3}},{"type":"Feature","geometry":{"type":"Point","coordinates":[59.04576603602569,43.82239212408393]},"properties":{"city":"Moynaq","population":320000,"capital":"","tier":1}},{"type":"Feature","geometry":{"type":"Point","coordinates":[43.26298673096146,-11.68967074131426]},"properties":{"city":"Moroni","population":226500,"capital":"primary","tier":3}},{"type":"Feature","geometry":{"type":"Point","coordinates":[50.091914534802584,26.366516746484308]},"properties":{"city":"Dammam","population":1217600,"capital":"","tier":2}},{"type":"Feature","geometry":{"type":"Point","coordinates":[74.84233876506961,32.708545241626666]},"properties":{"city":"Jammu","population":320000,"capital":"","tier":1}},{"type":"Feature","geometry":{"type":"Point","coordinates":[125.58540573395722,-8.577089383309229]},"properties":{"city":"Dili","population":167600,"capital":"primary","tier":3}},{"type":"Feature","geometry":{"type":"Point","coordinates":[100.46791126093862,13.774667630785757]},"properties":{"city":"Bangkok","population":8711100,"capital":"primary","tier":3}},{"type":"Feature","geometry":{"type":"Point","coordinates":[31.874080263601964,51.08619328549963]},"properties":{"city":"Nizhyn","population":169000,"capital":"","tier":1}},{"type":"Feature","geometry":{"type":"Point","coordinates":[17.00247904880578,-24.82089045310134]},"properties":{"city":"Maltahohe","population":25500,"capital":"","tier":1}},{"type":"Feature","geometry":{"type":"Point","coordinates":[-96.90246842419658,46.88767871586094]},"properties":{"city":"Fargo","population":226400,"capital":"","tier":1}},{"type":"Feature","geometry":{"type":"Point","coordinates":[140.7423425638982,40.76696380209029]},"properties":{"city":"Aomori","population":320000,"capital":"","tier":1}},{"type":"Feature","geometry":{"type":"Point","coordinates":[8.794075146085815,41.9527380300766]},"properties":{"city":"Ajaccio","population":189800,"capital":"","tier":1}},{"type":"Feature","geometry":{"type":"Point","coordinates":[134.0294945926869,34.327240589889385]},"properties":{"city":"Takamatsu","population":320000,"capital":"","tier":1}},{"type":"Feature","geometry":{"type":"Point","coordinates":[10.043304971627999,33.92857975403861]},"properties":{"city":"Gabes","population":118800,"capital":"","tier":1}},{"type":"Feature","geometry":{"type":"Point","coordinates":[40.39616212064411,56.18285643688134]},"properties":{"city":"Vladimir","population":196000,"capital":"","tier":1}},{"type":"Feature","geometry":{"type":"Point","coordinates":[-4.471379052230918,48.41933235357618]},"properties":{"city":"Brest","population":186500,"capital":"","tier":1}},{"type":"Feature","geometry":{"type":"Point","coordinates":[7.458321068158017,51.520516563518726]},"properties":{"city":"Dortmund","population":2046300,"capital":"","tier":2}},{"type":"Feature","geometry":{"type":"Point","coordinates":[115.44105738342759,35.32381473878762]},"properties":{"city":"Heze","population":320000,"capital":"","tier":1}},{"type":"Feature","geometry":{"type":"Point","coordinates":[10.224337871230121,25.062924193776013]},"properties":{"city":"Ghat","population":79900,"capital":"","tier":1}},{"type":"Feature","geometry":{"type":"Point","coordinates":[-1.9438072514189852,43.29482573139035]},"properties":{"city":"Donostia","population":320000,"capital":"","tier":1}},{"type":"Feature","geometry":{"type":"Point","coordinates":[113.57428780620137,24.858813842408125]},"properties":{"city":"Shaoguan","population":320000,"capital":"","tier":1}},{"type":"Feature","geometry":{"type":"Point","coordinates":[-73.98722608905271,40.74642202457983]},"properties":{"city":"New York","population":8004400,"capital":"","tier":2}},{"type":"Feature","geometry":{"type":"Point","coordinates":[113.06739592204652,22.616084346119877]},"properties":{"city":"Jiangmen","population":320000,"capital":"","tier":1}},{"type":"Feature","geometry":{"type":"Point","coordinates":[13.481733376998838,-5.762863728850746]},"properties":{"city":"Matadi","population":320000,"capital":"","tier":1}},{"type":"Feature","geometry":{"type":"Point","coordinates":[46.02487585618859,40.113245093351196]},"properties":{"city":"Kalbajar","population":262600,"capital":"","tier":1}},{"type":"Feature","geometry":{"type":"Point","coordinates":[-123.14298967917362,44.04381780644016]},"properties":{"city":"Eugene","population":320000,"capital":"","tier":1}},{"type":"Feature","geometry":{"type":"Point","coordinates":[19.456588733040782,51.77007357264293]},"properties":{"city":"Lodz","population":320000,"capital":"","tier":1}},{"type":"Feature","geometry":{"type":"Point","coordinates":[14.735908480234876,-2.531307467037294]},"properties":{"city":"Djambala","population":77400,"capital":"","tier":1}},{"type":"Feature","geometry":{"type":"Point","coordinates":[173.0399455481576,-41.397011610273005]},"properties":{"city":"Wakefield","population":31600,"capital":"","tier":1}},{"type":"Feature","geometry":{"type":"Point","coordinates":[54.43242974107286,36.881073019038254]},"properties":{"city":"Gorgan","population":320000,"capital":"","tier":1}},{"type":"Feature","geometry":{"type":"Point","coordinates":[107.10364166576694,20.966947365013752]},"properties":{"city":"Ha Long","population":320000,"capital":"","tier":1}},{"type":"Feature","geometry":{"type":"Point","coordinates":[-105.06454042434986,40.59371433100176]},"properties":{"city":"Fort Collins","population":320000,"capital":"","tier":1}},{"type":"Feature","geometry":{"type":"Point","coordinates":[85.78794229992612,20.250024724056615]},"properties":{"city":"Bhubaneshwar","population":320000,"capital":"","tier":1}},{"type":"Feature","geometry":{"type":"Point","coordinates":[13.370667690850583,52.49786620386607]},"properties":{"city":"Berlin","population":3382900,"capital":"primary","tier":3}},{"type":"Feature","geometry":{"type":"Point","coordinates":[134.49041283442602,45.86602963578105]},"properties":{"city":"Novopokrovka","population":166900,"capital":"","tier":1}},{"type":"Feature","geometry":{"type":"Point","coordinates":[101.5904505206713,3.0688872946115993]},"properties":{"city":"Kuala Lumpur","population":1679300,"capital":"primary","tier":3}},{"type":"Feature","geometry":{"type":"Point","coordinates":[49.66679078126778,-15.413443167006193]},"properties":{"city":"Maroantsetra","population":246900,"capital":"","tier":1}},{"type":"Feature","geometry":{"type":"Point","coordinates":[43.086688415379065,40.65958155113282]},"properties":{"city":"Kars","population":320000,"capital":"","tier":1}},{"type":"Feature","geometry":{"type":"Point","coordinates":[30.208296906725153,55.227265044506936]},"properties":{"city":"Vitsebsk","population":133100,"capital":"","tier":1}},{"type":"Feature","geometry":{"type":"Point","coordinates":[-72.37296761858552,41.10559855259996]},"properties":{"city":"Greenport","population":301000,"capital":"","tier":1}},{"type":"Feature","geometry":{"type":"Point","coordinates":[136.50213863997158,34.760411564796755]},"properties":{"city":"Tsu","population":320000,"capital":"","tier":1}},{"type":"Feature","geometry":{"type":"Point","coordinates":[115.78405022555646,28.71151200243017]},"properties":{"city":"Nanchang","population":2200000,"capital":"","tier":2}},{"type":"Feature","geometry":{"type":"Point","coordinates":[124.34635434518516,40.14839312182531]},"properties":{"city":"Dandong","population":2200000,"capital":"","tier":2}},{"type":"Feature","geometry":{"type":"Point","coordinates":[-84.08006693150159,9.933151510009594]},"properties":{"city":"San Jose (Costa Rica)","population":973600,"capital":"primary","tier":3}},{"type":"Feature","geometry":{"type":"Point","coordinates":[92.69721637556377,23.72372233437636]},"properties":{"city":"Aizawl","population":320000,"capital":"","tier":1}},{"type":"Feature","geometry":{"type":"Point","coordinates":[-70.80293927019196,-27.13844320391948]},"properties":{"city":"Copiapo","population":222800,"capital":"","tier":1}},{"type":"Feature","geometry":{"type":"Point","coordinates":[99.94654055644524,8.508098462144659]},"properties":{"city":"Nakhon Si","population":274800,"capital":"","tier":1}},{"type":"Feature","geometry":{"type":"Point","coordinates":[-79.95986650305697,-3.2695026448120217]},"properties":{"city":"Machala","population":256600,"capital":"","tier":1}},{"type":"Feature","geometry":{"type":"Point","coordinates":[17.14233699317787,44.785627016282774]},"properties":{"city":"Banja Luka","population":328100,"capital":"primary","tier":3}},{"type":"Feature","geometry":{"type":"Point","coordinates":[-1.2867319622485303,54.55954086168458]},"properties":{"city":"Middlesbrough","population":320000,"capital":"","tier":1}},{"type":"Feature","geometry":{"type":"Point","coordinates":[120.74158931272319,22.01544189920881]},"properties":{"city":"Hengchun","population":272800,"capital":"","tier":1}},{"type":"Feature","geometry":{"type":"Point","coordinates":[133.9002248891553,42.912210737947134]},"properties":{"city":"Preobrazheniye","population":189900,"capital":"","tier":1}},{"type":"Feature","geometry":{"type":"Point","coordinates":[-67.41721169599673,8.881733429501097]},"properties":{"city":"Calabozo","population":271400,"capital":"","tier":1}},{"type":"Feature","geometry":{"type":"Point","coordinates":[117.99531873144295,5.907078030785371]},"properties":{"city":"Sandakan","population":306500,"capital":"","tier":1}},{"type":"Feature","geometry":{"type":"Point","coordinates":[-15.18347685942084,11.776476624290538]},"properties":{"city":"Fulacunda","population":86100,"capital":"","tier":1}},{"type":"Feature","geometry":{"type":"Point","coordinates":[4.434256796539827,50.41886015054311]},"properties":{"city":"Charleroi","population":320000,"capital":"","tier":1}},{"type":"Feature","geometry":{"type":"Point","coordinates":[-105.9331177264007,35.66368004382704]},"properties":{"city":"Santa Fe","population":254900,"capital":"","tier":1}},{"type":"Feature","geometry":{"type":"Point","coordinates":[31.347012342583184,-8.849950043121936]},"properties":{"city":"Mbala","population":222600,"capital":"","tier":1}},{"type":"Feature","geometry":{"type":"Point","coordinates":[-51.72742142906401,64.1780614668599]},"properties":{"city":"Nuuk","population":18000,"capital":"primary","tier":3}},{"type":"Feature","geometry":{"type":"Point","coordinates":[33.970638047610564,-11.448471007405274]},"properties":{"city":"Mzuzu","population":320000,"capital":"","tier":1}},{"type":"Feature","geometry":{"type":"Point","coordinates":[35.689467438606094,32.9944689621467]},"properties":{"city":"Katzrin","population":79600,"capital":"","tier":1}},{"type":"Feature","geometry":{"type":"Point","coordinates":[32.68330997603903,13.230383604528456]},"properties":{"city":"Kosti","population":320000,"capital":"","tier":1}},{"type":"Feature","geometry":{"type":"Point","coordinates":[34.79148026504256,32.10685555431587]},"properties":{"city":"Tel Aviv","population":1096900,"capital":"primary","tier":3}},{"type":"Feature","geometry":{"type":"Point","coordinates":[-80.01009016312176,0.6524308639681919]},"properties":{"city":"Muisne","population":191200,"capital":"","tier":1}},{"type":"Feature","geometry":{"type":"Point","coordinates":[5.349845340119982,32.07793180985337]},"properties":{"city":"Ouargla","population":192400,"capital":"","tier":1}},{"type":"Feature","geometry":{"type":"Point","coordinates":[32.417186590496485,35.027327586040414]},"properties":{"city":"Polis","population":27000,"capital":"","tier":1}},{"type":"Feature","geometry":{"type":"Point","coordinates":[-58.272549350909685,-26.879677717874564]},"properties":{"city":"Pilar","population":66200,"capital":"","tier":1}},{"type":"Feature","geometry":{"type":"Point","coordinates":[97.350192601941,25.460122814218607]},"properties":{"city":"Myitkyina","population":30300,"capital":"","tier":1}},{"type":"Feature","geometry":{"type":"Point","coordinates":[127.93220066505003,37.00324672834584]},"properties":{"city":"Chungju","population":236400,"capital":"","tier":1}},{"type":"Feature","geometry":{"type":"Point","coordinates":[120.44873210189749,23.49652246169869]},"properties":{"city":"Chiayi","population":303100,"capital":"","tier":1}},{"type":"Feature","geometry":{"type":"Point","coordinates":[42.806528655610556,9.383350638758074]},"properties":{"city":"Jijiga","population":320000,"capital":"","tier":1}},{"type":"Feature","geometry":{"type":"Point","coordinates":[14.519555786773076,-23.005161393082744]},"properties":{"city":"Walvis Bay","population":287300,"capital":"","tier":2}},{"type":"Feature","geometry":{"type":"Point","coordinates":[17.712468626367063,-19.25213652547305]},"properties":{"city":"Tsumeb","population":29500,"capital":"","tier":1}},{"type":"Feature","geometry":{"type":"Point","coordinates":[132.8586230730398,42.80921940725315]},"properties":{"city":"Nakhodka","population":182700,"capital":"","tier":1}},{"type":"Feature","geometry":{"type":"Point","coordinates":[10.447025824681761,33.360960402541394]},"properties":{"city":"Medenine","population":80900,"capital":"","tier":1}},{"type":"Feature","geometry":{"type":"Point","coordinates":[34.88511939474565,51.41192381889795]},"properties":{"city":"Korenevo","population":218400,"capital":"","tier":1}},{"type":"Feature","geometry":{"type":"Point","coordinates":[-11.15769907455524,7.855557583213624]},"properties":{"city":"Kenema","population":268000,"capital":"","tier":1}},{"type":"Feature","geometry":{"type":"Point","coordinates":[-95.99466771430292,36.13365537803179]},"properties":{"city":"Tulsa","population":246700,"capital":"","tier":1}},{"type":"Feature","geometry":{"type":"Point","coordinates":[10.372508273422126,43.724834822002435]},"properties":{"city":"Pisa","population":320000,"capital":"","tier":1}},{"type":"Feature","geometry":{"type":"Point","coordinates":[5.927308991467192,43.14772263234417]},"properties":{"city":"Toulon","population":235700,"capital":"","tier":1}},{"type":"Feature","geometry":{"type":"Point","coordinates":[19.817087560763813,43.87340137604724]},"properties":{"city":"Uzice","population":139900,"capital":"","tier":1}},{"type":"Feature","geometry":{"type":"Point","coordinates":[22.179917934644926,41.992309357388734]},"properties":{"city":"Probishtip","population":159200,"capital":"","tier":1}},{"type":"Feature","geometry":{"type":"Point","coordinates":[-87.51729802383991,37.33076334829693]},"properties":{"city":"Madisonville","population":254400,"capital":"","tier":1}},{"type":"Feature","geometry":{"type":"Point","coordinates":[101.2561648482372,6.867360652943944]},"properties":{"city":"Pattani","population":320000,"capital":"","tier":1}},{"type":"Feature","geometry":{"type":"Point","coordinates":[72.31781507328247,40.785237602198094]},"properties":{"city":"Andijan","population":320000,"capital":"","tier":1}},{"type":"Feature","geometry":{"type":"Point","coordinates":[-2.0140608075783506,5.306609887842654]},"properties":{"city":"Tarkwa","population":320000,"capital":"","tier":1}},{"type":"Feature","geometry":{"type":"Point","coordinates":[37.8530626813182,15.663945693011541]},"properties":{"city":"Agordat","population":231600,"capital":"","tier":1}},{"type":"Feature","geometry":{"type":"Point","coordinates":[5.60489306453844,6.335783471792652]},"properties":{"city":"Benin City","population":2200000,"capital":"","tier":2}},{"type":"Feature","geometry":{"type":"Point","coordinates":[-75.61349480744359,6.2897448776111275]},"properties":{"city":"Medellin","population":1821600,"capital":"","tier":2}},{"type":"Feature","geometry":{"type":"Point","coordinates":[174.00180078207782,-41.28825641658941]},"properties":{"city":"Picton","population":51500,"capital":"","tier":1}},{"type":"Feature","geometry":{"type":"Point","coordinates":[-4.07071894520543,50.34415303852592]},"properties":{"city":"Plymouth","population":320000,"capital":"","tier":1}},{"type":"Feature","geometry":{"type":"Point","coordinates":[-2.172309674913869,11.656478805898033]},"properties":{"city":"Gao","population":320000,"capital":"","tier":1}},{"type":"Feature","geometry":{"type":"Point","coordinates":[-84.8044167303429,10.009937851105477]},"properties":{"city":"Puntarenas","population":117600,"capital":"","tier":1}},{"type":"Feature","geometry":{"type":"Point","coordinates":[150.51567265316217,-23.326922437584372]},"properties":{"city":"Rockhampton","population":267700,"capital":"","tier":1}},{"type":"Feature","geometry":{"type":"Point","coordinates":[106.8175393405609,14.842154047764012]},"properties":{"city":"Attapeu","population":118700,"capital":"","tier":1}},{"type":"Feature","geometry":{"type":"Point","coordinates":[6.585351026742815,9.636461210975725]},"properties":{"city":"Minna","population":320000,"capital":"","tier":1}},{"type":"Feature","geometry":{"type":"Point","coordinates":[16.06886660558372,8.643904797618134]},"properties":{"city":"Moundou","population":105600,"capital":"","tier":1}},{"type":"Feature","geometry":{"type":"Point","coordinates":[125.29309170766471,38.0926655052659]},"properties":{"city":"Taetan-eup","population":100900,"capital":"","tier":1}},{"type":"Feature","geometry":{"type":"Point","coordinates":[40.81530056870465,48.203236714646266]},"properties":{"city":"Belaya Kalitva","population":248700,"capital":"","tier":1}},{"type":"Feature","geometry":{"type":"Point","coordinates":[-35.34001148039107,-5.884415828362862]},"properties":{"city":"Natal","population":320000,"capital":"","tier":1}},{"type":"Feature","geometry":{"type":"Point","coordinates":[64.39613779584364,39.78146520713781]},"properties":{"city":"Bukhara","population":320000,"capital":"","tier":1}},{"type":"Feature","geometry":{"type":"Point","coordinates":[111.98579903642431,21.9115573540074]},"properties":{"city":"Yangjiang","population":320000,"capital":"","tier":1}},{"type":"Feature","geometry":{"type":"Point","coordinates":[65.77844389794706,38.87674641131633]},"properties":{"city":"Karshi","population":320000,"capital":"","tier":1}},{"type":"Feature","geometry":{"type":"Point","coordinates":[105.87355407329323,21.025352886323347]},"properties":{"city":"Hanoi","population":7587400,"capital":"primary","tier":3}},{"type":"Feature","geometry":{"type":"Point","coordinates":[9.451181053815814,35.06720337902651]},"properties":{"city":"Sidi Bouzid","population":119800,"capital":"","tier":1}},{"type":"Feature","geometry":{"type":"Point","coordinates":[58.56971252780106,23.582769320698546]},"properties":{"city":"Muscat","population":1190400,"capital":"primary","tier":3}},{"type":"Feature","geometry":{"type":"Point","coordinates":[36.28363386614866,33.48826168309897]},"properties":{"city":"Damascus","population":1958600,"capital":"primary","tier":3}},{"type":"Feature","geometry":{"type":"Point","coordinates":[2.1103347870947053,13.534988776637377]},"properties":{"city":"Niamey","population":1242800,"capital":"primary","tier":3}},{"type":"Feature","geometry":{"type":"Point","coordinates":[29.09704384767771,37.793652051456135]},"properties":{"city":"Denizli","population":320000,"capital":"","tier":1}},{"type":"Feature","geometry":{"type":"Point","coordinates":[11.89408837816961,-15.866352449098983]},"properties":{"city":"Tombua","population":219400,"capital":"","tier":1}},{"type":"Feature","geometry":{"type":"Point","coordinates":[-93.27804885671286,30.24326043797724]},"properties":{"city":"Lake Charles","population":283700,"capital":"","tier":1}},{"type":"Feature","geometry":{"type":"Point","coordinates":[81.83348390650178,25.425465645999893]},"properties":{"city":"Prayagraj","population":320000,"capital":"","tier":1}},{"type":"Feature","geometry":{"type":"Point","coordinates":[80.34760155826025,26.452128032431887]},"properties":{"city":"Kanpur","population":320000,"capital":"","tier":1}},{"type":"Feature","geometry":{"type":"Point","coordinates":[129.49526136970823,42.92378845043899]},"properties":{"city":"Yanji","population":320000,"capital":"","tier":1}},{"type":"Feature","geometry":{"type":"Point","coordinates":[-91.56606761658902,14.494212148970291]},"properties":{"city":"Mazatenango","population":320000,"capital":"","tier":1}},{"type":"Feature","geometry":{"type":"Point","coordinates":[128.6792115853765,35.23624904363297]},"properties":{"city":"Changwon","population":447900,"capital":"","tier":2}},{"type":"Feature","geometry":{"type":"Point","coordinates":[-75.44822422188297,10.41181545348995]},"properties":{"city":"Cartagena (Colombia)","population":320000,"capital":"","tier":1}},{"type":"Feature","geometry":{"type":"Point","coordinates":[68.25158976673643,43.3654495568849]},"properties":{"city":"Turkestan","population":191800,"capital":"","tier":1}},{"type":"Feature","geometry":{"type":"Point","coordinates":[26.666707409127035,-4.400150679922788]},"properties":{"city":"Kasongo","population":320000,"capital":"","tier":1}},{"type":"Feature","geometry":{"type":"Point","coordinates":[-11.43543936858118,18.623001359626244]},"properties":{"city":"Tidjikja","population":87400,"capital":"","tier":1}},{"type":"Feature","geometry":{"type":"Point","coordinates":[29.45979968981442,-23.902248118872393]},"properties":{"city":"Polokwane","population":320000,"capital":"","tier":1}},{"type":"Feature","geometry":{"type":"Point","coordinates":[104.44167641564829,43.728977942636874]},"properties":{"city":"Dalanzadgad","population":32800,"capital":"","tier":1}},{"type":"Feature","geometry":{"type":"Point","coordinates":[-98.3815457412422,40.91906543934468]},"properties":{"city":"Grand Island","population":279100,"capital":"","tier":1}},{"type":"Feature","geometry":{"type":"Point","coordinates":[-15.603882785013711,11.855279649466425]},"properties":{"city":"Bissau","population":376200,"capital":"primary","tier":3}},{"type":"Feature","geometry":{"type":"Point","coordinates":[127.21926260624413,37.64809083967957]},"properties":{"city":"Namyangju","population":145500,"capital":"","tier":1}},{"type":"Feature","geometry":{"type":"Point","coordinates":[-49.23588239590314,-25.461990620021993]},"properties":{"city":"Curitiba","population":320000,"capital":"","tier":1}},{"type":"Feature","geometry":{"type":"Point","coordinates":[110.4247235634959,-7.003616908464693]},"properties":{"city":"Semarang","population":2200000,"capital":"","tier":2}},{"type":"Feature","geometry":{"type":"Point","coordinates":[2.9324232783213278,42.69378745071134]},"properties":{"city":"Perpignan","population":293900,"capital":"","tier":1}},{"type":"Feature","geometry":{"type":"Point","coordinates":[-16.110209352014827,14.177454698405299]},"properties":{"city":"Kaolack","population":320000,"capital":"","tier":1}},{"type":"Feature","geometry":{"type":"Point","coordinates":[-57.864399174959516,-22.625446901566193]},"properties":{"city":"Puerto Pinasco","population":75500,"capital":"","tier":1}},{"type":"Feature","geometry":{"type":"Point","coordinates":[43.8235952286832,40.8229046010718]},"properties":{"city":"Gyumri","population":87700,"capital":"","tier":1}},{"type":"Feature","geometry":{"type":"Point","coordinates":[45.171904677659505,54.22210020865245]},"properties":{"city":"Saransk","population":176300,"capital":"","tier":1}},{"type":"Feature","geometry":{"type":"Point","coordinates":[1.0913843994314552,49.4481949982725]},"properties":{"city":"Rouen","population":275100,"capital":"","tier":1}},{"type":"Feature","geometry":{"type":"Point","coordinates":[16.575911310124813,31.20317363589497]},"properties":{"city":"Sirte","population":66600,"capital":"","tier":1}},{"type":"Feature","geometry":{"type":"Point","coordinates":[131.9822237816575,44.76007467616532]},"properties":{"city":"Kamen-Rybolov","population":148100,"capital":"","tier":1}},{"type":"Feature","geometry":{"type":"Point","coordinates":[31.409696308096876,-11.840338775598639]},"properties":{"city":"Mpika","population":314100,"capital":"","tier":1}},{"type":"Feature","geometry":{"type":"Point","coordinates":[73.00110140424253,49.8970271984532]},"properties":{"city":"Karagandy","population":177600,"capital":"","tier":1}},{"type":"Feature","geometry":{"type":"Point","coordinates":[91.89650384927263,25.595812590525128]},"properties":{"city":"Shillong","population":320000,"capital":"","tier":1}},{"type":"Feature","geometry":{"type":"Point","coordinates":[72.26239790187893,42.574889776360266]},"properties":{"city":"Talas","population":148200,"capital":"","tier":1}},{"type":"Feature","geometry":{"type":"Point","coordinates":[33.123284319642686,68.98770699505641]},"properties":{"city":"Murmansk","population":249300,"capital":"","tier":1}},{"type":"Feature","geometry":{"type":"Point","coordinates":[-83.10973050191869,42.36713978508129]},"properties":{"city":"Detroit","population":1104800,"capital":"","tier":2}},{"type":"Feature","geometry":{"type":"Point","coordinates":[12.452837231896261,43.94240132882766]},"properties":{"city":"San Marino","population":18000,"capital":"primary","tier":3}},{"type":"Feature","geometry":{"type":"Point","coordinates":[76.1387527042818,42.47429741035427]},"properties":{"city":"Balykchy","population":163300,"capital":"","tier":1}},{"type":"Feature","geometry":{"type":"Point","coordinates":[45.318184621596224,2.0713078244468903]},"properties":{"city":"Mogadishu","population":2196700,"capital":"primary","tier":3}},{"type":"Feature","geometry":{"type":"Point","coordinates":[-60.793504112590234,-19.940890412587876]},"properties":{"city":"Mayor Pablo Lagerenza","population":96300,"capital":"","tier":1}},{"type":"Feature","geometry":{"type":"Point","coordinates":[36.46885689133928,45.390409736604]},"properties":{"city":"Kerch","population":143600,"capital":"","tier":1}},{"type":"Feature","geometry":{"type":"Point","coordinates":[21.84328881772657,-23.91364944311016]},"properties":{"city":"Lehututu","population":51400,"capital":"","tier":1}},{"type":"Feature","geometry":{"type":"Point","coordinates":[120.97675584953336,14.597765728032698]},"properties":{"city":"Manila","population":1719000,"capital":"primary","tier":3}},{"type":"Feature","geometry":{"type":"Point","coordinates":[79.88167036165292,23.23560885658182]},"properties":{"city":"Jabalpur","population":320000,"capital":"","tier":1}},{"type":"Feature","geometry":{"type":"Point","coordinates":[28.14592053291612,8.544469566273804]},"properties":{"city":"Gogrial","population":167800,"capital":"","tier":1}},{"type":"Feature","geometry":{"type":"Point","coordinates":[-75.66016006087614,41.40300975033895]},"properties":{"city":"Scranton","population":238000,"capital":"","tier":1}},{"type":"Feature","geometry":{"type":"Point","coordinates":[126.64072119858882,39.22994991368975]},"properties":{"city":"Yangdok-up","population":117500,"capital":"","tier":1}},{"type":"Feature","geometry":{"type":"Point","coordinates":[11.92877977389361,57.721928501778365]},"properties":{"city":"Gothenburg","population":212900,"capital":"","tier":1}},{"type":"Feature","geometry":{"type":"Point","coordinates":[153.02013725824452,-27.49534571528919]},"properties":{"city":"Brisbane","population":522400,"capital":"","tier":2}},{"type":"Feature","geometry":{"type":"Point","coordinates":[117.79924886446807,-34.99655988524357]},"properties":{"city":"Albany AU","population":181100,"capital":"","tier":1}},{"type":"Feature","geometry":{"type":"Point","coordinates":[40.57641826545512,64.5290851731788]},"properties":{"city":"Arkhangelsk","population":217800,"capital":"","tier":1}},{"type":"Feature","geometry":{"type":"Point","coordinates":[-88.10456210238448,30.695141893574885]},"properties":{"city":"Mobile","population":234500,"capital":"","tier":1}},{"type":"Feature","geometry":{"type":"Point","coordinates":[12.657270283386444,-4.183894894407985]},"properties":{"city":"Dolisie","population":72000,"capital":"","tier":1}},{"type":"Feature","geometry":{"type":"Point","coordinates":[1.209589067980453,6.15384150407121]},"properties":{"city":"Lome","population":746000,"capital":"primary","tier":3}},{"type":"Feature","geometry":{"type":"Point","coordinates":[-78.08903516564392,0.34482296454083894]},"properties":{"city":"Ibarra","population":311200,"capital":"","tier":1}},{"type":"Feature","geometry":{"type":"Point","coordinates":[-94.20152231345881,36.06495412082516]},"properties":{"city":"Fayetteville","population":320000,"capital":"","tier":1}},{"type":"Feature","geometry":{"type":"Point","coordinates":[56.52680921273203,74.17020225836563]},"properties":{"city":"Severny Island","population":1105700,"capital":"","tier":2}},{"type":"Feature","geometry":{"type":"Point","coordinates":[54.34261780412495,31.97868892846968]},"properties":{"city":"Yazd","population":320000,"capital":"","tier":1}},{"type":"Feature","geometry":{"type":"Point","coordinates":[39.192175535601486,38.641512398916376]},"properties":{"city":"Elazig","population":319500,"capital":"","tier":1}},{"type":"Feature","geometry":{"type":"Point","coordinates":[34.54356077803282,0.5769067997295281]},"properties":{"city":"Bungoma","population":320000,"capital":"","tier":1}},{"type":"Feature","geometry":{"type":"Point","coordinates":[15.171931702679707,-26.688715891738667]},"properties":{"city":"Luderitz","population":36000,"capital":"","tier":1}},{"type":"Feature","geometry":{"type":"Point","coordinates":[17.355187567042023,45.25799396295258]},"properties":{"city":"Nova Gradiska","population":82800,"capital":"","tier":1}},{"type":"Feature","geometry":{"type":"Point","coordinates":[37.32330308965624,56.946004320386805]},"properties":{"city":"Kimry","population":213800,"capital":"","tier":1}},{"type":"Feature","geometry":{"type":"Point","coordinates":[49.19943434707021,-12.282853134470528]},"properties":{"city":"Antsiranana","population":304900,"capital":"","tier":1}},{"type":"Feature","geometry":{"type":"Point","coordinates":[126.45110518387617,39.105985739717]},"properties":{"city":"Hoechang-up","population":77700,"capital":"","tier":1}},{"type":"Feature","geometry":{"type":"Point","coordinates":[27.54657318089259,47.16627860513026]},"properties":{"city":"Lasi","population":210000,"capital":"","tier":1}},{"type":"Feature","geometry":{"type":"Point","coordinates":[-1.9907580901779802,34.674753893822555]},"properties":{"city":"Oujda","population":320000,"capital":"","tier":1}},{"type":"Feature","geometry":{"type":"Point","coordinates":[39.70808833224005,43.64427103147233]},"properties":{"city":"Sochi","population":246600,"capital":"","tier":1}},{"type":"Feature","geometry":{"type":"Point","coordinates":[17.88441868696743,-29.6660889185014]},"properties":{"city":"Springbok","population":320000,"capital":"","tier":1}},{"type":"Feature","geometry":{"type":"Point","coordinates":[34.72078815832902,38.63932575589885]},"properties":{"city":"Nevsehir","population":320000,"capital":"","tier":1}},{"type":"Feature","geometry":{"type":"Point","coordinates":[127.65866533224161,34.76612174569051]},"properties":{"city":"Yeosu","population":172100,"capital":"","tier":1}},{"type":"Feature","geometry":{"type":"Point","coordinates":[68.76027387167761,38.57177189560437]},"properties":{"city":"Dushanbe","population":803800,"capital":"primary","tier":3}},{"type":"Feature","geometry":{"type":"Point","coordinates":[22.881114029048973,45.85929905533601]},"properties":{"city":"Deva","population":261600,"capital":"","tier":1}},{"type":"Feature","geometry":{"type":"Point","coordinates":[-75.84138390961608,37.51782005205958]},"properties":{"city":"Exmore","population":287500,"capital":"","tier":1}},{"type":"Feature","geometry":{"type":"Point","coordinates":[123.92635121289537,47.3704763602108]},"properties":{"city":"Qiqihar","population":2200000,"capital":"","tier":2}},{"type":"Feature","geometry":{"type":"Point","coordinates":[35.00907723648783,48.529986998156886]},"properties":{"city":"Dnipro","population":122800,"capital":"","tier":1}},{"type":"Feature","geometry":{"type":"Point","coordinates":[45.410936981604834,39.224362017582024]},"properties":{"city":"Nakhchivan","population":108300,"capital":"","tier":1}},{"type":"Feature","geometry":{"type":"Point","coordinates":[-81.04062652093415,34.00790948829106]},"properties":{"city":"Columbia South Carolina","population":308900,"capital":"","tier":1}},{"type":"Feature","geometry":{"type":"Point","coordinates":[131.6025647352788,33.22390809498448]},"properties":{"city":"Oita","population":320000,"capital":"","tier":1}},{"type":"Feature","geometry":{"type":"Point","coordinates":[131.7989667667193,34.08023398545184]},"properties":{"city":"Shunan","population":320000,"capital":"","tier":1}},{"type":"Feature","geometry":{"type":"Point","coordinates":[43.57886379421798,43.52712180015456]},"properties":{"city":"Nalchik","population":227700,"capital":"","tier":1}},{"type":"Feature","geometry":{"type":"Point","coordinates":[43.71471482101682,16.99591711989457]},"properties":{"city":"Sa dah","population":320000,"capital":"","tier":1}},{"type":"Feature","geometry":{"type":"Point","coordinates":[44.01337808860983,40.16991696721905]},"properties":{"city":"Armavir","population":79400,"capital":"","tier":1}},{"type":"Feature","geometry":{"type":"Point","coordinates":[99.14414679537879,25.173468309915535]},"properties":{"city":"Baoshan","population":320000,"capital":"","tier":1}},{"type":"Feature","geometry":{"type":"Point","coordinates":[37.47403152623125,54.01658832117511]},"properties":{"city":"Schokino","population":214900,"capital":"","tier":1}},{"type":"Feature","geometry":{"type":"Point","coordinates":[-76.59139627228684,2.473861213066897]},"properties":{"city":"Popayan","population":320000,"capital":"","tier":1}},{"type":"Feature","geometry":{"type":"Point","coordinates":[67.82027395638815,34.8697290639529]},"properties":{"city":"Bamian","population":320000,"capital":"","tier":1}},{"type":"Feature","geometry":{"type":"Point","coordinates":[-78.51661065424432,-0.22891734228144855]},"properties":{"city":"Quito","population":2607000,"capital":"primary","tier":3}},{"type":"Feature","geometry":{"type":"Point","coordinates":[-78.65753809830892,-1.689193977512744]},"properties":{"city":"Riobamba","population":292300,"capital":"","tier":1}},{"type":"Feature","geometry":{"type":"Point","coordinates":[30.484642603794242,56.395101999219634]},"properties":{"city":"Velikiye Luki","population":233500,"capital":"","tier":1}},{"type":"Feature","geometry":{"type":"Point","coordinates":[-71.75960314834843,-35.40396515273029]},"properties":{"city":"Talca","population":239100,"capital":"","tier":1}},{"type":"Feature","geometry":{"type":"Point","coordinates":[-73.85848043364834,41.28863192169305]},"properties":{"city":"Yorktown","population":285900,"capital":"","tier":1}},{"type":"Feature","geometry":{"type":"Point","coordinates":[-48.38688023557704,-1.5327251088753968]},"properties":{"city":"Belem","population":2200000,"capital":"","tier":2}},{"type":"Feature","geometry":{"type":"Point","coordinates":[-99.22792919931281,18.910519102657616]},"properties":{"city":"Cuernavaca","population":320000,"capital":"","tier":1}},{"type":"Feature","geometry":{"type":"Point","coordinates":[41.7225882087489,41.67278252428039]},"properties":{"city":"Batumi","population":652300,"capital":"","tier":2}},{"type":"Feature","geometry":{"type":"Point","coordinates":[112.52103025930676,37.93584801700737]},"properties":{"city":"Taiyuan","population":2200000,"capital":"","tier":2}},{"type":"Feature","geometry":{"type":"Point","coordinates":[10.369373951992321,63.416456595255426]},"properties":{"city":"Trondheim","population":247400,"capital":"","tier":1}},{"type":"Feature","geometry":{"type":"Point","coordinates":[30.68418783013471,46.50754287742075]},"properties":{"city":"Odessa","population":143700,"capital":"","tier":1}},{"type":"Feature","geometry":{"type":"Point","coordinates":[-5.004873821762619,34.09873340299863]},"properties":{"city":"Fez","population":2440900,"capital":"primary","tier":3}},{"type":"Feature","geometry":{"type":"Point","coordinates":[86.93157098388004,23.667696662306128]},"properties":{"city":"Asansol","population":320000,"capital":"","tier":1}},{"type":"Feature","geometry":{"type":"Point","coordinates":[113.56469630471005,22.14118093698832]},"properties":{"city":"Macau","population":8002200,"capital":"primary","tier":3}},{"type":"Feature","geometry":{"type":"Point","coordinates":[14.253883944427356,48.3070406585083]},"properties":{"city":"Linz","population":306800,"capital":"","tier":1}},{"type":"Feature","geometry":{"type":"Point","coordinates":[69.58529977508591,40.35172620794165]},"properties":{"city":"Khujand","population":265500,"capital":"","tier":1}},{"type":"Feature","geometry":{"type":"Point","coordinates":[27.261815726572415,61.7015361280107]},"properties":{"city":"Mikkeli","population":92000,"capital":"","tier":1}},{"type":"Feature","geometry":{"type":"Point","coordinates":[35.79780796274776,32.30553255577658]},"properties":{"city":"Sakib","population":140300,"capital":"","tier":1}},{"type":"Feature","geometry":{"type":"Point","coordinates":[99.79993717869816,19.933096622030916]},"properties":{"city":"Chiang Rai","population":320000,"capital":"","tier":1}},{"type":"Feature","geometry":{"type":"Point","coordinates":[174.7486487240778,-41.29584656784387]},"properties":{"city":"Wellington","population":729600,"capital":"primary","tier":3}},{"type":"Feature","geometry":{"type":"Point","coordinates":[-99.61682605376396,19.31088116372213]},"properties":{"city":"Toluca","population":1428200,"capital":"","tier":2}},{"type":"Feature","geometry":{"type":"Point","coordinates":[-6.939651207522352,37.23739927559765]},"properties":{"city":"Huelva","population":320000,"capital":"","tier":1}},{"type":"Feature","geometry":{"type":"Point","coordinates":[23.47750222697776,-6.993877562306281]},"properties":{"city":"Mwene-Ditu","population":320000,"capital":"","tier":1}},{"type":"Feature","geometry":{"type":"Point","coordinates":[114.91806354617033,25.895393270441232]},"properties":{"city":"Ganzhou","population":320000,"capital":"","tier":1}},{"type":"Feature","geometry":{"type":"Point","coordinates":[123.01581071269054,8.237515237838963]},"properties":{"city":"Sindangan","population":320000,"capital":"","tier":1}},{"type":"Feature","geometry":{"type":"Point","coordinates":[41.7225882087489,42.182312964799706]},"properties":{"city":"Poti","population":292100,"capital":"","tier":1}},{"type":"Feature","geometry":{"type":"Point","coordinates":[-2.9472331948862713,43.26751761361194]},"properties":{"city":"Bilbao","population":1404900,"capital":"","tier":2}},{"type":"Feature","geometry":{"type":"Point","coordinates":[32.28463560415456,59.97726516711032]},"properties":{"city":"Volkhov","population":206600,"capital":"","tier":1}},{"type":"Feature","geometry":{"type":"Point","coordinates":[15.768338860968507,-12.757095861078469]},"properties":{"city":"Huambo","population":2133600,"capital":"","tier":2}},{"type":"Feature","geometry":{"type":"Point","coordinates":[114.23929912345949,4.572987891914309]},"properties":{"city":"Kuala Belait","population":18000,"capital":"","tier":1}},{"type":"Feature","geometry":{"type":"Point","coordinates":[-5.723065711393908,43.51964994216553]},"properties":{"city":"Gijon","population":320000,"capital":"","tier":1}},{"type":"Feature","geometry":{"type":"Point","coordinates":[-56.30584383546778,5.84857448604788]},"properties":{"city":"Totness","population":16000,"capital":"","tier":1}},{"type":"Feature","geometry":{"type":"Point","coordinates":[-76.1662690617741,43.057989312207155]},"properties":{"city":"Syracuse NY","population":320000,"capital":"","tier":1}},{"type":"Feature","geometry":{"type":"Point","coordinates":[-97.56126564935838,25.841998163938698]},"properties":{"city":"Matamoros","population":320000,"capital":"","tier":1}},{"type":"Feature","geometry":{"type":"Point","coordinates":[-13.456209308014138,16.224535476328]},"properties":{"city":"Kaedi","population":80500,"capital":"","tier":1}},{"type":"Feature","geometry":{"type":"Point","coordinates":[32.66066950571136,25.714208855614586]},"properties":{"city":"Luxor","population":320000,"capital":"","tier":1}},{"type":"Feature","geometry":{"type":"Point","coordinates":[120.42501121623248,36.15075253045501]},"properties":{"city":"Qingdao","population":2200000,"capital":"","tier":2}},{"type":"Feature","geometry":{"type":"Point","coordinates":[34.970514664573926,32.18988312807137]},"properties":{"city":"Qalqilya","population":62600,"capital":"","tier":1}},{"type":"Feature","geometry":{"type":"Point","coordinates":[3.1832118938539566,13.054693505962803]},"properties":{"city":"Dosso","population":320000,"capital":"","tier":1}},{"type":"Feature","geometry":{"type":"Point","coordinates":[7.236687508405416,43.71681540757157]},"properties":{"city":"Nice","population":305600,"capital":"","tier":1}},{"type":"Feature","geometry":{"type":"Point","coordinates":[17.75083294244697,46.39591083263801]},"properties":{"city":"Kaposvar","population":231800,"capital":"","tier":1}},{"type":"Feature","geometry":{"type":"Point","coordinates":[13.007430711132626,32.54311414330256]},"properties":{"city":"Al Aziziya","population":69300,"capital":"","tier":1}},{"type":"Feature","geometry":{"type":"Point","coordinates":[-80.34506150662068,8.515764693659676]},"properties":{"city":"Penonome","population":75400,"capital":"","tier":1}},{"type":"Feature","geometry":{"type":"Point","coordinates":[175.03210510197314,-39.946666288626425]},"properties":{"city":"Whanganui","population":53800,"capital":"","tier":1}},{"type":"Feature","geometry":{"type":"Point","coordinates":[-78.97346386215388,-8.107430612906441]},"properties":{"city":"Trujillo (Peru)","population":320000,"capital":"","tier":1}},{"type":"Feature","geometry":{"type":"Point","coordinates":[36.693426465958424,57.82585460624793]},"properties":{"city":"Bezhetsk","population":174700,"capital":"","tier":1}},{"type":"Feature","geometry":{"type":"Point","coordinates":[-8.12404005217955,6.0822676487499905]},"properties":{"city":"Zwedru","population":144900,"capital":"","tier":1}},{"type":"Feature","geometry":{"type":"Point","coordinates":[25.36314198177609,13.758148071582482]},"properties":{"city":"Al-Fashir","population":320000,"capital":"","tier":1}},{"type":"Feature","geometry":{"type":"Point","coordinates":[92.01627975409419,50.10947703072654]},"properties":{"city":"Ulaangom","population":29500,"capital":"","tier":1}},{"type":"Feature","geometry":{"type":"Point","coordinates":[142.9350724741802,53.605802661583226]},"properties":{"city":"Okha","population":175900,"capital":"","tier":1}},{"type":"Feature","geometry":{"type":"Point","coordinates":[32.60641441479585,-18.97152871579692]},"properties":{"city":"Mutare","population":301500,"capital":"","tier":1}},{"type":"Feature","geometry":{"type":"Point","coordinates":[91.38339207592216,27.022772764366735]},"properties":{"city":"Khothakpa Town","population":46100,"capital":"","tier":1}},{"type":"Feature","geometry":{"type":"Point","coordinates":[23.634651467837287,-3.5240712629159674]},"properties":{"city":"Lodja","population":320000,"capital":"","tier":1}},{"type":"Feature","geometry":{"type":"Point","coordinates":[23.15630751546168,-15.242343979202943]},"properties":{"city":"Mongu","population":320000,"capital":"","tier":1}},{"type":"Feature","geometry":{"type":"Point","coordinates":[120.59014093367352,15.483322852922356]},"properties":{"city":"Tarlac City","population":320000,"capital":"","tier":1}},{"type":"Feature","geometry":{"type":"Point","coordinates":[62.082842066600556,32.45347727625446]},"properties":{"city":"Farah","population":320000,"capital":"","tier":1}},{"type":"Feature","geometry":{"type":"Point","coordinates":[11.566057716532201,1.6414784603110348]},"properties":{"city":"Oyem","population":83600,"capital":"","tier":1}},{"type":"Feature","geometry":{"type":"Point","coordinates":[28.61161166298563,50.97939322727126]},"properties":{"city":"Korosten","population":134700,"capital":"","tier":1}},{"type":"Feature","geometry":{"type":"Point","coordinates":[27.940600186248293,7.713773512630169]},"properties":{"city":"Wau","population":193800,"capital":"","tier":1}},{"type":"Feature","geometry":{"type":"Point","coordinates":[0.6512712747633247,47.382913760886]},"properties":{"city":"Tours","population":189100,"capital":"","tier":1}},{"type":"Feature","geometry":{"type":"Point","coordinates":[-92.31279151649764,34.75446553091636]},"properties":{"city":"Little Rock","population":320000,"capital":"","tier":1}},{"type":"Feature","geometry":{"type":"Point","coordinates":[31.58280459670365,6.2517893215253935]},"properties":{"city":"Bor","population":152400,"capital":"","tier":1}},{"type":"Feature","geometry":{"type":"Point","coordinates":[17.137065921134408,48.147397151491646]},"properties":{"city":"Bratislava","population":640100,"capital":"primary","tier":3}},{"type":"Feature","geometry":{"type":"Point","coordinates":[-10.564011861910675,26.186956697393057]},"properties":{"city":"Tifariti","population":123300,"capital":"primary","tier":3}},{"type":"Feature","geometry":{"type":"Point","coordinates":[143.89725454372362,43.834535386875814]},"properties":{"city":"Kitami","population":320000,"capital":"","tier":1}},{"type":"Feature","geometry":{"type":"Point","coordinates":[3.7158584371742758,51.06128688108731]},"properties":{"city":"Ghent","population":320000,"capital":"","tier":1}},{"type":"Feature","geometry":{"type":"Point","coordinates":[-70.972715854705,41.631107323347834]},"properties":{"city":"New Bedford","population":301800,"capital":"","tier":1}},{"type":"Feature","geometry":{"type":"Point","coordinates":[134.6755432633847,34.82113549250221]},"properties":{"city":"Himeji","population":320000,"capital":"","tier":1}},{"type":"Feature","geometry":{"type":"Point","coordinates":[-90.5298711860364,19.81102217858279]},"properties":{"city":"Campeche City","population":320000,"capital":"","tier":1}},{"type":"Feature","geometry":{"type":"Point","coordinates":[34.3413977098139,53.276177304188764]},"properties":{"city":"Bryansk","population":217100,"capital":"","tier":1}},{"type":"Feature","geometry":{"type":"Point","coordinates":[110.17415183547602,20.32570864360548]},"properties":{"city":"Xuwen","population":320000,"capital":"","tier":1}},{"type":"Feature","geometry":{"type":"Point","coordinates":[104.26630601342563,52.34295954708321]},"properties":{"city":"Irkutsk","population":1287800,"capital":"","tier":2}},{"type":"Feature","geometry":{"type":"Point","coordinates":[68.46060470325227,25.486415719863913]},"properties":{"city":"Hyderabad","population":2200000,"capital":"","tier":2}},{"type":"Feature","geometry":{"type":"Point","coordinates":[-124.16659518902046,40.767861973559974]},"properties":{"city":"Eureka","population":214700,"capital":"","tier":1}},{"type":"Feature","geometry":{"type":"Point","coordinates":[-80.99122462054272,46.470444491287424]},"properties":{"city":"Sudbury","population":320000,"capital":"","tier":1}},{"type":"Feature","geometry":{"type":"Point","coordinates":[-75.71624055656133,45.3796609373351]},"properties":{"city":"Ottawa","population":935900,"capital":"primary","tier":3}},{"type":"Feature","geometry":{"type":"Point","coordinates":[85.30518551523181,27.743209671814967]},"properties":{"city":"Kathmandu","population":778000,"capital":"primary","tier":3}},{"type":"Feature","geometry":{"type":"Point","coordinates":[32.824184348957566,54.01944793044112]},"properties":{"city":"Roslavl","population":188000,"capital":"","tier":1}},{"type":"Feature","geometry":{"type":"Point","coordinates":[-107.46260466797442,24.782706236978115]},"properties":{"city":"Culiacan","population":320000,"capital":"","tier":1}},{"type":"Feature","geometry":{"type":"Point","coordinates":[-73.29434381185318,-3.7186491573170173]},"properties":{"city":"Iquitos","population":284600,"capital":"","tier":1}},{"type":"Feature","geometry":{"type":"Point","coordinates":[49.837800972142546,40.38408549097568]},"properties":{"city":"Baku","population":2093500,"capital":"primary","tier":3}},{"type":"Feature","geometry":{"type":"Point","coordinates":[1.0351323783105528,33.64338025582428]},"properties":{"city":"El Bayadh","population":206300,"capital":"","tier":1}},{"type":"Feature","geometry":{"type":"Point","coordinates":[106.99755803725807,13.779177598968985]},"properties":{"city":"Banlung","population":299800,"capital":"","tier":1}},{"type":"Feature","geometry":{"type":"Point","coordinates":[11.37705722294702,43.32087184586888]},"properties":{"city":"Siena","population":314400,"capital":"","tier":1}},{"type":"Feature","geometry":{"type":"Point","coordinates":[143.6631192710576,-6.121129631586413]},"properties":{"city":"Mendi","population":124700,"capital":"","tier":1}},{"type":"Feature","geometry":{"type":"Point","coordinates":[24.46233843957668,60.99866696235543]},"properties":{"city":"Hameenlinna","population":63700,"capital":"","tier":1}},{"type":"Feature","geometry":{"type":"Point","coordinates":[10.760421983578704,59.91238043855628]},"properties":{"city":"Oslo","population":641200,"capital":"primary","tier":3}},{"type":"Feature","geometry":{"type":"Point","coordinates":[-76.5795148895468,36.734618753035775]},"properties":{"city":"Suffolk","population":222300,"capital":"","tier":1}},{"type":"Feature","geometry":{"type":"Point","coordinates":[13.362522528745734,-3.658047234821211]},"properties":{"city":"Sibiti","population":68600,"capital":"","tier":1}},{"type":"Feature","geometry":{"type":"Point","coordinates":[125.58579590697,37.82862297318721]},"properties":{"city":"Bupo Labor District","population":134000,"capital":"","tier":1}},{"type":"Feature","geometry":{"type":"Point","coordinates":[101.40495045349836,21.043258899925107]},"properties":{"city":"Luang Namtha","population":112100,"capital":"","tier":1}},{"type":"Feature","geometry":{"type":"Point","coordinates":[1.7615760482555143,12.10629562213171]},"properties":{"city":"Diapaga","population":308900,"capital":"","tier":1}},{"type":"Feature","geometry":{"type":"Point","coordinates":[126.88717886041175,38.49396903851812]},"properties":{"city":"Ichon-up","population":120900,"capital":"","tier":1}},{"type":"Feature","geometry":{"type":"Point","coordinates":[-73.78269888030172,42.65824816710341]},"properties":{"city":"Albany NY","population":913000,"capital":"","tier":2}},{"type":"Feature","geometry":{"type":"Point","coordinates":[-35.84561291769256,-9.597902770480346]},"properties":{"city":"Maceio","population":320000,"capital":"","tier":1}},{"type":"Feature","geometry":{"type":"Point","coordinates":[14.491747668385894,35.89551570276225]},"properties":{"city":"Valletta","population":117100,"capital":"primary","tier":3}},{"type":"Feature","geometry":{"type":"Point","coordinates":[5.903769958506076,51.99396395889323]},"properties":{"city":"Arnhem","population":320000,"capital":"","tier":1}},{"type":"Feature","geometry":{"type":"Point","coordinates":[51.32696602662276,43.69893438623953]},"properties":{"city":"Aktau","population":226700,"capital":"","tier":1}},{"type":"Feature","geometry":{"type":"Point","coordinates":[125.15646089065143,38.5841562642361]},"properties":{"city":"Geumsan Labor District","population":92700,"capital":"","tier":1}},{"type":"Feature","geometry":{"type":"Point","coordinates":[12.452573696198296,41.90413104036108]},"properties":{"city":"Vatican City","population":2325300,"capital":"primary","tier":3}},{"type":"Feature","geometry":{"type":"Point","coordinates":[5.31436281197332,60.38238505542151]},"properties":{"city":"Bergen","population":705600,"capital":"","tier":2}},{"type":"Feature","geometry":{"type":"Point","coordinates":[80.46742183065228,48.042009069034265]},"properties":{"city":"Ayagoz","population":149000,"capital":"","tier":1}},{"type":"Feature","geometry":{"type":"Point","coordinates":[21.281143506420136,29.090289297143144]},"properties":{"city":"Awjilah","population":56000,"capital":"","tier":1}},{"type":"Feature","geometry":{"type":"Point","coordinates":[47.1542865831837,11.01095420925995]},"properties":{"city":"Maydh","population":312000,"capital":"","tier":1}},{"type":"Feature","geometry":{"type":"Point","coordinates":[16.61526431180322,49.21220445774779]},"properties":{"city":"Brno","population":320000,"capital":"","tier":1}},{"type":"Feature","geometry":{"type":"Point","coordinates":[142.76588679607877,47.34748876607449]},"properties":{"city":"Dolinsk","population":152700,"capital":"","tier":1}},{"type":"Feature","geometry":{"type":"Point","coordinates":[-65.775794898348,-28.480920719343395]},"properties":{"city":"Catamarca","population":320000,"capital":"","tier":1}},{"type":"Feature","geometry":{"type":"Point","coordinates":[73.35437484428363,55.05445720506404]},"properties":{"city":"Omsk","population":893000,"capital":"","tier":2}},{"type":"Feature","geometry":{"type":"Point","coordinates":[2.477625173235006,27.19844652107541]},"properties":{"city":"In Salah","population":217600,"capital":"","tier":1}},{"type":"Feature","geometry":{"type":"Point","coordinates":[-93.76141431284822,32.49517845443343]},"properties":{"city":"Shreveport","population":297300,"capital":"","tier":1}},{"type":"Feature","geometry":{"type":"Point","coordinates":[-75.2215322600979,39.963876129312325]},"properties":{"city":"Philadelphia","population":917100,"capital":"","tier":2}},{"type":"Feature","geometry":{"type":"Point","coordinates":[20.909545814760783,44.623273584306986]},"properties":{"city":"Smederevo","population":123600,"capital":"","tier":1}},{"type":"Feature","geometry":{"type":"Point","coordinates":[22.46847479012838,13.501177801456777]},"properties":{"city":"El Geneina","population":320000,"capital":"","tier":1}},{"type":"Feature","geometry":{"type":"Point","coordinates":[176.1606967805843,-37.68669924099219]},"properties":{"city":"Tauranga","population":47700,"capital":"","tier":1}},{"type":"Feature","geometry":{"type":"Point","coordinates":[40.94615276544899,14.678426157808786]},"properties":{"city":"Tiyo","population":259500,"capital":"","tier":1}},{"type":"Feature","geometry":{"type":"Point","coordinates":[13.095139991135389,55.58466179214159]},"properties":{"city":"Malmo","population":1291900,"capital":"","tier":2}},{"type":"Feature","geometry":{"type":"Point","coordinates":[25.386649124512545,41.14200124093574]},"properties":{"city":"Komotini","population":88000,"capital":"","tier":1}},{"type":"Feature","geometry":{"type":"Point","coordinates":[19.696676373357306,3.266327653174713]},"properties":{"city":"Gemena","population":320000,"capital":"","tier":1}},{"type":"Feature","geometry":{"type":"Point","coordinates":[16.35074356385067,48.20233077702042]},"properties":{"city":"Wien","population":969000,"capital":"primary","tier":3}},{"type":"Feature","geometry":{"type":"Point","coordinates":[21.037325558940545,52.23201886442561]},"properties":{"city":"Warszawa","population":3157900,"capital":"primary","tier":3}},{"type":"Feature","geometry":{"type":"Point","coordinates":[37.59634942588317,55.77935086839915]},"properties":{"city":"Moskva","population":7386800,"capital":"primary","tier":3}},{"type":"Feature","geometry":{"type":"Point","coordinates":[-6.257512256722098,53.35482358374324]},"properties":{"city":"Áth Cliath","population":713300,"capital":"primary","tier":3}},{"type":"Feature","geometry":{"type":"Point","coordinates":[24.088303962612596,56.95901464964007]},"properties":{"city":"Rīga","population":701000,"capital":"primary","tier":3}},{"type":"Feature","geometry":{"type":"Point","coordinates":[12.531820658527081,55.68713317629292]},"properties":{"city":"København","population":18000,"capital":"primary","tier":3}},{"type":"Feature","geometry":{"type":"Point","coordinates":[14.44425234205481,50.08023497810399]},"properties":{"city":"Praha","population":1104500,"capital":"primary","tier":3}},{"type":"Feature","geometry":{"type":"Point","coordinates":[30.465351283162477,50.457209745927]},"properties":{"city":"Kyyiv","population":3617700,"capital":"primary","tier":3}},{"type":"Feature","geometry":{"type":"Point","coordinates":[26.083157272254592,44.45109871081195]},"properties":{"city":"Bucureşti","population":2136900,"capital":"primary","tier":3}},{"type":"Feature","geometry":{"type":"Point","coordinates":[12.537906445811585,41.84641783306253]},"properties":{"city":"Roma","population":2724600,"capital":"primary","tier":3}},{"type":"Feature","geometry":{"type":"Point","coordinates":[28.845354799808803,47.03553259356059]},"properties":{"city":"Chişinău","population":734200,"capital":"primary","tier":3}},{"type":"Feature","geometry":{"type":"Point","coordinates":[23.335369663584988,42.76816224708318]},"properties":{"city":"Sofiya","population":750600,"capital":"primary","tier":3}},{"type":"Feature","geometry":{"type":"Point","coordinates":[19.792173065769607,41.32413878433027]},"properties":{"city":"Tiranë","population":670000,"capital":"primary","tier":3}},{"type":"Feature","geometry":{"type":"Point","coordinates":[14.508606529825833,46.05635812638499]},"properties":{"city":"Ljubljani","population":383600,"capital":"primary","tier":3}},{"type":"Feature","geometry":{"type":"Point","coordinates":[20.421075907217368,44.829394804986975]},"properties":{"city":"Beograd","population":710600,"capital":"primary","tier":3}},{"type":"Feature","geometry":{"type":"Point","coordinates":[-77.04230319536171,38.89249783754042]},"properties":{"city":"Washington D.C.","population":4975900,"capital":"primary","tier":3}},{"type":"Feature","geometry":{"type":"Point","coordinates":[21.157267979214947,55.70403680498836]},"properties":{"city":"Klaipeda","population":175600,"capital":"","tier":1}},{"type":"Feature","geometry":{"type":"Point","coordinates":[-91.59813662034986,44.80558580943506]},"properties":{"city":"Folk Valley","population":320000,"capital":"","tier":1}}]}